CASE_ID,ACCIDENT_YEAR,PROC_DATE,JURIS,COLLISION_DATE,COLLISION_TIME,OFFICER_ID,REPORTING_DISTRICT,DAY_OF_WEEK,CHP_SHIFT,POPULATION,CNTY_CITY_LOC,SPECIAL_COND,BEAT_TYPE,CHP_BEAT_TYPE,CITY_DIVISION_LAPD,CHP_BEAT_CLASS,BEAT_NUMBER,PRIMARY_RD,SECONDARY_RD,DISTANCE,DIRECTION,INTERSECTION,WEATHER_1,WEATHER_2,STATE_HWY_IND,CALTRANS_COUNTY,CALTRANS_DISTRICT,STATE_ROUTE,ROUTE_SUFFIX,POSTMILE_PREFIX,POSTMILE,LOCATION_TYPE,RAMP_INTERSECTION,SIDE_OF_HWY,TOW_AWAY,COLLISION_SEVERITY,NUMBER_KILLED,NUMBER_INJURED,PARTY_COUNT,PRIMARY_COLL_FACTOR,PCF_CODE_OF_VIOL,PCF_VIOL_CATEGORY,PCF_VIOLATION,PCF_VIOL_SUBSECTION,HIT_AND_RUN,TYPE_OF_COLLISION,MVIW,PED_ACTION,ROAD_SURFACE,ROAD_COND_1,ROAD_COND_2,LIGHTING,CONTROL_DEVICE,CHP_ROAD_TYPE,PEDESTRIAN_ACCIDENT,BICYCLE_ACCIDENT,MOTORCYCLE_ACCIDENT,TRUCK_ACCIDENT,NOT_PRIVATE_PROPERTY,ALCOHOL_INVOLVED,STWD_VEHTYPE_AT_FAULT,CHP_VEHTYPE_AT_FAULT,COUNT_SEVERE_INJ,COUNT_VISIBLE_INJ,COUNT_COMPLAINT_PAIN,COUNT_PED_KILLED,COUNT_PED_INJURED,COUNT_BICYCLIST_KILLED,COUNT_BICYCLIST_INJURED,COUNT_MC_KILLED,COUNT_MC_INJURED,PRIMARY_RAMP,SECONDARY_RAMP,LATITUDE,LONGITUDE,COUNTY,CITY,POINT_X,POINT_Y
6432272,2014,2016-01-05,9350,2014-03-29,0830,017201,,6,1,5,2109,0,1,2,,1,060,"RT 101","SAN RAFAEL VIADUCT",535.00,N,N,B,C,Y,MRN,4,101,-,-,11.230,H,-,S,Y,4,0,1,1,A,-,03,22350,,N,E,I,A,B,H,-,A,D,4,,,,,Y,,A,01,0,0,1,0,0,0,0,0,0,"- ","- ",37.970610000000001,-122.5219,MARIN,"SAN RAFAEL",-122.52083534,37.975715020000003
6432276,2014,2016-01-05,9350,2014-03-29,0800,019166,,6,1,5,2109,0,1,2,,2,050,"RT 101","ANDERSON DR",20.00,S,N,B,C,Y,MRN,4,101,-,-,9.730,H,-,S,N,4,0,1,1,A,-,03,22350,,N,E,I,A,B,H,-,A,D,1,,,,,Y,,A,01,0,0,1,0,0,0,0,0,0,"- ","- ",37.957120000000003,-122.50897999999999,MARIN,"SAN RAFAEL",-122.50938044999999,37.958669810000004
6432280,2014,2014-06-26,9350,2014-03-29,0720,017201,,6,1,9,2100,0,3,5,,2,003,"EAST SIR FRANCIS DRAKE BL","DRAKES COVE",395.00,E,N,B,C,N,,,,,,,,,,Y,4,0,2,1,A,-,08,22107,,N,E,I,A,B,H,-,A,D,0,,,,,Y,,A,07,0,0,2,0,0,0,0,0,0,"- ","- ",37.943089999999998,-122.50163000000001,MARIN,UNINCORPORATED,-122.50167295999999,37.943121599999998
6432284,2014,2016-02-24,9350,2014-03-29,0755,017201,,6,1,5,2109,0,1,1,,1,015,"RT 580","SIR FRANCIS DRAKE BL",1500.00,W,N,B,C,Y,MRN,4,580,-,-,3.570,H,-,W,Y,3,0,1,1,A,-,03,22350,,N,E,I,A,B,H,-,A,D,1,,,,,Y,,A,01,0,1,0,0,0,0,0,0,0,"- ","- ",37.952629999999999,-122.4975,MARIN,"SAN RAFAEL",-122.49453701,37.949811910000001
6432288,2014,2016-01-05,9350,2014-03-26,1112,017978,,3,1,9,2100,0,1,2,,1,030,"RT 101","WALDO TUNNEL",250.00,S,N,B,-,Y,MRN,4,101,-,-,0.840,H,-,S,Y,4,0,1,1,A,-,03,22350,,N,E,I,A,B,H,-,A,D,1,,,,,Y,,A,01,0,0,1,0,0,0,0,0,0,"- ","- ",37.834739999999996,-122.48484999999999,MARIN,UNINCORPORATED,-122.48584749,37.842501910000003
6432292,2014,2014-06-26,9350,2014-03-22,1815,020017,,6,2,9,2100,0,2,4,,1,044,"SIR FRANCIS DRAKE BL","PLATFORM BRIDGE RD",2640.00,W,N,A,-,N,,,,,,,,,,Y,4,0,1,1,A,-,08,22107,,N,E,I,A,A,H,-,A,D,0,,,Y,,Y,,C,02,0,0,1,0,0,0,0,0,1,"- ","- ",,,MARIN,UNINCORPORATED,-122.76747819000001,38.04765562
6432386,2014,2015-11-20,9350,2014-03-22,1620,019102,,6,2,9,2100,0,1,2,,1,080,"RT 101","REDWOOD HIGHWAY LANDFILL",1320.00,N,N,A,-,Y,MRN,4,101,-,-,25.690,H,-,N,Y,4,0,3,3,A,-,03,22350,,N,C,C,A,A,H,-,A,D,0,,,,,Y,,A,01,0,0,3,0,0,0,0,0,0,"- ","- ",38.170479999999998,-122.58553999999999,MARIN,UNINCORPORATED,-122.57697449,38.164530200000002
6432390,2014,2016-01-05,9350,2014-03-25,2030,015953,,2,2,5,2109,0,1,2,,1,060,"RT 101","LINCOLN AV",350.00,N,N,B,-,Y,MRN,4,101,-,-,12.270,H,-,S,N,4,0,2,1,A,-,08,22107,,N,E,I,A,A,H,-,C,D,1,,,,,Y,,A,01,0,0,2,0,0,0,0,0,0,"- ","- ",37.989550000000001,-122.52853,MARIN,"SAN RAFAEL",-122.52805364,37.98918819
6433026,2014,2014-06-30,2105,2014-03-23,1121,MV6219,MV1,7,5,3,2105,0,0,0,,0,MV1,"REDWOOD HWY FRNTG RD","HAMILTON DR",1500.00,S,N,A,-,N,,,,,,,,,,Y,4,0,1,3,A,-,03,22350,,N,B,E,A,A,H,-,A,D,0,,,,,Y,,A,01,0,0,1,0,0,0,0,0,0,"- ","- ",,,MARIN,"MILL VALLEY",-122.51715660000001,37.887880850000002
6433897,2014,2014-07-17,2105,2014-04-11,2057,MV6202,MV9,5,5,3,2105,0,0,0,,0,MV1,"MILLER AV","MILLWOOD ST",0.00,,Y,A,-,N,,,,,,,,,,Y,4,0,2,2,A,-,09,21802,A,N,D,C,A,A,H,-,C,D,0,,,,,Y,,A,01,0,0,2,0,0,0,0,0,0,"- ","- ",,,MARIN,"MILL VALLEY",-122.54341995999999,37.90311999
6435961,2014,2014-07-07,2109,2014-03-25,1514,364,57,2,5,5,2109,0,0,0,,0,005,"LOS RANCHITOS RD","GOLDEN HINDE BL",515.00,S,N,B,-,N,,,,,,,,,,Y,4,0,1,3,A,-,05,21650,,N,B,C,A,A,H,-,A,D,0,,,,Y,Y,,A,01,0,0,1,0,0,0,0,0,0,"- ","- ",,,MARIN,"SAN RAFAEL",-122.54114061999999,37.996930800000001
6435997,2014,2014-07-07,2109,2014-03-23,0954,579,36,7,5,5,2109,0,0,0,,0,,"LOVELL AV","JORDAN ST",18.00,W,N,A,-,N,,,,,,,,,,Y,4,0,1,3,A,-,03,22350,,N,F,E,A,A,H,-,A,D,0,,,,,Y,,A,01,0,0,1,0,0,0,0,0,0,"- ","- ",37.964359999999999,-122.52373,MARIN,"SAN RAFAEL",-122.52353228,37.964516230000001
6439260,2014,2014-06-30,2117,2014-01-29,1039,039,2,3,5,2,2102,0,0,0,,0,001,"REDWOOD HWY","SAN CLEMENTE DR",0.00,,Y,A,-,N,,,,,,,,,,Y,4,0,1,2,A,-,03,22350,,N,C,C,A,A,H,-,A,A,0,,,,Y,Y,,F,26,0,0,1,0,0,0,0,0,0,"- ","- ",,,MARIN,"CORTE MADERA",-122.51198988,37.927319990000001
6440151,2014,2014-06-11,2103,2014-01-04,1410,104,DNTN,6,5,2,2103,0,0,0,,0,PAT,"BOLINAS RD","ELSIE LN",86.00,S,N,A,-,N,,,,,,,,,,Y,4,0,1,2,A,-,17,22517,,N,B,C,A,A,H,-,A,D,0,,,,,Y,,A,01,0,0,1,0,0,0,0,0,0,"- ","- ",,,MARIN,FAIRFAX,-122.58967962,37.985643840000002
6440155,2014,2014-06-11,2103,2014-01-13,1016,95,DNTN,1,5,2,2103,0,0,0,,0,PAT,BROADWAY,"BOLINAS RD",27.00,E,N,A,-,N,,,,,,,,,,N,2,0,1,2,A,-,09,21804,A,N,H,G,A,A,H,-,A,A,0,,Y,,,Y,,L,04,1,0,0,0,0,0,1,0,0,"- ","- ",,,MARIN,FAIRFAX,-122.58879696,37.987041089999998
6440360,2014,2014-06-23,2103,2014-03-01,1651,090,MARND,6,5,2,2103,0,0,0,,0,,"SIR FRANCIS DRAKE BL","MARINDA AV",193.00,E,N,A,-,N,,,,,,,,,,N,4,0,1,2,A,-,03,22350,,N,C,C,A,A,H,-,A,A,0,,,,,Y,,A,01,0,0,1,0,0,0,0,0,0,"- ","- ",,,MARIN,FAIRFAX,-122.59166695,37.99008662
6444971,2014,2014-07-23,2109,2014-04-07,1526,476,46,1,5,5,2109,0,0,0,,0,006,"MANUEL T FREITAS PKWY","DEL PRESIDIO BL",0.00,,Y,A,-,N,,,,,,,,,,N,4,0,1,3,A,-,04,21703,,N,C,C,A,A,H,-,A,A,0,,,,,Y,,A,01,0,0,1,0,0,0,0,0,0,"- ","- ",,,MARIN,"SAN RAFAEL",-122.54391991,38.007289970000002
6445082,2014,2014-07-18,9350,2014-04-01,0855,20731,,2,1,9,2100,0,3,5,,2,006,"WOODLAND AV","AUBURN ST",30.00,E,N,B,-,N,,,,,,,,,,Y,4,0,3,2,A,-,05,21460,A,N,A,C,A,B,H,-,A,D,0,,,,,Y,,A,01,0,0,3,0,0,0,0,0,0,"- ","- ",37.959589999999999,-122.51166000000001,MARIN,UNINCORPORATED,-122.5118173,37.959824840000003
6445169,2014,2016-01-05,9350,2014-03-29,1500,013450,,6,2,9,2100,0,1,2,,1,030,"US 101","WALDO TUNNEL",528.00,S,N,B,-,Y,MRN,4,101,-,-,0.790,H,-,S,N,4,0,2,1,A,-,08,22107,,N,E,I,A,B,H,-,A,D,1,,,,,Y,,A,01,0,0,2,0,0,0,0,0,0,"- ","- ",,,MARIN,UNINCORPORATED,-122.48592017999999,37.841777329999999
6445173,2014,2016-02-24,9350,2014-03-31,1745,019875,,1,2,9,2100,0,1,1,,1,015,"RT 580","MAIN ST",1056.00,E,N,B,-,Y,MRN,4,580,-,-,2.430,H,-,E,N,4,0,1,2,A,-,03,22350,,N,C,C,A,B,H,-,A,D,4,,,,,Y,,A,07,0,0,1,0,0,0,0,0,0,"- ","- ",37.942259999999997,-122.47662,MARIN,UNINCORPORATED,-122.47673989,37.94235312
6445769,2014,2014-07-09,2117,2014-01-30,1058,026,1B,4,5,3,2104,0,0,0,,0,003,"BARRY WY","DRAKES LANDING RD",50.00,N,N,A,-,N,,,,,,,,,,N,4,0,1,2,A,-,03,22350,,N,C,C,A,A,H,-,A,A,0,,,,,Y,,A,01,0,0,1,0,0,0,0,0,0,"- ","- ",37.946379999999998,-122.52609,MARIN,LARKSPUR,-122.52098731,37.945178460000001
6445773,2014,2014-06-13,2117,2014-01-23,0836,039,1,4,5,3,2104,0,0,0,,0,002,"DOHERTY DR","LUCKY DR",0.00,,Y,A,-,N,,,,,,,,,,N,3,0,1,2,A,-,21,22106,,F,G,B,B,A,H,-,A,A,0,Y,,,,Y,,A,07,0,1,0,0,1,0,0,0,0,"- ","- ",,,MARIN,LARKSPUR,-122.5214799,37.937429889999997
6445777,2014,2014-06-13,2117,2014-01-11,1136,031,1C,6,5,3,2104,0,0,0,,0,003,"EAST SIR FRANCIS DRAKE BL","LARKSPUR LANDING CIR",0.00,,Y,B,-,N,,,,,,,,,,N,4,0,1,2,A,-,04,21703,,N,C,C,A,A,H,-,A,A,0,,,,,Y,,A,07,0,0,1,0,0,0,0,0,0,"- ","- ",,,MARIN,LARKSPUR,-122.51152999,37.945769890000001
6445781,2014,2014-06-13,2117,2014-01-12,1434,040,1,7,5,3,2104,0,0,0,,0,002,"MAGNOLIA AV","CANE ST",5.00,S,N,A,-,N,,,,,,,,,,N,3,0,1,1,A,-,09,21804,A,N,H,A,A,A,H,-,A,A,0,,,Y,,Y,Y,C,02,0,1,0,0,0,0,0,0,1,"- ","- ",,,MARIN,LARKSPUR,-122.53545382999999,37.9351366
6445785,2014,2014-06-13,2117,2014-01-23,1102,036,3,4,5,3,2108,0,0,0,,0,004,"GREENFIELD AV","SPRING GROVE AV",262.00,E,N,A,-,N,,,,,,,,,,N,3,0,1,2,A,-,11,21954,A,N,G,B,D,A,H,-,A,D,0,Y,,,,Y,,N,60,0,1,0,0,1,0,0,0,0,"- ","- ",,,MARIN,"SAN ANSELMO",-122.55630153,37.976220320000003
6445789,2014,2014-06-16,2117,2014-01-17,0843,039,1C,5,5,3,2104,0,0,0,,0,003,"EAST SIR FRANCIS DRAKE BL","DRAKES COVE RD",600.00,W,N,A,-,N,,,,,,,,,,N,4,0,1,3,A,-,03,22350,,N,C,C,A,A,H,-,A,D,0,,,,,Y,,A,01,0,0,1,0,0,0,0,0,0,"- ","- ",37.946550000000002,-122.49991,MARIN,LARKSPUR,-122.50444091999999,37.944253000000003
6447595,2014,2014-07-14,2109,2014-04-09,0813,531,41,3,5,5,2109,0,0,0,,0,003,"BELLAM BL","ANDERSON DR",521.00,N,N,A,-,N,,,,,,,,,,Y,4,0,1,2,A,-,08,22107,,N,B,C,A,A,H,-,A,D,0,,,,,Y,,D,22,0,0,1,0,0,0,0,0,0,"- ","- ",,,MARIN,"SAN RAFAEL",-122.50698714000001,37.958991140000002
6447633,2014,2016-04-13,9350,2014-04-10,0917,019651,,4,1,9,2100,0,1,2,,1,060,"RT 101","FORBES RR",50.00,N,N,B,-,Y,MRN,4,101,-,-,13.290,H,-,S,N,4,0,1,2,A,-,03,22350,,N,C,C,A,A,H,-,A,D,1,,,,,Y,,D,22,0,0,1,0,0,0,0,0,0,"- ","- ",38.001170000000002,-122.53784,MARIN,UNINCORPORATED,-122.5378655,38.001693000000003
6447645,2014,2016-04-13,9350,2014-04-11,1435,019216,,5,2,9,2100,0,1,2,,1,080,"RT 101","SAN ANTONIO RD",2640.00,S,N,A,-,Y,MRN,4,101,-,-,26.400,H,-,N,N,4,0,1,2,A,-,03,22350,,N,C,C,A,A,H,-,A,D,0,,,,,Y,,A,07,0,0,1,0,0,0,0,0,0,"- ","- ",38.172029999999999,-122.58768000000001,MARIN,UNINCORPORATED,-122.58713477000001,38.171517340000001
6447810,2014,2014-07-15,2105,2014-04-10,1630,MV6217,MV30,4,5,3,2105,0,0,0,,0,MV2,"MILLER AV","ALMONTE BL",725.00,N,N,A,-,N,,,,,,,,,,N,3,0,1,2,A,-,03,22350,,N,B,G,A,A,H,-,A,D,0,,Y,,,Y,,-,,0,1,0,0,0,0,1,0,0,"- ","- ",,,MARIN,"MILL VALLEY",-122.52520776,37.88931745
6447999,2014,2016-04-13,9350,2014-04-11,1018,017450,,5,1,2,2102,0,1,2,,2,050,"RT 101","TAMALPAIS DR",5280.00,S,N,A,-,Y,MRN,4,101,-,-,6.370,H,-,N,N,4,0,1,2,A,-,07,21658,A,F,B,C,A,A,H,-,A,D,1,,,,,Y,,A,07,0,0,1,0,0,0,0,0,0,"- ","- ",37.921030000000002,-122.51178,MARIN,"CORTE MADERA",-122.51252885,37.912270569999997
6448209,2014,2015-10-23,9350,2014-04-09,1225,16274,,3,1,9,2100,0,2,4,,2,024,"SIR FRANCIS DRAKE BL","TOUSSIN AV",0.00,,Y,A,-,N,,,,,,,,,,Y,3,0,2,2,A,-,03,22350,,N,C,C,A,A,H,-,A,D,0,,,,,Y,,A,07,0,1,1,0,0,0,0,0,0,"- ","- ",37.958469999999998,-122.55131,MARIN,UNINCORPORATED,-122.55128985,37.958429889999998
6448213,2014,2016-04-12,9350,2014-04-08,1315,20731,,2,1,9,2100,0,1,3,,2,013,"RT 131","NORTH KNOLL RD",0.00,,Y,A,-,Y,MRN,4,131,-,-,0.247,I,5,W,Y,3,0,2,2,A,-,09,21802,A,N,D,C,A,A,H,-,A,A,0,,,,,Y,,A,01,0,2,0,0,0,0,0,0,0,"- ","- ",37.902520000000003,-122.51090000000001,MARIN,UNINCORPORATED,-122.51131599,37.902225090000002
6448217,2014,2016-04-13,9350,2014-04-08,1828,19352,,2,2,9,2100,0,1,2,,2,040,"RT 101","POHONO ST",490.00,S,N,A,-,Y,MRN,4,101,-,-,3.857,R,2,N,Y,3,0,1,2,A,-,03,22350,,N,C,C,A,A,H,-,A,D,1,,,,,Y,Y,A,01,0,1,0,0,0,0,0,0,0,NF,"- ",37.878010000000003,-122.51306,MARIN,UNINCORPORATED,-122.51279717,37.877538360000003
6448221,2014,2016-04-13,9350,2014-04-10,1725,17201,,4,2,4,2106,0,1,2,,1,080,"RT 101","DE LONG AV",256.00,N,N,A,-,Y,MRN,4,101,-,R,21.160,H,-,N,Y,3,0,3,3,A,-,03,22350,,N,C,C,A,A,H,-,A,D,1,,,,,Y,,A,01,0,2,1,0,0,0,0,0,0,"- ","- ",38.10577,-122.5624,MARIN,NOVATO,-122.56233356,38.105704899999999
6448225,2014,2016-04-13,9350,2014-04-11,0630,19651,,5,1,9,2100,0,1,2,,2,050,"RT 101","TAMALPAIS DR",1506.00,S,N,B,-,Y,MRN,4,101,-,-,7.070,H,-,S,N,3,0,1,1,A,-,03,22350,,N,F,A,A,A,H,-,A,D,1,,Y,,,Y,,L,04,0,1,0,0,0,0,1,0,0,"- ","- ",,,MARIN,UNINCORPORATED,-122.51264825,37.922081040000002
6448229,2014,2014-07-17,9350,2014-04-10,1810,17450,,4,2,9,2100,0,3,5,,2,006,"NICASIO VALLEY RD","SIR FRANCIS DRAKE BL",4224.00,N,N,A,-,N,,,,,,,,,,Y,2,0,1,1,A,-,03,22350,,N,F,A,A,A,H,-,A,D,0,,,Y,,Y,,C,02,1,0,0,0,0,0,0,0,1,"- ","- ",38.025320000000001,-122.66479,MARIN,UNINCORPORATED,-122.66315154999999,38.022258729999997
6448233,2014,2014-07-17,9350,2014-04-05,0313,19720,,6,3,9,2100,0,1,3,,1,012,"TENNESSEE VALLEY RD","RT 1",1056.00,W,N,A,-,N,,,,,,,,,,Y,3,0,1,1,A,-,01,23152,A,N,F,I,A,A,H,-,D,D,0,,,,,Y,Y,A,01,0,1,0,0,0,0,0,0,0,"- ","- ",37.87838,-122.52329,MARIN,UNINCORPORATED,-122.52425805999999,37.877709930000002
6448235,2014,2014-07-21,2109,2014-04-10,2151,583,21,4,5,5,2109,0,0,0,,0,003,"CANAL ST","AMALFI PL",50.00,W,N,A,-,N,,,,,,,,,,Y,4,0,1,2,A,-,01,23152,A,F,C,C,A,A,H,-,C,D,0,,,,,Y,Y,A,08,0,0,1,0,0,0,0,0,0,"- ","- ",,,MARIN,"SAN RAFAEL",-122.50141727,37.967693509999997
6448237,2014,2014-07-17,9350,2014-04-06,1048,19777,,7,1,9,2100,0,2,4,,2,024,"SIR FRANCIS DRAKE BL","LAUREL GROVE AV",30.00,W,N,A,-,N,,,,,,,,,,Y,4,0,4,3,A,-,03,22350,,N,C,C,A,A,H,-,A,D,0,,,,,Y,,A,07,0,0,4,0,0,0,0,0,0,"- ","- ",37.95355,-122.54073,MARIN,UNINCORPORATED,-122.55646685000001,37.963429040000001
6448291,2014,2015-12-14,2105,2014-04-18,0954,MV6217,MV30,5,5,3,2105,0,0,0,,0,MV2,"CAMINO ALTO","EAST BLITHEDALE AV",392.00,S,N,A,-,N,,,,,,,,,,Y,4,0,1,3,A,-,09,21804,A,N,B,C,A,A,H,-,A,A,0,,,Y,,Y,,A,01,0,0,1,0,0,0,0,0,0,"- ","- ",,,MARIN,"MILL VALLEY",-122.52914871999999,37.899415910000002
6448675,2014,2015-02-25,2109,2014-03-21,0751,582,15,5,5,5,2109,0,0,0,,0,,"MISSION AV","HETHERTON ST",12.00,W,N,A,-,N,,,101,,,,,,,N,4,0,1,2,A,-,11,21954,A,N,A,B,B,A,H,-,A,A,0,Y,,,,Y,,A,01,0,0,1,0,1,0,0,0,0,"- ","- ",37.974110000000003,-122.52173999999999,MARIN,"SAN RAFAEL",-122.52123897,37.973953909999999
6448936,2014,2014-07-17,2109,2014-03-26,1100,513,16,3,5,5,2109,0,0,0,,0,002,"2ND ST","LINCOLN AV",75.00,E,N,B,-,N,,,,,,,,,,N,4,0,2,2,A,-,03,22350,,N,C,C,A,A,H,-,A,D,0,,,,,Y,,-,,0,0,2,0,0,0,0,0,0,"- ","- ",37.970640000000003,-122.52369,MARIN,"SAN RAFAEL",-122.52404162000001,37.970725219999999
6448937,2014,2016-03-05,2109,2014-03-30,1906,583,26,7,5,5,2109,0,0,0,,0,004,"IRWIN ST","MISSION ST",0.00,,Y,A,-,Y,MRN,4,101,-,-,11.200,R,4,N,Y,3,0,2,2,A,-,12,21453,A,N,D,C,A,A,H,-,B,A,0,,,,,Y,,A,01,0,1,1,0,0,0,0,0,0,"- ","- ",37.973669999999998,-122.51989,MARIN,"SAN RAFAEL",-122.52065072000001,37.975338630000003
6448938,2014,2014-07-17,2109,2014-03-25,1812,370,25,2,5,5,2109,0,0,0,,0,004,"ELM ST","GRAND AV",0.00,,Y,A,-,N,,,,,,,,,,N,3,0,1,2,A,-,09,21802,A,N,H,G,A,A,H,-,A,A,0,,Y,,,Y,,A,01,0,1,0,0,0,0,1,0,0,"- ","- ",37.978610000000003,-122.52229,MARIN,"SAN RAFAEL",-122.52096997,37.982469989999998
6450121,2014,2016-01-05,9350,2014-03-21,1910,19720,,5,2,9,2100,0,1,2,,2,070,"RT 101","ALAMEDA DEL PRADO",418.00,S,N,A,-,Y,MRN,4,101,-,-,16.560,H,-,S,Y,3,0,2,1,A,-,08,22107,,N,E,I,A,A,H,-,B,D,1,,,,,Y,,A,01,0,1,1,0,0,0,0,0,0,"- ","- ",38.046990000000001,-122.53299,MARIN,UNINCORPORATED,-122.53306406,38.047160079999998
6450662,2014,2015-12-07,9350,2014-04-06,1031,10000,,7,1,9,2100,0,1,3,,2,022,"FAIRFAX BOLINAS RD","RT 1",300.00,E,N,A,-,N,,,,,,,,,,N,4,0,1,2,A,-,03,22350,,F,A,C,A,A,H,-,A,D,0,,,Y,,Y,,A,01,0,0,1,0,0,0,0,0,1,"- ","- ",,,MARIN,UNINCORPORATED,-122.69664913,37.935235489999997
6452824,2014,2016-04-13,9350,2014-04-23,1615,013775,,3,2,4,2106,0,1,2,,1,080,"RT 101","DE LONG AV",1584.00,N,N,A,-,Y,MRN,4,101,-,R,21.410,H,-,N,Y,4,0,2,2,A,-,03,22350,,N,C,C,A,A,H,-,A,D,1,,,,,Y,,A,01,0,0,2,0,0,0,0,0,0,"- ","- ",38.109250000000003,-122.56367,MARIN,NOVATO,-122.56351109000001,38.10920342
6452825,2014,2014-07-10,9350,2014-04-23,0200,015964,,3,3,9,2100,0,3,5,,2,002,"MESA RD","EVERGREEN RD",1056.00,W,N,A,-,N,,,,,,,,,,Y,2,0,1,1,A,-,08,22107,,N,E,I,A,A,H,-,D,D,0,,,,,Y,,A,07,1,0,0,0,0,0,0,0,0,"- ","- ",37.906840000000003,-122.70628000000001,MARIN,UNINCORPORATED,-122.70625883,37.909342879999997
6452826,2014,2016-04-13,9350,2014-04-22,1810,013346,,2,2,9,2100,0,1,2,,2,050,"RT 101","GREENBRAE PED",130.00,N,N,B,-,Y,MRN,4,101,-,-,8.310,H,-,N,N,4,0,1,3,A,-,03,22350,,N,C,C,A,A,H,-,A,D,3,,,,,Y,,A,01,0,0,1,0,0,0,0,0,0,"- ","- ",37.939369999999997,-122.51616,MARIN,UNINCORPORATED,-122.51613906999999,37.939478829999999
6452827,2014,2016-04-13,9350,2014-04-21,2025,019703,,1,2,9,2100,0,1,2,,2,050,"RT 101","WORNUM DR",450.00,S,N,A,-,Y,MRN,4,101,-,-,7.930,H,-,S,Y,4,0,2,2,A,-,03,22350,,N,C,C,A,A,H,-,D,D,1,,,,,Y,,A,01,0,0,2,0,0,0,0,0,0,"- ","- ",37.935450000000003,-122.51690000000001,MARIN,UNINCORPORATED,-122.5165949,37.934116490000001
6452829,2014,2016-04-13,9350,2014-04-16,1634,020731,,3,2,9,2100,0,1,2,,2,070,"RT 101","MILLER CREEK RD",1090.00,N,N,A,-,Y,MRN,4,101,-,-,15.780,H,-,S,N,3,0,1,1,A,-,01,23152,A,N,E,I,A,A,H,-,A,D,1,,,,,Y,Y,A,07,0,1,0,0,0,0,0,0,0,"- ","- ",38.03519,-122.53731000000001,MARIN,UNINCORPORATED,-122.53669681,38.036670379999997
6453528,2014,2014-07-28,9350,2014-05-21,1350,19875,,3,1,9,2100,0,3,5,,2,003,"ALEXANDER AV","BUNKER RD",70.00,W,N,A,-,N,,,,,,,,,,N,3,0,1,1,A,-,03,22350,,N,F,A,A,A,H,-,A,D,0,,Y,,,Y,,L,04,0,1,0,0,0,0,1,0,0,"- ","- ",37.837519999999998,-122.48298,MARIN,UNINCORPORATED,-122.48302,37.837859999999999
6453532,2014,2016-04-13,9350,2014-05-13,1213,13775,,2,1,5,2109,0,1,1,,1,015,"RT 101","HARBOR ST",247.00,S,N,A,-,Y,MRN,4,101,-,-,10.080,H,-,S,Y,4,0,1,2,A,-,08,22107,,N,E,I,A,A,H,-,A,A,1,,,,,Y,,A,01,0,0,1,0,0,0,0,0,0,TO,"- ",37.964640000000003,-122.51408000000001,MARIN,"SAN RAFAEL",-122.51188979,37.963436059999999
6453535,2014,2016-04-13,9350,2014-05-10,1830,20764,,6,2,9,2100,0,1,2,,1,080,"RT 101","LANDFILL ACCESS RD",5280.00,S,N,A,-,Y,MRN,4,101,-,-,24.500,H,-,N,N,4,0,1,2,A,-,03,22350,,N,C,C,A,A,H,-,A,D,0,,,,,Y,,A,01,0,0,1,0,0,0,0,0,0,"- ","- ",38.150120000000001,-122.56643,MARIN,UNINCORPORATED,-122.56644946,38.15051545
6453539,2014,2014-07-28,9350,2014-05-12,1720,19775,,1,2,9,2100,0,3,5,,2,003,"ALEXANDER AV","BUNKER RD",72.00,W,N,A,-,N,,,,,,,,,,N,4,0,1,1,A,-,03,22350,,N,F,A,A,A,H,-,A,D,0,,Y,,,Y,,L,04,0,0,1,0,0,0,1,0,0,"- ","- ",37.837519999999998,-122.48298,MARIN,UNINCORPORATED,-122.48302,37.837859999999999
6453540,2014,2016-04-13,9350,2014-05-09,1520,16533,,5,2,9,2100,0,1,2,,1,080,"RT 101","REDWOOD SANITARY LANDFILL",200.00,S,N,A,-,Y,MRN,4,101,-,-,25.400,H,-,N,Y,3,0,3,2,A,-,03,22350,,N,C,C,A,A,H,-,A,D,0,,,,,Y,,A,07,0,1,2,0,0,0,0,0,0,"- ","- ",,,MARIN,UNINCORPORATED,-122.57307127999999,38.161589560000003
6453543,2014,2016-04-13,9350,2014-05-10,1440,16533,,6,2,4,2106,0,1,2,,1,080,"RT 101","SOUTHERN PACIFIC RR",100.00,N,N,A,-,Y,MRN,4,101,-,-,22.370,H,-,N,N,4,0,1,2,A,-,03,22350,,N,C,C,A,A,H,-,A,D,1,,,,,Y,,A,07,0,0,1,0,0,0,0,0,0,"- ","- ",,,MARIN,NOVATO,-122.56551227999999,38.121163959999997
6453544,2014,2014-07-28,9350,2014-05-02,1450,13450,,5,2,9,2100,0,3,5,,2,003,"ALEXANDER AV","BUNKER RD",150.00,S,N,A,-,N,,,,,,,,,,N,3,0,1,1,B,-,22,,,N,F,A,A,A,H,-,A,D,0,,Y,,,Y,,L,04,0,1,0,0,0,0,1,0,0,"- ","- ",37.837449999999997,-122.49303,MARIN,UNINCORPORATED,-122.48301019,37.837448000000002
6453547,2014,2016-04-13,9350,2014-05-08,0820,12180,,4,1,5,2109,0,1,2,,2,070,"RT 101","FREITAS PKWY",20.00,N,N,B,-,Y,MRN,4,101,-,-,13.883,R,1,S,N,3,0,1,2,A,-,11,21950,B,N,G,B,C,A,H,-,A,A,1,Y,,,,Y,,N,60,0,1,0,0,1,0,0,0,0,TO,"- ",38.076999999999998,-122.54300000000001,MARIN,"SAN RAFAEL",-122.54214107999999,38.00953183
6453548,2014,2016-04-13,9350,2014-05-15,1020,19651,,4,1,5,2109,0,1,2,,1,060,"RT 101","COLEMAN SCHOOL",50.00,S,N,A,-,Y,MRN,4,101,-,-,11.400,H,-,N,Y,4,0,2,2,A,-,07,21658,A,N,B,C,A,A,H,-,A,D,1,,,,,Y,,A,01,0,0,2,0,0,0,0,0,0,"- ","- ",,,MARIN,"SAN RAFAEL",-122.52050443,37.97823829