CASE_ID,ACCIDENT_YEAR,PROC_DATE,JURIS,COLLISION_DATE,COLLISION_TIME,OFFICER_ID,REPORTING_DISTRICT,DAY_OF_WEEK,CHP_SHIFT,POPULATION,CNTY_CITY_LOC,SPECIAL_COND,BEAT_TYPE,CHP_BEAT_TYPE,CITY_DIVISION_LAPD,CHP_BEAT_CLASS,BEAT_NUMBER,PRIMARY_RD,SECONDARY_RD,DISTANCE,DIRECTION,INTERSECTION,WEATHER_1,WEATHER_2,STATE_HWY_IND,CALTRANS_COUNTY,CALTRANS_DISTRICT,STATE_ROUTE,ROUTE_SUFFIX,POSTMILE_PREFIX,POSTMILE,LOCATION_TYPE,RAMP_INTERSECTION,SIDE_OF_HWY,TOW_AWAY,COLLISION_SEVERITY,NUMBER_KILLED,NUMBER_INJURED,PARTY_COUNT,PRIMARY_COLL_FACTOR,PCF_CODE_OF_VIOL,PCF_VIOL_CATEGORY,PCF_VIOLATION,PCF_VIOL_SUBSECTION,HIT_AND_RUN,TYPE_OF_COLLISION,MVIW,PED_ACTION,ROAD_SURFACE,ROAD_COND_1,ROAD_COND_2,LIGHTING,CONTROL_DEVICE,CHP_ROAD_TYPE,PEDESTRIAN_ACCIDENT,BICYCLE_ACCIDENT,MOTORCYCLE_ACCIDENT,TRUCK_ACCIDENT,NOT_PRIVATE_PROPERTY,ALCOHOL_INVOLVED,STWD_VEHTYPE_AT_FAULT,CHP_VEHTYPE_AT_FAULT,COUNT_SEVERE_INJ,COUNT_VISIBLE_INJ,COUNT_COMPLAINT_PAIN,COUNT_PED_KILLED,COUNT_PED_INJURED,COUNT_BICYCLIST_KILLED,COUNT_BICYCLIST_INJURED,COUNT_MC_KILLED,COUNT_MC_INJURED,PRIMARY_RAMP,SECONDARY_RAMP,LATITUDE,LONGITUDE,COUNTY,CITY,POINT_X,POINT_Y
6755014,2014,2016-07-06,9350,2014-12-04,1325,12180,,4,1,5,2109,0,1,2,,2,070,"RT 101","LUCAS VALLEY RD",50.00,S,N,B,-,Y,MRN,4,101,-,-,14.700,H,-,N,Y,4,0,1,2,A,-,03,22350,,N,D,C,A,B,H,-,A,D,1,,,,,Y,,A,07,0,0,1,0,0,0,0,0,0,"- ","- ",,,MARIN,"SAN RAFAEL",-122.53909322,38.021098289999998
6755016,2014,2015-02-05,9350,2014-12-05,1205,16533,,5,1,9,2100,0,1,2,,2,070,"RT 101","SMITH RANCH RD",300.00,N,N,B,-,Y,,,,,,,,,,Y,4,0,1,1,A,-,08,22107,,N,E,I,A,B,H,-,A,D,0,,,,,Y,,A,01,0,0,1,0,0,0,0,0,0,"- ","- ",,,MARIN,UNINCORPORATED,-122.53902125,38.022065490000003
6755243,2014,2015-02-04,9350,2014-10-07,1415,019216,,2,2,9,2100,0,3,5,,2,007,"SCHOOL RD","SUNSET TRL",1000.00,E,N,A,-,N,,,,,,,,,,Y,3,0,1,1,A,-,08,22107,,N,E,I,A,A,H,-,A,D,0,,,,,Y,,A,01,0,1,0,0,0,0,0,0,0,"- ","- ",,,MARIN,UNINCORPORATED,-122.5271,38.112589999999997
6755244,2014,2015-02-04,9350,2014-12-02,0515,015964,,2,3,9,2100,0,1,2,,1,120,"RT 101","N ANCHORAGE",73.00,N,N,B,C,Y,,,,,,,,,,Y,3,0,1,1,A,-,01,23152,A,N,E,I,A,B,H,-,C,D,0,,,,,Y,Y,A,01,0,1,0,0,0,0,0,0,0,"- ","- ",,,MARIN,UNINCORPORATED,,
6757119,2014,2015-01-28,2109,2014-11-11,1716,476,7,2,5,5,2109,0,0,0,,0,,"C ST","5TH AV",0.00,,Y,A,-,N,,,,,,,,,,N,2,0,1,2,A,-,10,21950,A,N,G,B,B,A,H,-,C,A,0,Y,,,,Y,,H,13,1,0,0,0,1,0,0,0,0,"- ","- ",,,MARIN,"SAN RAFAEL",-122.53055990999999,37.974389889999998
6757614,2014,2015-04-13,2103,2014-04-03,0845,093,CASCA,4,5,2,2103,0,0,0,,0,PAT,"CASCADE DR","MEADOW WY",528.00,N,N,A,-,N,,,,,,,,,,N,4,0,1,2,D,-,00,,,N,G,B,E,A,H,-,A,D,0,Y,,,,Y,Y,-,"- ",0,0,1,0,1,0,0,0,0,"- ","- ",,,MARIN,FAIRFAX,-122.59947406000001,37.977069700000001
6758339,2014,2015-01-26,2109,2014-11-15,2217,579,21,6,5,5,2109,0,0,0,,0,003,"BELVEDERE ST","ALTO ST",30.00,W,N,A,-,N,,,,,,,,,,Y,4,0,1,4,A,-,05,21650,,M,B,C,A,A,H,-,C,D,0,,,,,Y,,A,01,0,0,1,0,0,0,0,0,0,"- ","- ",,,MARIN,"SAN RAFAEL",-122.50585544,37.963457079999998
6758348,2014,2016-07-06,9350,2014-12-08,1845,15964,,1,2,3,2104,0,1,2,,2,050,"RT 101","GREENBRAE PED",2112.00,S,N,B,-,Y,MRN,4,101,-,-,7.890,H,-,N,N,4,0,1,2,A,-,03,22350,,N,C,C,A,B,H,-,C,D,1,,,,,Y,,A,01,0,0,1,0,0,0,0,0,0,"- ","- ",37.93224,-122.51605000000001,MARIN,LARKSPUR,-122.51627031,37.933613319999999
6758351,2014,2015-01-26,2109,2014-11-29,1138,575,58,6,5,5,2109,0,0,0,,0,,"NORTH SAN PEDRO RD","MERRYDALE RD",30.00,E,N,B,C,N,,,,,,,,,,Y,4,0,1,2,A,-,01,23152,,N,C,C,A,B,H,-,A,A,0,,,,,Y,Y,D,22,0,0,1,0,0,0,0,0,0,"- ","- ",,,MARIN,"SAN RAFAEL",-122.53364403,37.993881989999998
6758379,2014,2015-07-27,2109,2014-12-16,0752,538,22,2,5,5,2109,0,0,0,,0,003,"BAHIA WY","BAHIA LN",10.00,E,N,B,-,N,,,,,,,,,,Y,4,0,3,2,A,-,09,21804,A,N,D,C,A,B,H,-,A,A,0,,,,,Y,,D,22,0,0,3,0,0,0,0,0,0,"- ","- ",37.964289999999998,-122.50047000000001,MARIN,"SAN RAFAEL",-122.4984238,37.96565571
6761184,2014,2016-04-28,2109,2014-09-25,1719,13775,,4,5,5,2109,0,0,0,,0,,"MISSION AV","HETHERTON ST",0.00,,Y,A,-,Y,MRN,4,101,-,-,11.280,R,4,S,Y,4,0,1,2,A,-,09,21801,A,N,D,C,A,A,H,-,A,A,0,,,,,Y,,A,01,0,0,1,0,0,0,0,0,0,"- ","- ",37.973660000000002,-122.52166,MARIN,"SAN RAFAEL",-122.52074184,37.976444180000001
6763324,2014,2016-07-06,9350,2014-12-05,2144,20613,,5,2,9,2100,0,1,2,,1,030,"RT 101","NORTH BRIDGE BL",1400.00,N,N,C,-,Y,MRN,4,101,-,-,3.060,H,-,S,Y,4,0,2,1,A,-,03,22350,,N,E,I,A,B,H,-,D,D,1,,,,,Y,,A,01,0,0,2,0,0,0,0,0,0,"- ","- ",37.865189999999998,-122.50734,MARIN,UNINCORPORATED,-122.50728903,37.867208650000002
6763328,2014,2016-07-06,9350,2014-12-08,0930,20831,,1,1,5,2109,0,1,2,,1,060,"RT 101","MERRYDALE OVERCROSSING",10.00,S,N,A,-,Y,MRN,4,101,-,-,13.450,H,-,S,N,4,0,1,2,A,-,03,22350,,N,C,C,A,A,H,-,A,D,1,,,,,Y,,A,07,0,0,1,0,0,0,0,0,0,"- ","- ",38.003579999999999,-122.53925,MARIN,"SAN RAFAEL",-122.53934992000001,38.003727699999999
6763352,2014,2016-07-06,9350,2014-12-16,1720,12180,,2,2,5,2109,0,1,2,,2,070,"RT 101","FREITAS PKWY",150.00,N,N,C,-,Y,MRN,4,101,-,-,13.740,H,-,N,Y,4,0,2,3,A,-,03,22350,,N,C,C,A,B,H,-,D,D,1,,,,,Y,,A,01,0,0,2,0,0,0,0,0,0,"- ","- ",,,MARIN,"SAN RAFAEL",-122.54153126,38.007455950000001
6763356,2014,2016-07-06,9350,2014-12-11,1403,19651,,4,2,9,2100,0,1,2,,2,050,"RT 101","CORTE MADERA CREEK",300.00,N,N,B,C,Y,MRN,4,101,-,-,8.660,H,-,N,Y,4,0,1,2,A,-,03,22350,,N,B,C,A,B,H,-,A,D,1,,,,,Y,,A,01,0,0,1,0,0,0,0,0,0,"- ","- ",,,MARIN,UNINCORPORATED,-122.51468778,37.944886590000003
6763360,2014,2016-07-06,9350,2014-12-09,1725,16406,,2,2,9,2100,0,1,2,,1,060,"RT 101","MANUEL T FREITAS PKWY",528.00,S,N,B,-,Y,MRN,4,101,-,-,13.665,R,2,S,Y,3,0,1,2,A,-,03,22350,,N,C,C,A,A,H,-,C,D,1,,,,,Y,,A,01,0,1,0,0,0,0,0,0,0,FR,"- ",,,MARIN,UNINCORPORATED,-122.54127287,38.006417550000002
6763681,2014,2015-02-03,9350,2014-12-01,1555,19928,,1,2,9,2100,0,3,5,,2,006,"BLACKSTONE DR","ADOBESTONE CT",217.00,S,N,B,-,N,,,,,,,,,,Y,4,0,1,2,A,-,08,22107,,N,B,E,A,A,H,-,A,D,0,,,,,Y,,A,01,0,0,1,0,0,0,0,0,0,"- ","- ",38.03575,-122.53789999999999,MARIN,UNINCORPORATED,-122.5378518,38.03608028
6763682,2014,2016-06-17,9350,2014-12-05,1450,19166,,5,2,9,2100,0,1,3,,1,052,"RT 1","BEAR VALLEY RD",1584.00,N,N,B,-,Y,MRN,4,1,-,-,26.970,H,-,S,Y,3,0,1,1,A,-,08,22107,,N,E,I,A,B,H,-,A,D,0,,,,,Y,,A,01,0,1,0,0,0,0,0,0,0,"- ","- ",38.048169999999999,-122.79249,MARIN,UNINCORPORATED,-122.79125383,38.046182940000001
6763721,2014,2016-07-06,9350,2014-11-21,1930,19927,,5,2,4,2106,0,1,2,,1,080,"RT 101","ROWLAND BL",2640.00,S,N,B,-,Y,MRN,4,101,-,R,19.690,H,-,N,Y,4,0,1,1,A,-,08,22107,,N,E,I,A,A,H,-,C,D,1,,,,,Y,,A,01,0,0,1,0,0,0,0,0,0,"- ","- ",38.087319999999998,-122.55728999999999,MARIN,NOVATO,-122.55318011999999,38.086772580000002
6763722,2014,2015-01-22,9350,2014-11-27,1045,20905,,4,1,5,2109,0,3,5,,2,005,"POINT SAN PEDRO RD","MOORING RD",15.00,W,N,A,-,N,,,,,,,,,,Y,3,0,1,1,A,-,08,22107,,N,E,I,A,A,H,-,A,D,0,,,Y,,Y,,C,02,0,1,0,0,0,0,0,0,1,"- ","- ",37.96801,-122.51009000000001,MARIN,"SAN RAFAEL",-122.51023000000001,37.968060000000001
6764211,2014,2015-02-10,2110,2014-12-06,1111,SP5260,S5,6,5,2,2110,0,0,0,,0,SP1,"BRIDGEWAY BL","LOCUST ST",0.00,,Y,B,-,N,,,,,,,,,,N,3,0,1,2,A,-,06,21951,,N,D,G,A,A,H,-,A,A,0,,Y,,,Y,,A,01,0,1,0,0,0,0,1,0,0,"- ","- ",,,MARIN,SAUSALITO,-122.48672992,37.85998
6764213,2014,2015-02-04,2110,2014-12-14,0955,SP5253,S2,7,5,2,2110,0,0,0,,0,SP1,"BRIDGEWAY BL","LIGHT POLE 3254",121.00,S,N,B,-,N,,,,,,,,,,N,3,0,1,2,A,-,04,21703,,N,B,G,A,A,H,-,A,D,0,,Y,,,Y,,L,04,0,1,0,0,0,0,1,0,0,"- ","- ",,,MARIN,SAUSALITO,,
6764789,2014,2016-06-17,9350,2014-12-04,1811,19352,,4,2,9,2100,0,1,3,,1,052,"RT 1","CLARK RD",4224.00,N,N,A,-,Y,MRN,4,1,-,-,41.210,H,-,S,Y,4,0,1,1,A,-,08,22107,,N,E,I,A,A,H,-,D,D,0,,,,,Y,,D,22,0,0,1,0,0,0,0,0,0,"- ","- ",38.193370000000002,-122.91815,MARIN,UNINCORPORATED,-122.91788551,38.192942559999999
6764790,2014,2016-07-06,9350,2014-12-04,1810,16406,,4,2,9,2100,0,1,2,,1,060,"RT 101","LINCOLN AV",1584.00,S,N,B,-,Y,MRN,4,101,-,-,11.890,H,-,S,Y,4,0,2,2,A,-,03,22350,,N,C,C,A,B,H,-,D,D,1,,,,,Y,,D,22,0,0,2,0,0,0,0,0,0,"- ","- ",,,MARIN,UNINCORPORATED,-122.5239673,37.984950480000002
6764906,2014,2016-07-06,9350,2014-12-03,1249,016034,,3,1,9,2100,0,1,2,,1,060,"RT 101",MERRYDALE,975.00,S,N,B,-,Y,MRN,4,101,-,-,13.270,H,-,S,Y,4,0,1,2,A,-,08,22107,,N,E,I,A,B,H,-,A,D,1,,,,,Y,,A,07,0,0,1,0,0,0,0,0,0,"- ","- ",38.00121,-122.5376,MARIN,UNINCORPORATED,-122.53768035,38.001438229999998
6765210,2014,2016-06-24,2109,2014-12-02,1708,518,26,2,5,5,2109,0,0,0,,0,004,"IRWIN ST","2ND ST",0.00,,Y,B,-,Y,MRN,4,101,-,-,10.676,R,4,N,Y,4,0,1,2,A,-,10,21950,A,N,A,B,B,B,H,-,D,A,0,Y,,,,Y,,A,01,0,0,1,0,1,0,0,0,0,"- ","- ",,,MARIN,"SAN RAFAEL",-122.52027962,37.968491929999999
6765214,2014,2015-01-30,2109,2014-12-19,1605,583,16,5,5,5,2109,0,0,0,,0,002,"3RD ST","A ST",0.00,,Y,A,-,N,,,,,,,,,,N,4,0,1,2,A,-,11,21453,D,N,D,G,A,A,H,-,A,A,0,,Y,,,Y,,L,04,0,0,1,0,0,0,1,0,0,"- ","- ",,,MARIN,"SAN RAFAEL",-122.52837993,37.972159980000001
6765394,2014,2015-02-02,9350,2014-12-07,0646,020865,,7,1,9,2100,0,3,5,,2,006,"NICASIO VALLEY RD","SIR FRANCIS DRAKE BL",10032.00,N,N,B,-,N,,,,,,,,,,Y,3,0,1,1,A,-,08,22107,,N,E,I,A,B,H,-,A,D,0,,,,,Y,,A,01,0,1,0,0,0,0,0,0,0,"- ","- ",38.038820000000001,-122.67519,MARIN,UNINCORPORATED,-122.67507313999999,38.033712649999998
6765406,2014,2015-02-02,2109,2014-12-16,1825,476,46,2,5,5,2109,0,0,0,,0,005,"NORTHGATE DR","LAS GALLINAS AV",200.00,W,N,A,-,N,,,,,,,,,,N,4,0,1,2,A,-,21,22106,,N,G,B,D,B,H,-,C,D,0,Y,,,,Y,,A,01,0,0,1,0,1,0,0,0,0,"- ","- ",,,MARIN,"SAN RAFAEL",-122.54557,38.006689999999999
6765410,2014,2015-02-02,2109,2014-12-03,1054,554,7,3,5,5,2109,0,0,0,,0,,"B ST","JULIA ST",30.00,S,N,C,G,N,,,,,,,,,,Y,4,0,1,2,C,-,18,,,N,D,J,A,B,H,-,A,D,0,,,,,Y,,-,"- ",0,0,1,0,0,0,0,0,0,"- ","- ",,,MARIN,"SAN RAFAEL",-122.52945628000001,37.973708600000002
6765893,2014,2015-02-05,2109,2014-12-08,0755,541,17,1,5,5,2109,0,0,0,,0,002,"4TH ST","HETHERTON ST",50.00,E,N,A,-,N,,,,,,,,,,N,4,0,1,2,A,-,08,22107,,N,H,G,A,A,H,-,A,D,0,,Y,,,Y,,A,01,0,0,1,0,0,0,1,0,0,"- ","- ",37.972279999999998,-122.52152,MARIN,"SAN RAFAEL",-122.52177845,37.972369409999999
6765894,2014,2015-02-05,2109,2014-12-10,2500,572,54,3,5,5,2109,0,0,0,,0,002,"LINCOLN AV","PALOMA AV",0.00,,Y,A,-,N,,,,,,,,,,N,4,0,1,2,A,-,03,22350,,N,C,C,A,A,H,-,C,D,0,,,,,Y,,A,01,0,0,1,0,0,0,0,0,0,"- ","- ",,,MARIN,"SAN RAFAEL",-122.52219989,37.977829980000003
6768052,2014,2016-07-06,9350,2014-11-30,2319,20225,,7,3,9,2100,0,1,2,,2,050,"RT 101","TAMALPAIS DR",2640.00,S,N,C,-,Y,MRN,4,101,-,-,6.870,H,-,N,Y,4,0,1,1,A,-,08,22107,,N,E,I,A,B,H,-,C,D,1,,,,,Y,,A,01,0,0,1,0,0,0,0,0,0,"- ","- ",37.917110000000001,-122.51099000000001,MARIN,UNINCORPORATED,-122.51124605,37.919412180000002
6768053,2014,2016-06-17,9350,2014-11-26,1600,14491,,3,2,9,2100,0,1,3,,1,012,"RT 1","SHASTA WY",1320.00,N,N,A,-,Y,MRN,4,1,-,-,1.710,H,-,S,Y,3,0,1,1,A,-,08,22107,,N,E,I,A,A,H,-,A,D,0,,,,,Y,,A,01,0,1,0,0,0,0,0,0,0,"- ","- ",,,MARIN,UNINCORPORATED,-122.53817315000001,37.883736159999998
6768054,2014,2016-07-06,9350,2014-11-27,1220,18319,,4,1,4,2106,0,1,2,,1,080,"RT 101","ATHERTON AV",5280.00,N,N,A,-,Y,MRN,4,101,-,R,23.000,H,-,N,N,4,0,4,2,A,-,03,22350,,N,C,C,A,A,H,-,A,D,1,,,,,Y,,A,01,0,0,4,0,0,0,0,0,0,"- ","- ",38.134230000000002,-122.56366,MARIN,NOVATO,-122.56361262999999,38.131970160000002
6768064,2014,2015-01-29,2109,2014-11-30,0159,268,11,7,5,5,2109,0,0,0,,0,,"C ST","ALVINA AV",50.00,S,N,B,-,N,,,,,,,,,,Y,3,0,1,3,A,-,03,22350,,N,H,E,A,B,H,-,C,D,0,,,,,Y,,A,01,0,1,0,0,0,0,0,0,0,"- ","- ",,,MARIN,"SAN RAFAEL",-122.53209461,37.96460553
6768890,2015,2016-06-22,9350,2015-04-05,0735,020905,,7,1,9,2100,0,2,4,,1,014,"PANORAMIC HWY","RT 1",400.00,W,N,B,-,N,,,,,,,,,,N,2,0,1,1,A,-,03,22350,,N,F,A,A,B,H,-,A,D,0,,,Y,,Y,,C,02,1,0,0,0,0,0,0,0,1,"- ","- ",37.883299999999998,-122.55457,MARIN,UNINCORPORATED,-122.63670999999999,37.896250000000002
6768891,2015,2015-05-12,9350,2015-04-08,0850,15765,,3,1,4,2106,0,2,4,,2,026,"NOVATO BL","BOWMAN CANYON CREEK",10.00,N,N,A,-,N,,,,,,,,,,Y,3,0,1,1,B,-,22,,,N,E,I,A,A,H,-,A,D,0,,,Y,,Y,,-,"- ",0,1,0,0,0,0,0,0,1,"- ","- ",38.123170000000002,-122.62539,MARIN,NOVATO,,
6768892,2015,2015-05-05,9350,2015-04-13,1045,019678,,1,1,9,2100,0,2,4,,2,024,"SIR FRANCIS DRAKE BL","ELISEO DR",500.00,E,N,A,-,N,,,,,,,,,,N,4,0,1,3,A,-,03,22350,,M,C,C,A,A,H,-,A,D,0,,,,,Y,,A,01,0,0,1,0,0,0,0,0,0,"- ","- ",37.945459999999997,-122.51981000000001,MARIN,UNINCORPORATED,-122.51867539,37.945070659999999
6768894,2015,2016-11-04,9350,2015-04-12,1620,19777,,7,2,9,2100,0,1,3,,1,042,"RT 1","FIVE BROOKS RD",12672.00,N,N,A,-,Y,MRN,4,1,-,-,25.180,H,-,N,Y,3,0,1,1,A,-,03,22350,,N,F,A,A,A,H,-,A,D,0,,,Y,,Y,,C,02,0,1,0,0,0,0,0,0,1,"- ","- ",38.0246,-122.77491000000001,MARIN,UNINCORPORATED,-122.77505266,38.024704180000001
6768895,2015,2017-01-14,9350,2015-04-15,0922,016034,,3,1,9,2100,0,1,1,,1,015,"RT 580","MAIN ST",11088.00,E,N,A,-,Y,MRN,4,580,-,-,2.030,H,-,W,Y,4,0,1,3,A,-,03,22350,,N,C,C,A,A,H,-,A,D,4,,,,,Y,,A,01,0,0,1,0,0,0,0,0,0,"- ","- ",37.932180000000002,-122.40231,MARIN,UNINCORPORATED,-122.4693583,37.941099370000003
6768928,2015,2015-05-05,9360,2015-04-10,1800,016000,,5,2,9,2100,0,3,5,,2,007,"IRVIN RD","TOMALES PETALUMA RD",0.00,,Y,A,-,N,,,,,,,,,,Y,2,0,2,2,A,-,09,21802,A,N,D,C,A,A,H,-,A,A,0,,,,,Y,,A,01,2,0,0,0,0,0,0,0,0,"- ","- ",38.242220000000003,-122.89729,MARIN,UNINCORPORATED,-122.89728993,38.242189920000001
6769030,2015,2015-05-04,9350,2015-04-13,2235,016836,,1,3,9,2100,0,2,4,,1,046,"POINT REYES PETALUMA RD","NOVATO BL",2165.00,W,N,A,-,N,,,,,,,,,,Y,3,0,1,1,A,-,03,22350,,M,E,I,A,A,H,-,C,D,0,,,,,Y,,A,01,0,1,0,0,0,0,0,0,0,"- ","- ",38.13776,-122.70819,MARIN,UNINCORPORATED,-122.70877828,38.13719665
6769031,2015,2015-05-12,9350,2015-04-12,1215,018191,,7,1,9,2100,0,2,4,,2,025,"NORTH SAN PEDRO RD","POINT GALLINAS RD",0.00,,Y,A,-,N,,,,,,,,,,N,3,0,1,2,A,-,09,21801,A,N,A,G,A,A,H,-,A,A,0,,Y,,,Y,,A,01,0,1,0,0,0,0,1,0,0,"- ","- ",38.012410000000003,-122.50709000000001,MARIN,UNINCORPORATED,-122.50711,38.012329989999998
6769032,2015,2016-11-05,9350,2015-04-21,0830,016274,,2,1,5,2109,0,1,2,,1,060,"RT 101","RT 580",2640.00,N,N,B,-,Y,MRN,4,101,-,-,10.460,H,-,S,Y,4,0,1,2,A,-,03,22350,,N,C,C,A,A,H,-,A,D,1,,,,,Y,,A,01,0,0,1,0,0,0,0,0,0,"- ","- ",37.967379999999999,-122.5188,MARIN,"SAN RAFAEL",-122.51718742,37.966451079999999
6769034,2015,2016-11-03,9350,2015-04-14,1725,017201,,2,2,9,2100,0,1,2,,1,080,"RT 101","REDWOOD SANITARY LANDFILL",4224.00,N,N,A,-,Y,MRN,4,101,-,-,26.240,H,-,N,N,4,0,1,2,A,-,03,22350,,N,C,C,A,A,H,-,A,D,0,,,,,Y,,A,08,0,0,1,0,0,0,0,0,0,"- ","- ",38.167940000000002,-122.58168000000001,MARIN,UNINCORPORATED,-122.58486404999999,38.16992278
6769035,2015,2016-12-14,9350,2015-04-12,2040,019798,,7,2,4,2106,0,1,2,,2,070,"RT 101","IGNACIO BL",1056.00,N,N,A,-,Y,MRN,4,101,-,-,18.210,H,-,S,Y,3,0,2,1,A,-,08,22107,,N,E,I,A,A,H,-,D,D,1,,,,,Y,,A,01,0,1,1,0,0,0,0,0,0,"- ","- ",38.041339999999998,-122.32341,MARIN,NOVATO,-122.53878415,38.068996910000003
6769037,2015,2016-11-05,9350,2015-04-09,1230,020955,,4,1,2,2102,0,1,2,,2,050,"RT 101","MADERA BL",1056.00,N,N,A,-,Y,MRN,4,101,-,-,7.890,H,-,S,Y,4,0,1,2,A,-,03,22350,,N,C,C,A,A,H,-,A,D,1,,,,,Y,,A,01,0,0,1,0,0,0,0,0,0,"- ","- ",37.933070000000001,-122.51649,MARIN,"CORTE MADERA",-122.5164924,37.933530159999997
6769038,2015,2016-12-14,9350,2015-04-03,2218,020639,,5,3,3,2104,0,1,2,,2,050,"RT 101","SIR FRANCIS DRAKE BL",66.00,N,N,A,-,Y,MRN,4,101,-,-,8.741,R,2,S,Y,2,0,4,1,C,-,18,,,N,E,I,A,A,H,-,C,D,1,,,,,Y,,-,"- ",1,1,2,0,0,0,0,0,0,"- ","- ",37.944809999999997,-122.51542999999999,MARIN,LARKSPUR,-122.51456284,37.945564609999998
6772120,2014,2015-02-05,2105,2014-12-17,2051,MV6208,MV46,3,5,3,2105,0,0,0,,0,MV1,"EAST BLITHEDALE AV","SUNNYSIDE AV",0.00,,Y,C,-,N,,,,,,,,,,N,4,0,1,2,A,-,10,21950,A,N,G,B,B,B,H,-,C,D,0,Y,,,,Y,,-,,0,0,1,0,1,0,0,0,0,"- ","- ",,,MARIN,"MILL VALLEY",-122.5454099,37.906079910000003
6773681,2014,2016-07-06,9350,2014-12-22,0650,015765,,1,1,4,2106,0,1,2,,2,070,"RT 101","NAVE DR",100.00,S,N,B,-,Y,MRN,4,101,-,-,16.620,H,-,S,Y,4,0,1,2,A,-,03,22350,,N,C,C,A,A,H,-,B,D,1,,,,,Y,,A,07,0,0,1,0,0,0,0,0,0,"- ","- ",38.047150000000002,-122.53328999999999,MARIN,NOVATO,-122.53258644,38.047922409999998
6773716,2014,2015-02-06,9350,2014-12-06,1005,020865,,6,1,9,2100,0,2,4,,1,016,"LUCAS VALLEY RD","CAMINO MARGARITA",3696.00,E,N,B,-,N,,,,,,,,,,Y,3,0,1,1,A,-,03,22350,,N,F,A,A,B,H,-,A,D,0,,,,,Y,,A,08,0,1,0,0,0,0,0,0,0,"- ","- ",38.043889999999998,-122.6348,MARIN,UNINCORPORATED,-122.63473526999999,38.043844200000002
6773717,2014,2015-02-06,9350,2014-12-16,1848,020647,,2,2,9,2100,0,1,2,,2,050,"RT 101","RT 131",528.00,N,N,B,C,Y,,,101,,,,,,,Y,4,0,1,2,A,-,03,22350,,M,C,C,A,B,H,-,D,D,0,,,,,Y,,A,01,0,0,1,0,0,0,0,0,0,"- ","- ",37.906309999999998,-122.51488000000001,MARIN,UNINCORPORATED,-122.51498008999999,37.906348970000003
6773718,2014,2015-02-06,9350,2014-12-19,1200,019150,,5,1,9,2100,0,1,2,,2,040,"RT 101","BRIDGE BL",800.00,N,N,B,C,Y,,,101,,,,,,,N,4,0,2,2,A,-,03,22350,,N,C,C,A,B,H,-,A,D,0,,,,,Y,,A,07,0,0,2,0,0,0,0,0,0,"- ","- ",37.87509,-122.5098,MARIN,UNINCORPORATED,-122.50977211,37.87512581
6773719,2014,2015-02-06,9350,2014-12-21,1640,020865,,7,2,9,2100,0,3,5,,2,002,"TENNESSEE VALLEY RD","MARIN AV",250.00,E,N,B,-,N,,,,,,,,,,N,4,0,1,2,A,-,03,22350,,N,C,C,A,B,C,-,B,D,0,,,,,Y,,A,01,0,0,1,0,0,0,0,0,0,"- ","- ",37.878390000000003,-122.52327,MARIN,UNINCORPORATED,-122.52585902,37.877555370000003
6773725,2014,2015-02-10,9350,2014-12-23,1023,013409,,2,1,9,2100,0,2,4,,1,046,"PT REYES PETALUMA RD","NICASIO VALLEY RD",2640.00,E,N,A,-,N,,,,,,,,,,Y,4,0,1,1,A,-,08,22107,,N,E,I,A,A,H,-,A,D,0,,,,,Y,,A,01,0,0,1,0,0,0,0,0,0,"- ","- ",38.103929999999998,-122.72839999999999,MARIN,UNINCORPORATED,-122.72871725,38.10312854
6773726,2014,2015-02-10,9350,2014-12-23,2300,015953,,2,3,9,2100,0,2,4,,2,025,"NORTH SAN PEDRO RD","MIWOK MEADOWS",2112.00,S,N,E,-,N,,,,,,,,,,Y,4,0,1,1,A,-,08,22107,,N,E,I,A,B,H,-,-,D,0,,,,,Y,,A,01,0,0,1,0,0,0,0,0,0,"- ","- ",38.006349999999998,-122.47516,MARIN,UNINCORPORATED,-122.4751997,38.006299380000002
6773727,2014,2016-02-25,9350,2014-12-21,0900,019678,,7,1,9,2100,0,2,4,,1,046,"POINT REYES PETALUMA RD","RT 1",7920.00,E,N,C,-,N,,,,,,,,,,Y,4,0,1,1,A,-,08,22107,,N,F,A,A,B,H,-,A,D,0,,,Y,,Y,,C,02,0,0,1,0,0,0,0,0,1,"- ","- ",38.08043,-122.78467000000001,MARIN,UNINCORPORATED,-122.78425242,38.082126199999998
6774133,2014,2016-01-13,2109,2014-09-20,1409,571,11,6,5,5,2109,0,0,0,,0,,"1ST ST","C ST",0.00,,Y,A,-,N,,,,,,,,,,N,3,0,1,2,A,-,"- ",,,N,H,G,A,A,H,-,A,D,0,,Y,,,Y,,D,73,0,1,0,0,0,0,1,0,0,"- ","- ",,,MARIN,"SAN RAFAEL",-122.53120989,37.970399960000002
6775362,2014,2015-02-10,9350,2014-12-21,2235,019821,,7,3,9,2100,0,3,5,,2,004,"ALMONTE BL","ROSEMONT AV",83.00,N,N,A,-,N,,,,,,,,,,Y,3,0,3,2,A,-,01,23152,A,N,A,C,A,A,H,-,C,D,0,,,,,Y,Y,A,01,0,3,0,0,0,0,0,0,0,"- ","- ",37.884480000000003,-122.52435,MARIN,UNINCORPORATED,-122.52449231,37.884340590000001
6775363,2014,2016-07-06,9350,2014-12-20,1630,013450,,6,2,9,2100,0,1,2,,1,060,"RT 101","MERRYDALE RD",528.00,N,N,B,-,Y,MRN,4,101,-,-,13.540,H,-,S,N,4,0,1,2,A,-,07,21658,A,N,B,C,A,B,H,-,C,A,1,,,,,Y,,A,01,0,0,1,0,0,0,0,0,0,"- ","- ",,,MARIN,UNINCORPORATED,-122.54017407000001,38.004841310000003
6775364,2014,2015-02-11,9350,2014-12-17,1610,016034,,3,2,9,2100,0,1,2,,1,030,"RT 101","MONTE MAR DR",1056.00,N,N,B,C,Y,,,,,,,,,,Y,3,0,2,1,A,-,03,22350,,N,E,I,A,B,H,-,A,D,0,,,,,Y,,A,07,0,1,1,0,0,0,0,0,0,"- ","- ",37.85671,-122.49563000000001,MARIN,UNINCORPORATED,,