CASE_ID,ACCIDENT_YEAR,PROC_DATE,JURIS,COLLISION_DATE,COLLISION_TIME,OFFICER_ID,REPORTING_DISTRICT,DAY_OF_WEEK,CHP_SHIFT,POPULATION,CNTY_CITY_LOC,SPECIAL_COND,BEAT_TYPE,CHP_BEAT_TYPE,CITY_DIVISION_LAPD,CHP_BEAT_CLASS,BEAT_NUMBER,PRIMARY_RD,SECONDARY_RD,DISTANCE,DIRECTION,INTERSECTION,WEATHER_1,WEATHER_2,STATE_HWY_IND,CALTRANS_COUNTY,CALTRANS_DISTRICT,STATE_ROUTE,ROUTE_SUFFIX,POSTMILE_PREFIX,POSTMILE,LOCATION_TYPE,RAMP_INTERSECTION,SIDE_OF_HWY,TOW_AWAY,COLLISION_SEVERITY,NUMBER_KILLED,NUMBER_INJURED,PARTY_COUNT,PRIMARY_COLL_FACTOR,PCF_CODE_OF_VIOL,PCF_VIOL_CATEGORY,PCF_VIOLATION,PCF_VIOL_SUBSECTION,HIT_AND_RUN,TYPE_OF_COLLISION,MVIW,PED_ACTION,ROAD_SURFACE,ROAD_COND_1,ROAD_COND_2,LIGHTING,CONTROL_DEVICE,CHP_ROAD_TYPE,PEDESTRIAN_ACCIDENT,BICYCLE_ACCIDENT,MOTORCYCLE_ACCIDENT,TRUCK_ACCIDENT,NOT_PRIVATE_PROPERTY,ALCOHOL_INVOLVED,STWD_VEHTYPE_AT_FAULT,CHP_VEHTYPE_AT_FAULT,COUNT_SEVERE_INJ,COUNT_VISIBLE_INJ,COUNT_COMPLAINT_PAIN,COUNT_PED_KILLED,COUNT_PED_INJURED,COUNT_BICYCLIST_KILLED,COUNT_BICYCLIST_INJURED,COUNT_MC_KILLED,COUNT_MC_INJURED,PRIMARY_RAMP,SECONDARY_RAMP,LATITUDE,LONGITUDE,COUNTY,CITY,POINT_X,POINT_Y
6851261,2015,2015-03-23,2110,2015-03-08,1255,SP5260,S5,7,5,2,2110,0,0,0,,0,SP1,BRIDGEWAY,"HARBOR DR",30.00,N,N,A,-,N,,,,,,,,,,N,3,0,1,2,A,-,17,21208,B,N,B,G,A,A,H,-,A,A,0,,Y,,,Y,,L,04,0,1,0,0,0,0,1,0,0,"- ","- ",,,MARIN,SAUSALITO,-122.50089584,37.866973780000002
6851472,2015,2016-06-24,2109,2015-02-23,0549,538,23,1,5,5,2109,0,0,0,,0,003,"FRANCISCO BL E","RT 580",0.00,,Y,A,-,N,,,,,,,,,,Y,4,0,1,2,A,-,09,21801,A,N,D,C,A,A,H,-,C,D,0,,,,,Y,,A,01,0,0,1,0,0,0,0,0,0,"- ","- ",,,MARIN,"SAN RAFAEL",-122.50752075,37.961392500000002
6851769,2015,2016-10-26,9350,2015-03-06,2312,020831,,5,3,4,2106,0,1,3,,2,037,"RT 37","MARSH DR",5.00,W,N,A,-,Y,MRN,4,101,-,-,19.034,R,2,N,Y,3,0,1,1,A,-,01,23152,A,N,E,I,A,A,H,-,D,D,1,,,,,Y,Y,A,07,0,1,0,0,0,0,0,0,0,TO,"- ",38.081470000000003,-122.54416000000001,MARIN,NOVATO,-122.54558224,38.079567140000002
6851785,2015,2016-09-28,9350,2015-03-07,0945,018451,,6,1,9,2100,0,1,1,,1,015,"RT 580","MARIN/CONTRA COSTA CO LINE",1056.00,W,N,A,-,Y,MRN,4,580,-,-,0.200,H,-,W,N,4,0,3,2,A,-,03,22350,,N,C,C,A,A,H,-,A,D,4,,,,,Y,,A,01,0,0,3,0,0,0,0,0,0,"- ","- ",,,MARIN,UNINCORPORATED,-122.43743496,37.934619320000003
6851789,2015,2016-09-14,9350,2015-03-01,0534,020865,,7,3,9,2100,0,1,2,,1,080,"RT 101","DE LONG AV",1056.00,S,N,A,-,Y,MRN,4,101,-,R,20.730,H,-,N,Y,2,0,1,1,A,-,08,22107,,N,E,I,A,A,H,-,C,D,1,,,,,Y,Y,A,08,1,0,0,0,0,0,0,0,0,"- ","- ",38.100450000000002,-122.56138,MARIN,UNINCORPORATED,-122.56163607000001,38.09952028
6851791,2015,2016-09-14,9350,2015-03-01,1420,019927,,7,2,9,2100,0,1,2,,1,120,"RT 101","ALEXANDER AV",1584.00,S,N,A,-,Y,MRN,4,101,-,-,0.020,H,-,S,N,3,0,2,2,D,-,00,,,N,B,G,A,A,H,-,A,A,1,,Y,,,Y,,-,"- ",0,1,1,0,0,0,2,0,0,"- ","- ",,,MARIN,UNINCORPORATED,-122.48146610000001,37.832623550000001
6851793,2015,2016-09-08,9350,2015-03-07,0915,018797,,6,1,5,2109,0,1,2,,2,050,"RT 101","RT 580",1489.00,S,N,A,-,Y,MRN,4,101,-,-,9.680,H,-,N,Y,3,0,2,5,A,-,03,22350,,N,C,C,A,A,H,-,A,D,1,,,,,Y,,A,01,0,1,1,0,0,0,0,0,0,"- ","- ",37.956919999999997,-122.50894,MARIN,"SAN RAFAEL",-122.50894814,37.95786579
6852222,2015,2016-09-07,9350,2015-02-10,1700,016406,,2,2,9,2100,0,1,3,,1,012,"RT 1","PANORAMIC HWY",1056.00,S,N,A,-,Y,MRN,4,1,-,-,12.010,H,-,S,Y,4,0,1,1,A,-,03,22350,,N,E,I,A,A,H,-,A,D,0,,,Y,,Y,,C,02,0,0,1,0,0,0,0,0,1,"- ","- ",37.8825,-122.55374999999999,MARIN,UNINCORPORATED,-122.63515925999999,37.893584509999997
6852644,2015,2015-03-18,2105,2015-01-30,1051,MV6219,MV1,5,5,3,2105,0,0,0,,0,002,"EAST BLITHEDALE AV","KIPLING DR",0.00,,Y,A,-,N,,,,,,,,,,N,4,0,1,3,A,-,03,22350,,N,C,C,A,A,H,-,A,D,0,,,,,Y,,A,01,0,0,1,0,0,0,0,0,0,"- ","- ",,,MARIN,"MILL VALLEY",-122.51903,37.903549929999997
6854206,2014,2016-01-12,2106,2014-10-19,0826,NP0333,N211,7,5,4,2106,0,0,0,,0,NP2,"ATHERTON AV","BINFORD RD",349.00,E,N,E,-,N,,,,,,,,,,Y,1,1,0,1,A,-,08,22107,,N,E,I,A,A,H,-,D,D,0,,,,,Y,,D,22,0,0,0,0,0,0,0,0,0,"- ","- ",,,MARIN,NOVATO,-122.56175293,38.116546739999997
6854708,2015,2017-05-09,9350,2015-05-23,0355,20731,,6,3,9,2100,0,1,2,,2,040,"RT 101",STRAWBERRY,266.00,S,N,B,-,Y,MRN,4,101,-,-,4.690,H,-,S,Y,1,1,1,1,A,-,08,22107,,N,E,I,A,A,H,-,C,D,1,,,,,Y,Y,A,01,1,0,0,0,0,0,0,0,0,"- ","- ",37.888399999999997,-122.51701,MARIN,UNINCORPORATED,-122.51687124,37.888232180000003
6854734,2015,2015-07-17,2109,2015-06-02,1912,476,31,2,5,5,2109,0,0,0,,0,004,"PT SAN PEDRO RD","MANDERLY RD",464.00,E,N,A,-,N,,,,,,,,,,Y,1,1,0,2,A,-,11,21954,A,N,G,B,E,A,H,-,A,D,0,Y,,,,Y,Y,N,60,0,0,0,1,0,0,0,0,0,"- ","- ",37.975140000000003,-122.49009,MARIN,"SAN RAFAEL",-122.48869123,37.974510080000002
6854881,2015,2016-09-14,9350,2015-02-14,0208,20201,,6,3,9,2100,0,1,2,,2,050,"RT 101","SIR FRANCIS DRAKE BL",100.00,S,N,A,-,Y,MRN,4,101,-,-,8.587,R,2,N,Y,2,0,2,1,A,-,01,23152,A,N,F,A,A,A,H,-,C,D,3,,,Y,,Y,Y,C,02,1,1,0,0,0,0,0,0,2,TO,"- ",37.94397,-122.51464,MARIN,UNINCORPORATED,-122.51484883000001,37.944454729999997
6857095,2015,2015-04-02,2105,2015-03-17,1607,MV6208,MV23,2,5,3,2105,0,0,0,,0,MV2,"MILLER AV","PARK AV",0.00,,Y,A,-,N,,,,,,,,,,Y,4,0,1,2,A,-,09,21802,A,N,D,C,A,A,H,-,A,D,0,,,,,Y,,A,01,0,0,1,0,0,0,0,0,0,"- ","- ",,,MARIN,"MILL VALLEY",-122.54157993,37.90136991
6858035,2015,2015-04-13,2117,2015-03-15,2007,076,1B,7,5,3,2104,0,0,0,,0,003,"VIA LA CUMBRE","ELISEO DR",451.00,E,N,A,-,N,,,,,,,,,,Y,3,0,1,2,A,-,08,22107,,N,C,C,A,A,H,-,C,D,0,,,,,Y,,A,01,0,1,0,0,0,0,0,0,0,"- ","- ",,,MARIN,LARKSPUR,-122.51837054000001,37.945538550000002
6858280,2015,2015-04-02,2117,2015-02-09,1616,039,2,1,5,2,2102,0,0,0,,0,001,"PARADISE DR","EL CAMINO DR",0.00,,Y,A,-,N,,,,,,,,,,Y,3,0,1,3,A,-,12,21453,A,N,D,D,A,A,H,-,A,A,0,,,,,Y,,A,01,0,1,0,0,0,0,0,0,0,"- ","- ",,,MARIN,"CORTE MADERA",-122.50521997,37.919419990000002
6858815,2015,2015-03-27,2109,2015-03-05,0750,583,15,4,5,5,2109,0,0,0,,0,002,"5TH AV","LINCOLN AV",0.00,,Y,A,-,N,,,,,,,,,,N,2,0,1,1,C,-,18,,,N,H,J,A,A,H,-,A,D,0,,,Y,,Y,,-,"- ",1,0,0,0,0,0,0,0,1,"- ","- ",,,MARIN,"SAN RAFAEL",-122.52363991,37.973379999999999
6860489,2015,2015-04-03,2105,2015-03-20,1506,MV6215,MV23,5,5,3,2105,0,0,0,,0,MV2,"MILLER AV","WILLOW ST",15.00,S,N,A,-,N,,,,,,,,,,Y,4,0,1,2,A,-,03,22350,,N,C,C,A,A,H,-,A,D,0,,,,,Y,,A,01,0,0,1,0,0,0,0,0,0,"- ","- ",,,MARIN,"MILL VALLEY",-122.53863552,37.898759149999997
6860550,2015,2015-04-03,2110,2015-03-06,2104,SP5240,S11,5,5,2,2110,0,0,0,,0,SP2,"BRIDGEWAY BL","EASTERBY ST",0.00,,Y,A,-,N,,,,,,,,,,Y,4,0,1,2,A,-,09,21801,A,N,B,C,A,A,H,-,C,A,0,,,,,Y,,A,01,0,0,1,0,0,0,0,0,0,"- ","- ",,,MARIN,SAUSALITO,-122.49374993000001,37.861829960000001
6860849,2015,2015-03-27,9350,2015-03-07,1135,020905,,6,1,9,2100,0,3,5,,2,002,"PARADISE DR","TEABERRY LN",528.00,N,N,A,-,N,,,,,,,,,,N,3,0,1,2,A,-,03,22350,,N,C,G,A,A,H,-,A,D,0,,Y,,,Y,,L,04,0,1,0,0,0,0,1,0,0,"- ","- ",37.892449999999997,-122.45341000000001,MARIN,UNINCORPORATED,-122.44993135,37.892696190000002
6860853,2015,2016-09-14,9350,2015-03-05,1430,019875,,4,2,4,2106,0,1,2,,1,080,"RT 101","ATHERTON AV",65.00,S,N,A,-,Y,MRN,4,101,-,R,21.809,R,1,N,N,3,0,1,3,A,-,03,22350,,N,C,C,A,A,H,-,A,D,1,,,,,Y,,A,01,0,1,0,0,0,0,0,0,0,TO,"- ",38.116970000000002,-122.56440000000001,MARIN,NOVATO,-122.56452682,38.114907469999999
6860861,2015,2016-10-26,9350,2015-03-10,1555,019216,,2,2,5,2109,0,1,2,,1,060,"RT 101","BELLAM BL",1056.00,N,N,A,-,Y,MRN,4,101,-,-,10.072,R,2,S,Y,4,0,1,3,A,-,03,22350,,N,C,C,A,A,H,-,A,D,1,,,,,Y,,A,01,0,0,1,0,0,0,0,0,0,TO,"- ",37.959569999999999,-122.50722,MARIN,"SAN RAFAEL",-122.51178917,37.963380860000001
6860873,2015,2016-09-14,9350,2015-03-09,1150,016034,,1,1,9,2100,0,3,5,,2,004,"EAST BLITHEDALE AV","RT 101",87.00,E,N,A,-,Y,MRN,4,101,-,-,5.844,R,4,S,N,4,0,1,2,A,-,03,22350,,N,C,C,A,A,H,-,A,D,1,,,,,Y,,A,01,0,0,1,0,0,0,0,0,0,"- ",TO,37.909289999999999,-122.51694999999999,MARIN,UNINCORPORATED,-122.51562436,37.904942550000001
6860889,2015,2016-09-14,9350,2015-03-19,1815,19150,,4,2,9,2100,0,1,2,,1,080,"RT 101","MARIN SONOMA CO LINE",10.00,S,N,A,-,Y,MRN,4,101,-,-,27.630,H,-,N,N,3,0,1,2,A,-,07,21658,A,N,B,C,A,A,H,-,A,D,0,,,Y,,Y,,D,22,0,1,0,0,0,0,0,0,1,"- ","- ",38.184440000000002,-122.60003,MARIN,UNINCORPORATED,-122.60003,38.184440000000002
6860893,2015,2016-09-08,9350,2015-03-13,1720,17201,,5,2,5,2109,0,1,2,,1,060,"RT 101","NORTH END OF THE VIADUCT",660.00,N,N,A,-,Y,MRN,4,101,-,-,11.280,H,-,S,Y,4,0,2,3,A,-,03,22350,,N,C,C,A,A,H,-,A,D,1,,,,,Y,,D,22,0,0,2,0,0,0,0,0,0,"- ","- ",37.977269999999997,-122.52073,MARIN,"SAN RAFAEL",-122.52074184,37.976444180000001
6860897,2015,2016-09-14,9350,2015-03-19,1805,019821,,4,2,9,2100,0,1,2,,2,050,"RT 101","SIR FRANCIS DRAKE BL",988.00,N,N,A,-,Y,MRN,4,101,-,-,8.790,H,-,N,Y,3,0,1,4,A,-,07,21658,A,N,B,C,A,A,H,-,A,D,1,,,,,Y,,A,01,0,1,0,0,0,0,0,0,0,"- ","- ",37.947699999999998,-122.51315,MARIN,UNINCORPORATED,-122.5139994,37.946220099999998
6860952,2015,2016-09-06,9350,2015-03-11,1545,016406,,3,2,9,2100,0,1,3,,2,037,"RT 37","RT 121",1056.00,W,N,A,-,Y,SON,4,37,-,-,3.700,H,-,W,Y,4,0,1,2,A,-,08,22107,,N,C,C,A,A,H,-,A,D,0,,,,Y,Y,,D,22,0,0,1,0,0,0,0,0,0,"- ","- ",,,MARIN,UNINCORPORATED,-122.45230050000001,38.149103420000003
6861211,2015,2015-04-03,9350,2015-03-12,1500,13409,,4,2,9,2100,0,2,4,,1,046,"PT REYES PETALUMA RD","NOVATO BL",2112.00,W,N,A,-,N,,,,,,,,,,Y,2,0,1,2,A,-,09,21801,A,N,D,C,A,A,H,-,A,D,0,,,Y,,Y,,A,01,1,0,0,0,0,0,0,0,1,"- ","- ",38.136760000000002,-122.70921,MARIN,UNINCORPORATED,-122.70866592,38.137312000000001
6861215,2015,2015-04-03,9350,2015-03-14,1100,17201,,6,1,9,2100,0,3,5,,2,003,"PARADISE DR","PLAYA VERDE",600.00,S,N,A,-,N,,,,,,,,,,N,2,0,1,1,D,-,00,,,N,F,A,A,A,H,-,A,D,0,,Y,,,Y,,-,"- ",1,0,0,0,0,0,1,0,0,"- ","- ",37.893749999999997,-122.46245999999999,MARIN,UNINCORPORATED,-122.46267793,37.893735270000001
6861219,2015,2016-10-11,9350,2015-03-13,1530,19150,,5,2,5,2109,0,1,1,,1,015,"RT 580","MAIN ST",1000.00,E,N,A,-,Y,MRN,4,580,-,-,2.440,H,-,E,Y,4,0,1,5,A,-,03,22350,,N,C,C,A,A,H,-,A,D,4,,,,,Y,,A,01,0,0,1,0,0,0,0,0,0,"- ","- ",37.942140000000002,-122.47655,MARIN,"SAN RAFAEL",-122.47691716,37.942386810000002
6861223,2015,2016-05-02,9350,2015-03-12,1839,19352,,4,2,9,2100,0,3,5,,2,007,"ATHERTON AV","GLEN LN",960.00,N,N,A,-,N,,,,,,,,,,Y,2,0,2,1,A,-,03,22350,,N,E,I,A,A,H,-,A,D,0,,,,,Y,,A,01,1,0,1,0,0,0,0,0,0,"- ","- ",38.104909999999997,-122.51721999999999,MARIN,UNINCORPORATED,-122.51130999999999,38.105220000000003
6861252,2015,2016-09-14,9350,2015-03-08,0410,20865,,7,3,9,2100,0,1,2,,1,080,"RT 101","SONOMA CO LN",1000.00,S,N,A,-,Y,MRN,4,101,-,-,27.440,H,-,N,N,4,0,1,1,A,-,01,23152,A,N,E,I,A,A,H,-,D,D,0,,,,,Y,Y,A,07,0,0,1,0,0,0,0,0,0,"- ","- ",38.18085,-122.59878999999999,MARIN,UNINCORPORATED,-122.60020537,38.182625999999999
6861256,2015,2016-09-14,9350,2015-03-13,0725,17419,,5,1,9,2100,0,1,2,,2,070,"RT 101","CHP SCALES",70.00,S,N,A,-,Y,MRN,4,101,-,-,15.190,H,-,S,N,4,0,1,3,A,-,03,22350,,N,C,C,A,A,H,-,A,D,1,,,,,Y,,A,01,0,0,1,0,0,0,0,0,0,"- ","- ",38.026739999999997,-122.53822,MARIN,UNINCORPORATED,-122.53786027,38.028114899999998
6861260,2015,2016-09-14,9350,2015-03-15,1703,17450,,7,2,2,2102,0,1,2,,2,050,"RT 101","TAMALPAIS DR",700.00,N,N,A,-,Y,MRN,4,101,-,-,7.500,H,-,N,Y,4,0,1,3,A,-,03,22350,,N,C,C,A,A,H,-,A,D,1,,,,,Y,,A,01,0,0,1,0,0,0,0,0,0,"- ","- ",37.929189999999998,-122.51533000000001,MARIN,"CORTE MADERA",-122.51518344,37.92790093
6861264,2015,2016-09-07,9350,2015-03-08,1615,19875,,7,2,9,2100,0,1,3,,1,052,"RT 1","CYPRESS RD",5808.00,N,N,B,-,Y,MRN,4,1,-,-,31.400,H,-,S,Y,4,0,1,1,A,-,03,22350,,N,F,A,A,A,H,-,A,D,0,,,Y,,Y,,C,02,0,0,1,0,0,0,0,0,1,"- ","- ",38.090339999999998,-122.82247,MARIN,UNINCORPORATED,-122.82288206,38.090577830000001
6861268,2015,2016-09-14,9350,2015-03-08,0505,20731,,7,3,9,2100,0,1,2,,2,050,"RT 101","TAMALPAIS DR",44.00,S,N,A,-,Y,MRN,4,101,-,-,7.360,H,-,N,Y,4,0,2,2,A,-,01,23152,A,N,B,C,A,A,H,-,D,D,1,,,,,Y,Y,A,01,0,0,2,0,0,0,0,0,0,"- ","- ",37.925739999999998,-122.5147,MARIN,UNINCORPORATED,-122.51449621,37.925941469999998
6861272,2015,2016-05-02,9350,2015-03-12,1358,14448,,4,1,9,2100,0,3,5,,2,003,"SAUSALITO LATERAL","EAST RD",100.00,W,N,A,-,N,,,,,,,,,,N,3,0,1,1,A,-,03,22350,,N,F,A,A,A,H,-,A,D,0,,Y,,,Y,,L,04,0,1,0,0,0,0,1,0,0,"- ","- ",,,MARIN,UNINCORPORATED,-122.47831196,37.843118740000001
6861276,2015,2015-04-03,9350,2015-03-11,1740,19216,,3,2,9,2100,0,2,4,,2,026,"NOVATO BL","POINT REYES PETALUMA RD",9504.00,S,N,A,-,N,,,,,,,,,,Y,4,0,1,1,A,-,08,22107,,N,E,I,A,A,H,-,A,D,0,,,,,Y,,A,01,0,0,1,0,0,0,0,0,0,"- ","- ",38.129170000000002,-122.67497,MARIN,UNINCORPORATED,-122.67715843000001,38.130131759999998
6861280,2015,2015-04-03,9350,2015-03-07,1440,19875,,6,2,9,2100,0,2,4,,1,046,"POINT REYES PETALUMA RD","LAUREL CANYON RD",8.00,W,N,A,-,N,,,,,,,,,,Y,4,0,1,1,A,-,08,22107,,N,E,I,A,A,H,-,A,D,0,,,,,Y,,A,01,0,0,1,0,0,0,0,0,0,"- ","- ",38.071440000000003,-122.76056,MARIN,UNINCORPORATED,-122.7605566,38.071373620000003
6861466,2015,2016-10-26,2109,2015-03-09,1220,364,54,1,5,5,2109,0,0,0,,0,006,"SMITH RANCH RD","RT 101",295.00,E,N,A,-,Y,MRN,4,101,-,-,14.620,R,4,S,N,4,0,2,3,A,-,03,22350,,N,C,C,A,A,H,-,A,A,0,,,,,Y,,D,22,0,0,2,0,0,0,0,0,0,"- ",SO,38.020620000000001,-122.53785000000001,MARIN,"SAN RAFAEL",-122.53974237,38.02009898
6863712,2015,2015-05-12,2110,2015-03-12,2123,SP5240,S9,4,5,2,2110,0,0,0,,0,SP2,"BRIDGEWAY BL","HARBOR DR",0.00,,Y,A,-,N,,,,,,,,,,N,2,0,1,2,A,-,08,22107,,N,A,C,A,A,H,-,C,A,0,,,,,Y,Y,A,01,1,0,0,0,0,0,0,0,0,"- ","- ",,,MARIN,SAUSALITO,-122.50082997,37.866909980000003
6865770,2015,2015-04-09,2105,2015-03-28,1510,MV6209,MV26,6,5,3,2105,0,0,0,,0,MV2,"EAST BLITHEDALE AV","CAMINO ALTO",10.00,E,N,A,-,N,,,,,,,,,,Y,4,0,1,1,A,-,08,22107,,N,E,I,A,A,H,-,A,A,0,,,,,Y,,A,01,0,0,1,0,0,0,0,0,0,"- ","- ",,,MARIN,"MILL VALLEY",-122.52863639,37.900403279999999
6865835,2015,2015-04-09,2109,2015-03-23,1015,422,46,1,5,5,2109,0,0,0,,0,005,"LAS GALLINAS AV","NORTHGATE DR",0.00,,Y,A,-,N,,,,,,,,,,N,4,0,1,2,A,-,10,21954,B,N,G,B,E,A,D,-,A,A,0,Y,,,,Y,,A,01,0,0,1,0,1,0,0,0,0,"- ","- ",,,MARIN,"SAN RAFAEL",-122.54556995999999,38.006689969999996
6865839,2015,2015-04-09,2109,2015-03-06,1110,575,58,5,5,5,2109,0,0,0,,0,,"NORTH SAN PEDRO RD","MERRYDALE RD",200.00,E,N,A,-,N,,,,,,,,,,N,4,0,1,2,A,-,03,22350,,N,C,C,A,A,H,-,A,D,0,,,,,Y,,A,01,0,0,1,0,0,0,0,0,0,"- ","- ",,,MARIN,"SAN RAFAEL",-122.53308262,37.994022659999999
6867163,2015,2016-09-14,9350,2015-03-24,0721,019651,,2,1,9,2100,0,1,2,,2,050,"RT 101","MADERA AV",200.00,N,N,B,-,Y,MRN,4,101,-,-,7.700,H,-,S,N,4,0,1,3,A,-,03,22350,,N,C,C,A,A,H,-,A,D,1,,,,,Y,,D,22,0,0,1,0,0,0,0,0,0,"- ","- ",,,MARIN,UNINCORPORATED,-122.51598456000001,37.930743749999998
6868075,2015,2016-09-14,9350,2015-03-25,1545,13346,,3,2,9,2100,0,1,2,,2,040,"RT 101",STRAWBERRY,400.00,N,N,A,-,Y,MRN,4,101,-,-,5.030,H,-,N,N,3,0,1,2,A,-,07,21658,A,N,B,C,A,A,H,-,A,D,1,,,Y,,Y,,A,07,0,1,0,0,0,0,0,0,1,"- ","- ",37.882899999999999,-122.51036000000001,MARIN,UNINCORPORATED,-122.51634706999999,37.893138909999998
6868157,2015,2016-09-14,9350,2015-03-17,1025,020979,,2,1,9,2100,0,1,2,,2,050,"RT 101","RT 580",1800.00,S,N,A,-,Y,MRN,4,101,-,-,9.650,H,-,N,Y,4,0,1,3,A,-,01,23152,A,N,E,I,A,A,H,-,A,D,1,,,,,Y,Y,A,01,0,0,1,0,0,0,0,0,0,"- ","- ",37.95675,-122.50861,MARIN,UNINCORPORATED,-122.50885877,37.957399909999999
6870332,2015,2015-04-14,2117,2015-03-12,1832,087,2,4,5,2,2102,0,0,0,,0,001,"PARADISE DR","SAN CLEMENTE DR",141.00,S,N,A,-,N,,,,,,,,,,N,3,0,1,2,A,-,08,22107,,N,B,-,A,A,H,-,A,D,0,,Y,,,Y,,L,04,0,1,0,0,0,0,1,0,0,"- ","- ",,,MARIN,"CORTE MADERA",-122.51067897999999,37.92082928
6870340,2015,2015-04-14,9350,2015-03-01,1300,18797,,7,1,9,2100,0,3,5,,2,004,"BOLINAS FAIRFAX RD","BROADWAY BL",36960.00,W,N,A,-,N,,,,,,,,,,N,2,0,1,1,A,-,08,22107,,N,F,A,A,A,H,-,A,D,0,,Y,,,Y,,L,04,1,0,0,0,0,0,1,0,0,"- ","- ",37.959490000000002,-122.62923000000001,MARIN,UNINCORPORATED,-122.62906461999999,37.95934724
6870395,2015,2015-04-16,2117,2015-03-16,0729,089,1B,1,5,3,2104,0,0,0,,0,003,"LA CUESTA DR","CORTE LOYOLA",162.00,S,N,A,-,N,,,,,,,,,,N,3,0,1,1,C,-,18,,,N,H,I,A,A,A,-,A,D,0,,Y,,,Y,,-,"- ",0,1,0,0,0,0,1,0,0,"- ","- ",,,MARIN,LARKSPUR,-122.52245010999999,37.951193510000003
6870576,2015,2015-04-14,9350,2015-03-21,0620,18319,,6,1,9,2100,0,2,4,,1,016,"LUCAS VALLEY RD","WESTGATE DR",5280.00,W,N,A,-,N,,,,,,,,,,Y,3,0,1,1,A,-,03,22350,,N,E,I,A,B,H,-,C,D,0,,,,,Y,,A,07,0,1,0,0,0,0,0,0,0,"- ","- ",38.04372,-122.61499000000001,MARIN,UNINCORPORATED,-122.61185070000001,38.043426619999998
6870600,2015,2016-10-26,9350,2015-03-06,1200,19875,,5,1,2,2110,0,1,2,,2,040,"RT 101","BRIDGE BL",3168.00,N,N,A,-,Y,MRN,4,101,-,-,3.890,H,-,S,N,2,0,1,2,A,-,11,21954,A,N,G,B,E,A,H,-,A,D,1,Y,,,,Y,,N,60,1,0,0,0,1,0,0,0,0,"- ","- ",38.15549,-122.56757,MARIN,SAUSALITO,-122.51345714,37.877694750000003
6870604,2015,2016-09-14,9350,2015-03-21,0435,20731,,6,3,9,2100,0,1,2,,2,070,"RT 101","NAVE DR",1056.00,N,N,A,-,Y,MRN,4,101,-,-,16.840,H,-,N,Y,4,0,1,1,A,-,01,23152,A,N,E,I,A,A,H,-,C,D,1,,,,,Y,Y,A,01,0,0,1,0,0,0,0,0,0,"- ","- ",38.051720000000003,-122.53082000000001,MARIN,UNINCORPORATED,-122.53110297000001,38.051050889999999
6870628,2015,2016-09-14,9350,2015-03-23,0841,20955,,1,1,9,2100,0,1,2,,1,030,"RT 101","MONTE MAR DR",1056.00,N,N,B,-,Y,MRN,4,101,-,-,1.900,H,-,N,N,4,0,1,1,A,-,03,22350,,N,E,I,A,B,H,-,A,D,1,,,,,Y,,A,01,0,0,1,0,0,0,0,0,0,"- ","- ",37.856670000000001,-122.49551,MARIN,UNINCORPORATED,-122.4940757,37.855771939999997
6870632,2015,2016-09-07,9350,2015-03-15,1345,20905,,7,1,9,2100,0,1,3,,1,012,"RT 1","PACIFIC WY",15840.00,S,N,B,-,Y,MRN,4,1,-,-,4.810,H,-,N,Y,3,0,1,1,A,-,03,22350,,N,E,I,A,A,H,-,A,D,0,,,Y,,Y,,C,02,0,1,0,0,0,0,0,0,1,"- ","- ",37.867429999999999,-122.56493,MARIN,UNINCORPORATED,-122.56387717,37.869299460000001
6871297,2015,2015-05-11,9350,2015-03-16,2345,018662,,1,3,9,2100,0,2,4,,2,025,"NORTH SAN PEDRO RD","BACKS LAUNCHING",200.00,E,N,A,-,N,,,,,,,,,,Y,3,0,2,1,A,-,01,23152,A,N,E,I,A,A,H,-,D,D,0,,,,,Y,Y,D,22,0,1,1,0,0,0,0,0,0,"- ","- ",38.01361,-122.50326,MARIN,UNINCORPORATED,-122.50325918,38.013588230000003
6872384,2015,2015-04-13,2117,2015-03-04,1231,036,1,3,5,3,2104,0,0,0,,0,002,"MAGNOLIA AV","WILTSHIRE AV",41.00,S,N,A,-,N,,,,,,,,,,N,4,0,1,2,A,-,03,22350,,N,C,C,A,A,H,-,A,D,0,,,,,Y,,A,07,0,0,1,0,0,0,0,0,0,"- ","- ",,,MARIN,LARKSPUR,-122.53268091,37.928542219999997
6872388,2015,2015-04-16,2117,2015-03-11,2033,038,1,3,5,3,2104,0,0,0,,0,002,"DOHERTY DR","MAGNOLIA AV",241.00,E,N,A,-,N,,,,,,,,,,N,4,0,1,2,A,-,01,23152,A,N,D,C,A,A,H,-,C,D,0,,,,,Y,Y,A,01,0,0,1,0,0,0,0,0,0,"- ","- ",37.938879999999997,-122.5339,MARIN,LARKSPUR,-122.53399473,37.93821964
6872392,2015,2015-04-16,2117,2015-03-09,1209,036,3,1,5,3,2108,0,0,0,,0,004,"SIR FRANCIS DRAKE BL","MADRONE AV",5.00,W,N,A,-,N,,,,,,,,,,N,4,0,1,2,A,-,05,21202,A,N,H,G,A,A,H,-,A,A,0,,Y,,,Y,,L,04,0,0,1,0,0,0,1,0,0,"- ","- ",,,MARIN,"SAN ANSELMO",-122.56417684,37.978812619999999
6875546,2015,2015-04-14,2109,2015-03-18,0955,364,16,3,5,5,2109,0,0,0,,0,001,"2ND ST","LINDARO ST",0.00,,Y,A,-,N,,,,,,,,,,Y,3,0,1,2,A,-,12,21453,A,N,D,C,A,A,H,-,A,A,0,,,,,Y,,A,08,0,1,0,0,0,0,0,0,0,"- ","- ",,,MARIN,"SAN RAFAEL",-122.52598989000001,37.97089991
6875550,2015,2016-10-18,2109,2015-03-19,1349,537,46,4,5,5,2109,0,0,0,,0,,"DEL PRESIDIO BL","MANUEL T FREITAS PKWY",0.00,,Y,A,-,Y,MRN,4,101,-,-,13.883,R,4,S,N,3,0,1,2,A,-,08,22107,,F,D,C,A,A,H,-,A,A,0,,,,,Y,,A,01,0,1,0,0,0,0,0,0,0,"- ","- ",,,MARIN,"SAN RAFAEL",-122.54214107999999,38.00953183