CASE_ID,ACCIDENT_YEAR,PROC_DATE,JURIS,COLLISION_DATE,COLLISION_TIME,OFFICER_ID,REPORTING_DISTRICT,DAY_OF_WEEK,CHP_SHIFT,POPULATION,CNTY_CITY_LOC,SPECIAL_COND,BEAT_TYPE,CHP_BEAT_TYPE,CITY_DIVISION_LAPD,CHP_BEAT_CLASS,BEAT_NUMBER,PRIMARY_RD,SECONDARY_RD,DISTANCE,DIRECTION,INTERSECTION,WEATHER_1,WEATHER_2,STATE_HWY_IND,CALTRANS_COUNTY,CALTRANS_DISTRICT,STATE_ROUTE,ROUTE_SUFFIX,POSTMILE_PREFIX,POSTMILE,LOCATION_TYPE,RAMP_INTERSECTION,SIDE_OF_HWY,TOW_AWAY,COLLISION_SEVERITY,NUMBER_KILLED,NUMBER_INJURED,PARTY_COUNT,PRIMARY_COLL_FACTOR,PCF_CODE_OF_VIOL,PCF_VIOL_CATEGORY,PCF_VIOLATION,PCF_VIOL_SUBSECTION,HIT_AND_RUN,TYPE_OF_COLLISION,MVIW,PED_ACTION,ROAD_SURFACE,ROAD_COND_1,ROAD_COND_2,LIGHTING,CONTROL_DEVICE,CHP_ROAD_TYPE,PEDESTRIAN_ACCIDENT,BICYCLE_ACCIDENT,MOTORCYCLE_ACCIDENT,TRUCK_ACCIDENT,NOT_PRIVATE_PROPERTY,ALCOHOL_INVOLVED,STWD_VEHTYPE_AT_FAULT,CHP_VEHTYPE_AT_FAULT,COUNT_SEVERE_INJ,COUNT_VISIBLE_INJ,COUNT_COMPLAINT_PAIN,COUNT_PED_KILLED,COUNT_PED_INJURED,COUNT_BICYCLIST_KILLED,COUNT_BICYCLIST_INJURED,COUNT_MC_KILLED,COUNT_MC_INJURED,PRIMARY_RAMP,SECONDARY_RAMP,LATITUDE,LONGITUDE,COUNTY,CITY,POINT_X,POINT_Y
6989698,2015,2017-01-19,9350,2015-07-03,0915,018797,,5,1,9,2100,0,1,3,,1,052,"RT 1","CLARK RD",528.00,S,N,A,-,Y,MRN,4,1,-,-,39.020,H,-,S,Y,3,0,1,2,A,-,06,21750,,N,D,C,A,A,H,-,A,D,0,,,Y,,Y,,C,02,0,1,0,0,0,0,0,0,1,"- ","- ",38.220849999999999,-122.92205,MARIN,UNINCORPORATED,-122.8967596,38.169503679999998
6989702,2015,2017-01-10,9350,2015-07-02,1925,020225,,4,2,9,2100,0,1,2,,1,030,"RT 101","SPENCER AV",3696.00,N,N,A,-,Y,MRN,4,101,-,-,2.348,R,2,N,Y,4,0,1,1,A,-,03,22350,,N,E,I,A,A,H,-,A,D,1,,,Y,,Y,,C,02,0,0,1,0,0,0,0,0,1,TO,"- ",37.86007,-122.50094,MARIN,UNINCORPORATED,-122.50033424,37.85918495
6989706,2015,2017-01-10,9350,2015-07-01,1004,021099,,3,1,5,2109,0,1,2,,1,060,"RT 101","MERRYDALE RD",510.00,S,N,A,-,Y,MRN,4,101,-,-,13.350,H,-,S,Y,3,0,1,2,A,-,07,21658,A,N,B,C,A,A,H,-,A,D,1,,,Y,,Y,,A,07,0,1,0,0,0,0,0,0,1,"- ","- ",38.00253,-122.53858,MARIN,"SAN RAFAEL",-122.53842086,38.002457159999999
6990494,2015,2015-12-01,9360,2015-07-05,1800,016000,,7,2,9,2100,0,3,5,,2,007,"CHILENO VALLEY RD","WILSON HILL RD",15840.00,W,N,B,-,N,,,,,,,,,,Y,3,0,1,1,A,-,08,22107,,N,E,I,A,A,H,-,A,D,0,,,,,Y,Y,D,22,0,1,0,0,0,0,0,0,0,"- ","- ",38.205919999999999,-122.75912,MARIN,UNINCORPORATED,-122.75892340999999,38.20578742
6990528,2015,2015-08-22,9350,2015-07-21,1506,20955,,2,2,9,2100,0,2,4,,2,024,"SIR FRANCIS DRAKE BL","BON AIR RD",0.00,,Y,A,-,N,,,,,,,,,,Y,4,0,2,3,A,-,12,21453,A,N,D,C,A,A,H,-,A,A,0,,,,,Y,,A,01,0,0,2,0,0,0,0,0,0,"- ","- ",37.95044,-122.53373000000001,MARIN,UNINCORPORATED,-122.53372988,37.950489910000002
6990540,2015,2015-08-05,9350,2015-07-17,1337,017419,,5,1,9,2100,0,2,4,,1,046,"POINT REYES PETALUMA RD","PLATFORM BRIDGE RD",7920.00,W,N,A,-,N,,,,,,,,,,Y,3,0,1,1,A,-,08,22107,,N,E,I,A,A,H,-,A,D,0,,,,,Y,,D,22,0,1,0,0,0,0,0,0,0,"- ","- ",38.08126,-122.78491,MARIN,UNINCORPORATED,-122.78211419,38.082909999999998
6994407,2015,2015-08-29,2109,2015-07-24,1122,587,7,5,5,5,2109,0,0,0,,0,001,"2ND ST",HAYES,20.00,E,N,A,-,N,,,,,,,,,,Y,4,0,2,3,A,-,03,22350,A,N,C,C,A,A,H,-,A,D,0,,,,,Y,,A,01,0,0,2,0,0,0,0,0,0,"- ","- ",,,MARIN,"SAN RAFAEL",-122.53570711,37.972086760000003
6994411,2015,2015-09-01,2109,2015-07-23,1841,550,23,4,5,5,2109,0,0,0,,0,003,"FRANCISCO BL","SHORELINE PKWY",800.00,W,N,A,-,N,,,,,,,,,,N,4,0,1,2,A,-,03,22350,,N,C,C,A,A,H,-,B,D,0,,,,,Y,,D,22,0,0,1,0,0,0,0,0,0,"- ","- ",37.951320000000003,-122.49473999999999,MARIN,"SAN RAFAEL",-122.49678852,37.952206480000001
6994656,2015,2015-08-29,2109,2015-07-25,1926,268,29,6,5,5,2109,0,0,0,,0,,"3RD ST","UNION ST",30.00,E,N,A,-,N,,,,,,,,,,N,4,0,1,2,A,-,03,22350,,N,C,C,A,A,H,-,A,D,0,,,,,Y,,A,01,0,0,1,0,0,0,0,0,0,"- ","- ",37.971200000000003,-122.51672000000001,MARIN,"SAN RAFAEL",-122.51648785,37.970370590000002
6994666,2015,2016-07-20,2109,2015-07-18,1100,566,50,6,5,5,2109,0,0,0,,0,005,"MANUEL T FREITAS PKWY","NORTHGATE DR",0.00,,Y,A,-,N,,,,,,,,,,Y,3,0,2,2,A,-,08,22100,B,N,D,C,A,A,H,-,A,A,0,,,,,Y,,A,01,0,1,1,0,0,0,0,0,0,"- ","- ",,,MARIN,"SAN RAFAEL",-122.54528989000001,38.008009889999997
6994670,2015,2015-08-05,2109,2015-07-19,2118,517,46,7,5,5,2109,0,0,0,,0,005,"LAS GALLINAS AV","NORTHGATE DR",0.00,,Y,A,-,N,,,,,,,,,,N,2,0,2,3,A,-,12,21453,A,N,G,B,B,C,H,-,C,A,0,Y,,,,Y,,A,07,1,0,1,0,2,0,0,0,0,"- ","- ",38.006709999999998,-122.54561,MARIN,"SAN RAFAEL",-122.54556995999999,38.006689969999996
6995508,2015,2015-08-29,2117,2015-07-11,1909,087,3,6,5,3,2108,0,0,0,,0,004,"SAN FRANCISCO BL","SACRAMENTO AV",0.00,,Y,A,-,N,,,,,,,,,,Y,4,0,2,2,A,-,09,21800,A,N,D,C,A,A,H,-,A,D,0,,,,,Y,,A,01,0,0,2,0,0,0,0,0,0,"- ","- ",37.988900000000001,-122.56251,MARIN,"SAN ANSELMO",-122.5624,37.988949949999999
6995631,2015,2015-08-13,2108,2015-06-29,1325,041,3,1,5,3,2108,0,0,0,,0,004,"BUTTERFIELD RD","OAK KNOLL DR",0.00,,Y,A,-,N,,,,,,,,,,N,4,0,1,2,A,-,03,22350,,N,C,C,A,A,H,-,A,D,0,,,,,Y,,A,07,0,0,1,0,0,0,0,0,0,"- ","- ",37.986530000000002,-122.57785,MARIN,"SAN ANSELMO",-122.57559997,37.999529899999999
6995729,2015,2015-08-01,2103,2015-06-15,1720,093,TAYRO,1,5,2,2103,0,0,0,,0,PAT,"SIR FRANCIS DRAKE BL","CLAUS DR",0.00,,Y,A,-,N,,,,,,,,,,N,3,0,1,2,A,-,10,21950,A,N,G,B,B,A,H,-,A,A,0,Y,,,,Y,,A,07,0,1,0,0,1,0,0,0,0,"- ","- ",,,MARIN,FAIRFAX,-122.5894799,37.987389980000003
6995733,2015,2015-08-01,2103,2015-06-04,1122,103,DNTN,4,5,2,2103,0,0,0,,0,PAT,BROADWAY,"BANK ST",18.00,E,N,A,-,N,,,,,,,,,,N,4,0,1,2,A,-,08,22107,,N,B,E,A,A,H,-,A,A,0,,,,,Y,,A,01,0,0,1,0,0,0,0,0,0,"- ","- ",,,MARIN,FAIRFAX,-122.58995901999999,37.987199240000002
6996021,2015,2016-07-19,2117,2015-07-10,1840,080,2A,5,5,2,2102,0,0,0,,0,002,"LAKESIDE DR","MONONA DR",0.00,,Y,A,-,N,,,,,,,,,,N,3,0,1,2,A,-,10,21950,A,N,G,B,B,A,H,-,A,D,0,Y,,,,Y,,A,07,0,1,0,0,1,0,0,0,0,"- ","- ",,,MARIN,"CORTE MADERA",-122.52075994,37.928319979999998
6996038,2015,2017-01-24,9350,2015-07-13,0122,020647,,1,3,9,2100,0,1,1,,1,015,"RT 580","MAIN ST",50.00,E,N,A,-,Y,MRN,4,580,-,-,2.620,H,-,W,Y,4,0,1,1,A,-,01,23152,E,N,E,I,A,A,H,-,D,D,1,,,,,Y,,A,01,0,0,1,0,0,0,0,0,0,"- ","- ",,,MARIN,UNINCORPORATED,-122.47973628,37.94318414
6996042,2015,2017-01-10,9350,2015-07-17,1345,019798,,5,1,9,2100,0,1,2,,1,080,"RT 101","ATHERTON AV",4224.00,N,N,B,-,Y,MRN,4,101,-,-,22.800,H,-,N,N,4,0,1,2,A,-,03,22350,,N,C,C,A,A,H,-,A,D,1,,,,,Y,,A,01,0,0,1,0,0,0,0,0,0,"- ","- ",,,MARIN,UNINCORPORATED,-122.56530067,38.126973800000002
6996046,2015,2017-01-10,9350,2015-07-17,1020,019150,,5,1,2,2102,0,1,2,,2,050,"RT 101","WORNUM DR",1056.00,S,N,A,-,Y,MRN,4,101,-,-,8.220,H,-,N,Y,4,0,1,1,A,-,07,21658,A,N,E,I,A,A,H,-,A,D,3,,,,,Y,,A,01,0,0,1,0,0,0,0,0,0,"- ","- ",,,MARIN,"CORTE MADERA",-122.51645043000001,37.938253950000004
6996050,2015,2015-09-02,9350,2015-07-11,1145,020955,,6,1,9,2100,0,2,4,,1,014,"PANORAMIC HWY","PAN TOLL RD",4752.00,E,N,A,-,N,,,,,,,,,,N,2,0,1,1,A,-,03,22350,,N,F,A,A,A,H,-,A,D,0,,Y,,,Y,,L,04,1,0,0,0,0,0,1,0,0,"- ","- ",,,MARIN,UNINCORPORATED,-122.59700561,37.913048000000003
6996054,2015,2017-01-19,9350,2015-07-11,1315,020955,,6,1,3,2105,0,1,3,,1,012,"RT 1","ERICA RD",1056.00,S,N,A,-,Y,MRN,4,1,-,-,2.640,H,-,S,N,4,0,1,1,A,-,03,22350,,N,H,G,A,A,H,-,A,D,0,,Y,,,Y,,L,04,0,0,1,0,0,0,1,0,0,"- ","- ",,,MARIN,"MILL VALLEY",-122.54526258,37.887737010000002
6996088,2015,2017-01-14,9350,2015-07-15,0910,15765,,3,1,9,2100,0,1,2,,1,080,"RT 101","SAN ANTONIO RD",5280.00,N,N,A,-,Y,MRN,4,101,-,-,26.560,H,-,S,Y,4,0,2,3,A,-,03,22350,,N,C,C,A,A,H,-,A,D,0,,,,,Y,,A,01,0,0,2,0,0,0,0,0,0,"- ","- ",38.178330000000003,-122.59654,MARIN,UNINCORPORATED,-122.58955413,38.173093950000002
6996728,2015,2016-11-05,2117,2015-05-10,1009,043,2,7,5,2,2102,0,0,0,,0,001,"TAMALPAIS DR","RT 101",5.00,E,N,A,-,Y,MRN,4,101,-,-,7.234,R,4,N,Y,4,0,1,2,A,-,12,21453,A,N,D,D,A,A,H,-,A,A,0,,,,,Y,,A,01,0,0,1,0,0,0,0,0,0,"- ","- ",,,MARIN,"CORTE MADERA",-122.51361925,37.924288109999999
6996783,2015,2015-07-31,2103,2015-05-30,1838,153,WEST,6,5,2,2103,0,0,0,,0,PAT,"SIR FRANCIS DRAKE BL","GLEN DR",28.00,W,N,A,-,N,,,,,,,,,,N,4,0,3,2,A,-,04,21703,,N,C,C,A,A,H,-,A,A,0,,,,,Y,,A,07,0,0,3,0,0,0,0,0,0,"- ","- ",,,MARIN,FAIRFAX,-122.60324608000001,38.000201650000001
6997035,2015,2015-11-09,2109,2015-06-28,1908,527,16,7,5,5,2109,0,0,0,,0,002,"4TH ST","LOOTENS ST",92.00,E,N,A,-,N,,,,,,,,,,N,4,0,1,2,A,-,03,22350,,N,B,E,A,A,H,-,A,A,0,,Y,,,Y,,L,04,0,0,1,0,0,0,1,0,0,"- ","- ",37.972670000000001,-122.52574,MARIN,"SAN RAFAEL",-122.52570624000001,37.972883269999997
6997103,2015,2015-08-04,2117,2015-03-18,0839,036,3,3,5,3,2108,0,0,0,,0,004,"SIR FRANCIS DRAKE BL","BRIDGE AV",285.00,E,N,A,-,N,,,,,,,,,,Y,2,0,1,2,A,-,08,22107,,N,C,C,A,A,H,-,A,D,0,,,Y,,Y,,A,01,1,0,0,0,0,0,0,0,1,"- ","- ",,,MARIN,"SAN ANSELMO",-122.56236748000001,37.977050589999997
6997111,2015,2015-08-10,2117,2015-03-28,2146,087,2,6,5,2,2102,0,0,0,,0,001,"TAMALPAIS DR","MADERA BL",35.00,E,N,A,-,N,,,,,,,,,,N,4,0,2,2,A,-,21,22106,,N,C,C,A,A,H,-,C,A,0,,,,,Y,,A,07,0,0,2,0,0,0,0,0,0,"- ","- ",,,MARIN,"CORTE MADERA",-122.51855897,37.92512266
6998306,2015,2016-12-15,9350,2015-06-28,1634,020665,,7,2,9,2100,0,1,2,,2,020,"RT 101","VISTA POINT CIR",950.00,S,N,A,-,Y,MRN,4,101,-,-,0.010,H,-,N,N,3,0,1,2,A,-,07,21658,A,N,B,C,A,A,H,-,A,D,1,,,Y,,Y,,A,01,0,1,0,0,0,0,0,0,1,"- ","- ",37.493090000000002,-122.28440000000001,MARIN,UNINCORPORATED,-122.48122668000001,37.832628300000003
7000334,2015,2015-07-23,2117,2015-05-30,1310,037,2,6,5,2,2102,0,0,0,,0,001,"TAMALPAIS DR","SANFORD DR",0.00,,Y,A,-,N,,,,,,,,,,N,4,0,1,2,A,-,12,21453,A,N,D,C,A,A,H,-,A,A,0,,,,,Y,,A,01,0,0,1,0,0,0,0,0,0,"- ","- ",37.924999999999997,-122.51884,MARIN,"CORTE MADERA",-122.51867987999999,37.92512996
7001294,2015,2017-01-19,9350,2015-07-08,1055,013814,,3,1,9,2100,0,1,3,,1,052,"RT 1","KEYES CRK",13728.00,S,N,B,-,Y,MRN,4,1,-,-,41.850,H,-,N,Y,2,0,1,2,D,-,00,,,N,D,C,A,A,H,-,A,D,0,,,Y,,Y,,-,"- ",1,0,0,0,0,0,0,0,1,"- ","- ",38.924950000000003,-122.21068,MARIN,UNINCORPORATED,-122.92103988,38.201416090000002
7001302,2015,2017-01-10,9350,2015-07-06,0535,020865,,1,3,9,2100,0,1,2,,2,020,"RT 101","WALDO TUNNEL",164.00,S,N,B,-,Y,MRN,4,101,-,-,0.870,H,-,N,Y,4,0,1,1,A,-,03,22350,,N,E,I,A,B,H,-,A,D,1,,,,,Y,,D,22,0,0,1,0,0,0,0,0,0,"- ","- ",37.843200000000003,-122.48557,MARIN,UNINCORPORATED,-122.48549343000001,37.843009700000003
7001303,2015,2017-01-10,9350,2015-07-03,1305,020955,,5,1,4,2106,0,1,2,,1,080,"RT 101","ATHERTON AV",1056.00,N,N,A,-,Y,MRN,4,101,-,R,22.220,H,-,S,Y,4,0,1,2,A,-,03,22350,,N,C,C,A,A,H,-,A,D,1,,,,,Y,,D,22,0,0,1,0,0,0,0,0,0,"- ","- ",38.120229999999999,-122.56574999999999,MARIN,NOVATO,-122.56575669999999,38.120754290000001
7002037,2015,2015-07-30,9350,2015-07-04,1545,18319,,6,2,9,2100,0,2,4,,2,026,"NOVATO BL","STAFFORD LAKE PK ENTRANCE",750.00,S,N,A,-,N,,,,,,,,,,Y,3,0,1,1,A,-,03,22350,,N,E,I,A,A,H,-,A,D,0,,,Y,,Y,,C,02,0,1,0,0,0,0,0,0,1,"- ","- ",38.117609999999999,-122.64785000000001,MARIN,UNINCORPORATED,-122.64785000000001,38.117609999999999
7002469,2015,2017-01-19,9350,2015-07-05,2055,20613,,7,2,9,2100,0,1,3,,1,012,"RT 1","PANORAMIC HWY",1056.00,S,N,C,-,Y,MRN,4,1,-,-,3.050,H,-,S,Y,3,0,1,1,A,-,01,23152,A,N,E,I,A,B,H,-,D,D,0,,,,,Y,Y,A,01,0,1,0,0,0,0,0,0,0,"- ","- ",37.88693,-122.55155999999999,MARIN,UNINCORPORATED,-122.55149766,37.887029750000004
7002473,2015,2017-01-14,9350,2015-07-03,1330,21075,,5,1,9,2100,0,1,2,,2,040,"RT 101","RICHARDSON BAY BR",1056.00,S,N,A,-,Y,MRN,4,101,-,-,3.730,H,-,N,Y,4,0,1,2,A,-,03,22350,,N,C,C,A,A,H,-,A,D,1,,,,,Y,,A,01,0,0,1,0,0,0,0,0,0,"- ","- ",37.877160000000003,-122.51192,MARIN,UNINCORPORATED,-122.51110808,37.876391769999998
7002477,2015,2015-07-24,9350,2015-07-02,1115,20764,,4,1,9,2100,0,3,5,,2,004,"BON AIR RD","VIA HIDALGO",64.00,N,N,B,-,N,,,,,,,,,,Y,4,0,2,2,A,-,03,22350,,N,C,C,A,A,H,-,A,A,0,,,,,Y,,A,01,0,0,2,0,0,0,0,0,0,"- ","- ",37.949959999999997,-122.53386999999999,MARIN,UNINCORPORATED,-122.53389957,37.9502168
7002853,2015,2016-07-19,2109,2015-07-15,1553,550,16,3,5,5,2109,0,0,0,,0,002,"LINDARO ST","2ND ST",14.00,N,N,A,-,N,,,,,,,,,,N,4,0,1,2,A,-,03,22350,,N,C,C,A,A,H,-,A,D,0,,,,,Y,,A,01,0,0,1,0,0,0,0,0,0,"- ","- ",37.971130000000002,-122.5257,MARIN,"SAN RAFAEL",-122.52598377,37.970938140000001
7002857,2015,2015-11-20,2109,2015-07-15,0630,538,17,3,5,5,2109,0,0,0,,0,002,"LINCOLN AV","3RD ST",0.00,,Y,A,-,N,,,,,,,,,,N,4,0,1,2,A,-,12,21453,A,N,D,C,A,A,H,-,B,A,0,,,,,Y,,-,"- ",0,0,1,0,0,0,0,0,0,"- ","- ",37.97166,-122.52406000000001,MARIN,"SAN RAFAEL",-122.52407993,37.971659930000001
7003251,2015,2015-08-03,2109,2015-07-20,0146,517,46,1,5,5,2109,0,0,0,,0,005,"FREITAS PKWY","LAS GALLINAS AV",0.00,,Y,A,-,N,,,,,,,,,,N,4,0,1,1,A,-,01,23152,A,N,E,I,A,A,H,-,C,A,0,,,,,Y,Y,A,01,0,0,1,0,0,0,0,0,0,"- ","- ",,,MARIN,"SAN RAFAEL",-122.54901052,38.009638520000003
7003267,2015,2015-08-05,2109,2015-07-21,1800,554,26,2,5,5,2109,0,0,0,,0,,"IRWIN ST","5TH AV",40.00,S,N,A,-,N,,,101,,,,,,,N,4,0,1,2,A,-,03,22350,,N,C,C,A,A,H,-,A,D,0,,,,,Y,,A,01,0,0,1,0,0,0,0,0,0,"- ","- ",37.97298,-122.52048000000001,MARIN,"SAN RAFAEL",-122.52119958,37.973181310000001
7003350,2015,2015-07-30,9350,2015-07-04,1425,019875,,6,2,9,2100,0,2,4,,1,044,"SIR FRANCIS DRAKE BL","SAN GERONIMO VALLEY DR",20.00,E,N,A,-,N,,,,,,,,,,Y,4,0,1,2,A,-,08,22107,,N,A,C,A,A,H,-,A,D,0,,,,,Y,,A,07,0,0,1,0,0,0,0,0,0,"- ","- ",38.012540000000001,-122.62982,MARIN,UNINCORPORATED,-122.67009473,38.015211229999998
7003358,2015,2015-07-30,9350,2015-07-10,1730,019927,,5,2,9,2100,0,3,5,,2,002,"DONAHUE ST","DRAKE AV",0.00,,Y,A,-,N,,,,,,,,,,Y,4,0,3,2,A,-,09,21802,A,N,D,C,A,A,H,-,A,A,0,,,,,Y,,A,01,0,0,3,0,0,0,0,0,0,"- ","- ",37.924700000000001,-122.5115,MARIN,UNINCORPORATED,-122.51182995000001,37.873419939999998
7005014,2015,2015-07-24,2109,2015-07-10,0753,587,14,5,5,5,2109,0,0,0,,0,002,"MISSION AV","LINCOLN AV",10.00,W,N,B,-,N,,,,,,,,,,Y,4,0,1,2,A,-,03,22350,A,N,C,C,A,A,H,-,A,D,0,,,,,Y,,A,01,0,0,1,0,0,0,0,0,0,"- ","- ",,,MARIN,"SAN RAFAEL",-122.52344429,37.97430421
7005015,2015,2015-07-24,2109,2015-07-04,1602,534,26,6,5,5,2109,0,0,0,,0,004,"2ND ST","IRWIN ST",0.00,,Y,A,-,N,,,,,,,,,,N,4,0,3,2,A,-,08,22101,D,N,B,C,A,A,H,-,A,A,0,,,,,Y,,A,01,0,0,3,0,0,0,0,0,0,"- ","- ",,,MARIN,"SAN RAFAEL",-122.52116997,37.970479910000002
7005502,2015,2015-07-29,2109,2015-07-08,1342,476,46,3,5,5,2109,0,0,0,,0,005,"MANUEL T FREITAS PKWY","DEL PRESIDIO BL",0.00,,Y,A,-,N,,,,,,,,,,Y,4,0,1,2,A,-,17,21461,A,N,D,C,A,A,H,-,A,A,0,,,,,Y,,A,01,0,0,1,0,0,0,0,0,0,"- ","- ",,,MARIN,"SAN RAFAEL",-122.54391991,38.007289970000002
7005754,2015,2017-01-24,9350,2015-07-06,1850,16836,,1,2,5,2109,0,1,1,,1,015,"RT 580","MAIN ST",900.00,W,N,A,-,Y,MRN,4,580,-,-,2.820,H,-,E,N,4,0,1,2,A,-,03,22350,,N,C,C,A,A,H,-,A,D,1,,,,,Y,,A,01,0,0,1,0,0,0,0,0,0,"- ","- ",37.944839999999999,-122.48533999999999,MARIN,"SAN RAFAEL",-122.48323429,37.944730880000002
7005819,2015,2015-07-28,2117,2015-04-20,1307,036,3,1,5,3,2108,0,0,0,,0,004,"BUTTERFIELD RD",KILGORE,106.00,S,N,A,-,N,,,,,,,,,,Y,4,0,1,1,C,-,18,,,N,E,I,A,A,H,-,A,D,0,,,,,Y,,-,"- ",0,0,1,0,0,0,0,0,0,"- ","- ",,,MARIN,"SAN ANSELMO",-122.57742362,37.989793040000002
7005823,2015,2015-07-28,2117,2015-04-24,0919,020,2A,5,5,2,2102,0,0,0,,0,002,"SANDPIPER CIR","TAMAL VISTA BL",7.00,W,N,A,-,N,,,,,,,,,,N,4,0,2,4,A,-,10,21950,A,N,G,B,B,A,H,-,A,D,0,Y,,,,Y,,A,01,0,0,2,0,2,0,0,0,0,"- ","- ",,,MARIN,"CORTE MADERA",-122.51857304000001,37.934763940000003
7005827,2015,2015-07-28,2117,2015-04-20,1416,037,2A,1,5,2,2102,0,0,0,,0,002,"PIXLEY AV","TAMALPAIS DR",291.00,N,N,A,-,N,,,,,,,,,,Y,4,0,1,3,A,-,03,22350,,N,A,E,A,A,H,-,A,D,0,,,,,Y,,A,01,0,0,1,0,0,0,0,0,0,"- ","- ",37.92662,-122.52659,MARIN,"CORTE MADERA",-122.52645056,37.926315520000003
7005831,2015,2015-07-28,2117,2015-04-01,1813,038,1,3,5,3,2104,0,0,0,,0,002,"MAGNOLIA AV",WILLIAM,7.00,N,N,A,-,N,,,,,,,,,,N,4,0,1,2,A,-,08,22107,,N,H,G,A,A,H,-,B,D,0,,Y,,,Y,,A,01,0,0,1,0,0,0,1,0,0,"- ","- ",,,MARIN,LARKSPUR,-122.53590359,37.932029020000002
7005835,2015,2015-07-31,2117,2015-04-02,0021,087,2,4,5,2,2102,0,0,0,,0,001,"CORTE MADERA AV","CHAPMAN DR",245.00,N,N,A,-,N,,,,,,,,,,Y,3,0,1,1,A,-,03,22350,,M,E,I,A,A,H,-,-,-,0,,,,,Y,,A,01,0,1,0,0,0,0,0,0,0,"- ","- ",37.917290000000001,-122.52676,MARIN,"CORTE MADERA",-122.52648888,37.917400000000001
7006737,2015,2016-01-07,9350,2015-07-23,1214,17419,,4,1,9,2100,0,2,4,,1,016,"LUCAS VALLEY RD","WESTGATE DR",6336.00,W,N,A,-,N,,,,,,,,,,Y,1,1,0,2,A,-,08,22107,,N,F,A,A,A,H,-,A,D,0,,,Y,Y,Y,,C,02,0,0,0,0,0,0,0,1,0,"- ","- ",38.043779999999998,-122.61342999999999,MARIN,UNINCORPORATED,-122.61524088,38.043980879999999
7007408,2015,2017-01-24,9350,2015-07-13,1750,016836,,1,2,5,2109,0,1,1,,1,015,"RT 580","SIR FRANCIS DRAKE",500.00,E,N,A,-,Y,MRN,4,580,-,-,3.170,H,-,E,N,3,0,1,2,D,-,00,,,N,B,C,A,A,H,-,A,D,1,,,Y,,Y,,-,"- ",0,1,0,0,0,0,0,0,1,"- ","- ",37.945160000000001,-122.48944,MARIN,"SAN RAFAEL",-122.48953151000001,37.94522594
7010963,2015,2017-01-10,9350,2015-07-22,0303,020092,,3,3,2,2102,0,1,2,,2,050,"RT 101","TAMALPAIS AV",2005.00,N,N,A,-,Y,MRN,4,101,-,-,7.750,H,-,S,Y,4,0,1,1,A,-,08,22107,,N,E,I,A,A,H,-,D,D,1,,,,,Y,,A,01,0,0,1,0,0,0,0,0,0,"- ","- ",37.933770000000003,-122.5164,MARIN,"CORTE MADERA",-122.51611238,37.93147724
7010964,2015,2017-01-10,9350,2015-07-20,1200,15765,,1,1,9,2100,0,1,2,,1,080,"RT 101","SONOMA CO LINE",930.00,S,N,A,-,Y,MRN,4,101,-,-,27.450,H,-,N,Y,3,0,1,1,A,-,08,22107,,N,F,A,A,A,H,-,A,D,0,,,,,Y,,A,01,0,1,0,0,0,0,0,0,0,"- ","- ",38.180880000000002,-122.59905999999999,MARIN,UNINCORPORATED,-122.60026071999999,38.182764839999997
7010965,2015,2015-08-24,9350,2015-07-03,1641,21075,,5,2,9,2100,0,2,4,,1,044,"SIR FRANCIS DRAKE BL","BAYWOOD CANYON RD",2640.00,W,N,A,-,N,,,,,,,,,,N,2,0,1,1,A,-,03,22350,,N,F,A,A,A,H,-,A,D,0,,Y,,,Y,,L,04,1,0,0,0,0,0,1,0,0,"- ","- ",38.00788,-122.61682999999999,MARIN,UNINCORPORATED,-122.61673471,38.007885960000003
7010966,2015,2017-01-10,9350,2015-07-15,1413,021099,,3,2,9,2100,0,1,2,,2,050,"RT 101","RT 580",1618.00,S,N,A,-,Y,MRN,4,101,-,-,9.650,H,-,N,Y,4,0,3,4,A,-,03,22350,,N,C,C,A,A,H,-,A,D,1,,,,,Y,,A,01,0,0,3,0,0,0,0,0,0,"- ","- ",37.959350000000001,-122.50918,MARIN,UNINCORPORATED,-122.50885877,37.957399909999999
7010967,2015,2015-08-24,9350,2015-07-12,0625,019875,,7,1,9,2100,0,2,4,,1,016,"LUCAS VALLEY RD","NICASIO VALLEY RD",3168.00,E,N,A,-,N,,,,,,,,,,Y,4,0,1,2,A,-,03,22350,,N,B,C,A,A,H,-,A,D,0,,,Y,,Y,,C,02,0,0,1,0,0,0,0,0,1,"- ","- ",38.05012,-122.68351,MARIN,UNINCORPORATED,-122.68417238000001,38.050598569999998
7010968,2015,2017-01-10,9350,2015-07-18,2005,020639,,6,2,4,2106,0,1,2,,1,080,"RT 101","ATHERTON AV",20.00,S,N,A,-,Y,MRN,4,101,-,R,21.809,R,1,N,N,4,0,1,2,A,-,03,22350,,N,C,C,A,A,H,-,A,A,1,,,,,Y,,A,01,0,0,1,0,0,0,0,0,0,"- ","- ",38.117310000000003,-122.56437,MARIN,NOVATO,-122.56452682,38.114907469999999
7010969,2015,2015-08-24,9350,2015-07-17,1730,019927,,5,2,9,2100,0,3,5,,2,006,"NICASIO VALLEY RD","SIR FRANCIS DRAKE BL",5280.00,N,N,A,-,N,,,,,,,,,,Y,3,0,1,1,A,-,08,22107,,N,E,I,A,A,H,-,A,D,0,,,Y,,Y,,C,02,0,1,0,0,0,0,0,0,1,"- ","- ",38.025120000000001,-122.66446000000001,MARIN,UNINCORPORATED,-122.66448379000001,38.024545170000003
7011239,2015,2015-09-18,2117,2015-07-05,1626,016,3,7,5,3,2108,0,0,0,,0,004,"SIR FRANCIS DRAKE BL","MADRONE AV",118.00,W,N,A,-,N,,,,,,,,,,Y,3,0,1,1,A,-,03,22350,,N,H,A,A,A,H,-,A,D,0,,,Y,,Y,,C,02,0,1,0,0,0,0,0,0,1,"- ","- ",,,MARIN,"SAN ANSELMO",-122.56433456000001,37.979096779999999
7011289,2015,2015-09-19,2109,2015-08-27,2500,575,14,4,5,5,2109,0,0,0,,0,,"LINCOLN AV","MISSION AV",0.00,,Y,A,-,N,,,,,,,,,,Y,4,0,2,3,A,-,12,21453,A,N,H,C,A,-,H,-,A,A,0,,,,,Y,,A,01,0,0,2,0,0,0,0,0,0,"- ","- ",37.974110000000003,-122.52374,MARIN,"SAN RAFAEL",-122.5234099,37.974299950000002