CASE_ID,ACCIDENT_YEAR,PROC_DATE,JURIS,COLLISION_DATE,COLLISION_TIME,OFFICER_ID,REPORTING_DISTRICT,DAY_OF_WEEK,CHP_SHIFT,POPULATION,CNTY_CITY_LOC,SPECIAL_COND,BEAT_TYPE,CHP_BEAT_TYPE,CITY_DIVISION_LAPD,CHP_BEAT_CLASS,BEAT_NUMBER,PRIMARY_RD,SECONDARY_RD,DISTANCE,DIRECTION,INTERSECTION,WEATHER_1,WEATHER_2,STATE_HWY_IND,CALTRANS_COUNTY,CALTRANS_DISTRICT,STATE_ROUTE,ROUTE_SUFFIX,POSTMILE_PREFIX,POSTMILE,LOCATION_TYPE,RAMP_INTERSECTION,SIDE_OF_HWY,TOW_AWAY,COLLISION_SEVERITY,NUMBER_KILLED,NUMBER_INJURED,PARTY_COUNT,PRIMARY_COLL_FACTOR,PCF_CODE_OF_VIOL,PCF_VIOL_CATEGORY,PCF_VIOLATION,PCF_VIOL_SUBSECTION,HIT_AND_RUN,TYPE_OF_COLLISION,MVIW,PED_ACTION,ROAD_SURFACE,ROAD_COND_1,ROAD_COND_2,LIGHTING,CONTROL_DEVICE,CHP_ROAD_TYPE,PEDESTRIAN_ACCIDENT,BICYCLE_ACCIDENT,MOTORCYCLE_ACCIDENT,TRUCK_ACCIDENT,NOT_PRIVATE_PROPERTY,ALCOHOL_INVOLVED,STWD_VEHTYPE_AT_FAULT,CHP_VEHTYPE_AT_FAULT,COUNT_SEVERE_INJ,COUNT_VISIBLE_INJ,COUNT_COMPLAINT_PAIN,COUNT_PED_KILLED,COUNT_PED_INJURED,COUNT_BICYCLIST_KILLED,COUNT_BICYCLIST_INJURED,COUNT_MC_KILLED,COUNT_MC_INJURED,PRIMARY_RAMP,SECONDARY_RAMP,LATITUDE,LONGITUDE,COUNTY,CITY,POINT_X,POINT_Y
7109410,2015,2015-11-19,2117,2015-09-08,1648,041,2,2,5,2,2102,0,0,0,,0,001,"SAN CLEMENTE DR","PARADISE DR",0.00,,Y,A,-,N,,,,,,,,,,Y,3,0,1,3,A,-,09,21801,A,N,A,C,A,A,H,-,A,A,0,,,,,Y,,A,01,0,1,0,0,0,0,0,0,0,"- ","- ",,,MARIN,"CORTE MADERA",-122.51020991999999,37.920809970000001
7109414,2015,2016-07-19,2117,2015-09-19,2027,080,2,6,5,2,2102,0,0,0,,0,001,"SAN CLEMENTE DR","PG%E POLE #636",120.00,N,N,A,-,N,,,,,,,,,,Y,3,0,1,1,A,-,01,23153,,F,E,I,A,A,H,-,C,D,0,,,,,Y,Y,A,01,0,1,0,0,0,0,0,0,0,"- ","- ",37.927300000000002,-122.51206999999999,MARIN,"CORTE MADERA",,
7109420,2015,2015-11-19,2109,2015-10-28,1800,550,21,3,5,5,2109,0,0,0,,0,003,"CANAL ST","KERNER BL",147.00,W,N,A,-,N,,,,,,,,,,N,4,0,1,2,A,-,21,22106,,N,B,G,A,A,H,-,B,D,0,,Y,,,Y,,L,04,0,0,1,0,0,0,1,0,0,"- ","- ",37.967770000000002,-122.49995,MARIN,"SAN RAFAEL",-122.50001008,37.967982050000003
7109424,2015,2015-11-19,2109,2015-10-29,1636,528,7,4,5,5,2109,0,0,0,,0,001,"2ND ST","D ST",0.00,,Y,A,-,N,,,,,,,,,,Y,4,0,2,2,A,-,03,22350,,N,C,C,A,A,H,-,A,D,0,,,,,Y,,A,08,0,0,2,0,0,0,0,0,0,"- ","- ",37.971809999999998,-122.53193,MARIN,"SAN RAFAEL",-122.53230994,37.971559919999997
7109438,2015,2015-11-19,2117,2015-09-08,1105,036,1,2,5,3,2104,0,0,0,,0,002,"WARD ST","MEADWOOD DR",150.00,W,N,A,-,N,,,,,,,,,,N,3,0,1,2,A,-,12,22450,A,N,H,G,A,A,H,-,A,A,0,,Y,,,Y,,L,04,0,1,0,0,0,0,1,0,0,"- ","- ",37.93629,-122.53536,MARIN,LARKSPUR,-122.5345212,37.935966299999997
7109459,2015,2015-11-17,2117,2015-07-18,1807,082,1,6,5,3,2104,0,0,0,,0,002,"MAGNOLIA AV","CREEKSIDE DR",109.00,N,N,A,-,N,,,,,,,,,,N,3,0,1,1,C,-,18,,,N,H,-,A,A,H,-,A,D,0,,Y,,,Y,,-,"- ",0,1,0,0,0,0,1,0,0,"- ","- ",37.945480000000003,-122.53247,MARIN,LARKSPUR,-122.53903874,37.941463560000003
7109473,2015,2015-11-17,2109,2015-11-05,1647,513,13,4,5,5,2109,0,0,0,,0,,"LINCOLN AV","MYRTLE AV",180.00,N,N,A,-,N,,,,,,,,,,N,3,0,1,2,A,-,11,21954,A,N,G,B,E,A,H,-,A,D,0,Y,,,,Y,,N,60,0,1,0,0,1,0,0,0,0,"- ","- ",37.984659999999998,-122.52518000000001,MARIN,"SAN RAFAEL",-122.52539467,37.984970070000003
7109477,2015,2015-11-17,2109,2015-11-01,1406,541,18,7,5,5,2109,0,0,0,,0,003,"YACHT CLUB DR","FRANCISCO BL E",0.00,,Y,A,-,N,,,,,,,,,,N,3,0,1,2,A,-,05,21650,1,N,H,G,A,A,H,-,A,A,0,,Y,,,Y,,L,04,0,1,0,0,0,0,1,0,0,"- ","- ",,,MARIN,"SAN RAFAEL",-122.51722995,37.966939969999999
7109700,2015,2016-01-29,2109,2015-10-30,1616,515,17,5,5,5,2109,0,0,0,,0,,"LINCOLN AV","RITTER ST",0.00,,Y,A,-,N,,,,,,,,,,Y,4,0,1,2,A,-,08,22107,,N,A,C,A,A,H,-,A,D,0,,,,,Y,,-,,0,0,1,0,0,0,0,0,0,"- ","- ",37.971040000000002,-122.52422,MARIN,"SAN RAFAEL",-122.52423998,37.971019910000003
7109778,2015,2016-02-05,2109,2015-11-02,1500,538,7,1,5,5,2109,0,0,0,,0,001,"4TH ST","B ST",0.00,,Y,B,-,N,,,,,,,,,,N,3,0,1,2,A,-,10,21950,A,N,G,B,B,A,H,-,A,A,0,Y,,,,Y,,A,07,0,1,0,0,1,0,0,0,0,"- ","- ",,,MARIN,"SAN RAFAEL",-122.52953986,37.973289899999997
7113350,2015,2015-11-12,2110,2015-10-24,0100,SP5236,S1,6,5,2,2110,0,0,0,,0,SP1,"BRIDGEWAY BL","LIGHT POLE #663Y",30.00,S,N,A,-,N,,,,,,,,,,Y,4,0,1,3,A,-,08,22107,,N,A,E,A,A,H,-,C,D,0,,,,,Y,Y,A,01,0,0,1,0,0,0,0,0,0,"- ","- ",,,MARIN,SAUSALITO,,
7117327,2015,2015-11-19,2110,2015-10-16,1449,SP5234,S2,5,5,2,2110,0,0,0,,0,SP2,BRIDGEWAY,"GATE 5 RD",252.00,S,N,A,-,N,,,,,,,,,,N,4,0,1,2,A,-,09,21804,A,N,D,G,A,A,H,-,A,D,0,,Y,,,Y,,A,01,0,0,1,0,0,0,1,0,0,"- ","- ",,,MARIN,SAUSALITO,-122.50342130999999,37.86998664
7117539,2015,2015-11-24,2109,2015-11-06,1620,566,23,5,5,5,2109,0,0,0,,0,003,"FRANCISCO BL E","SHORELINE PKWY",777.00,N,N,A,-,N,,,,,,,,,,Y,4,0,2,2,A,-,09,21804,A,N,D,C,A,A,H,-,A,D,0,,,,,Y,,A,01,0,0,2,0,0,0,0,0,0,"- ","- ",,,MARIN,"SAN RAFAEL",-122.49673767,37.952157790000001
7120272,2015,2017-01-30,2109,2015-11-02,2157,552,26,1,5,5,2109,0,0,0,,0,,"IRWIN ST","MISSION AV",0.00,,Y,A,-,Y,MRN,4,101,-,-,11.200,R,4,N,Y,4,0,4,2,A,-,09,21453,C,N,A,C,A,A,H,-,C,A,0,,,,,Y,,A,01,0,0,4,0,0,0,0,0,0,"- ","- ",37.97383,-122.52029,MARIN,"SAN RAFAEL",-122.52065072000001,37.975338630000003
7120280,2015,2015-11-20,2109,2015-11-10,2128,527,39,2,5,5,2109,0,0,0,,0,003,"ANDERSEN DR","WEST FRANCISCO BL",0.00,,Y,A,-,N,,,,,,,,,,N,3,0,1,1,A,-,03,22350,,N,H,A,A,A,H,-,C,A,0,,,Y,,Y,,C,02,0,1,0,0,0,0,0,0,1,"- ","- ",37.9604,-122.51083,MARIN,"SAN RAFAEL",-122.51169998,37.960309969999997
7120325,2015,2015-11-24,2109,2015-10-30,0900,566,22,5,5,5,2109,0,0,0,,0,,"SONOMA ST","KERNER BL",0.00,,Y,A,-,N,,,,,,,,,,N,4,0,1,2,A,-,10,21950,,N,G,B,B,A,H,-,A,D,0,Y,,,,Y,,A,08,0,0,1,0,1,0,0,0,0,"- ","- ",,,MARIN,"SAN RAFAEL",-122.50091994,37.965449929999998
7120526,2015,2015-11-23,2109,2015-10-06,0921,364,39,2,5,5,2109,0,0,0,,0,003,"ANDERSEN DR","WEST FRANCISCO BL",375.00,E,N,A,-,N,,,,,,,,,,N,4,0,1,2,A,-,09,21804,A,N,D,C,A,A,H,-,A,D,0,,,,,Y,,D,22,0,0,1,0,0,0,0,0,0,"- ","- ",37.960050000000003,-122.51063000000001,MARIN,"SAN RAFAEL",-122.51077970999999,37.959589800000003
7120530,2015,2015-11-23,2109,2015-11-03,0624,541,41,2,5,5,2109,0,0,0,,0,003,"ANDERSEN DR","SIMMS ST",2120.00,S,N,A,-,N,,,,,,,,,,N,3,0,1,2,A,-,09,21801,,F,D,C,A,A,H,-,B,D,0,,,Y,,Y,,D,72,0,1,0,0,0,0,0,0,1,"- ","- ",37.953099999999999,-122.50212999999999,MARIN,"SAN RAFAEL",-122.50207356,37.953851280000002
7122278,2015,2015-11-30,2109,2015-11-08,0731,592,22,7,5,5,2109,0,0,0,,0,,"CATALINA BL","HYANNIS CV",50.00,N,N,B,-,N,,,,,,,,,,N,3,0,1,3,A,-,03,22350,,N,F,E,A,A,H,-,A,D,0,,,,,Y,,A,01,0,1,0,0,0,0,0,0,0,"- ","- ",37.965110000000003,-122.49612999999999,MARIN,"SAN RAFAEL",-122.49607075,37.965192180000003
7122282,2015,2015-11-30,2109,2015-11-12,1208,534,55,4,5,5,2109,0,0,0,,0,006,"JUDGE HALEY DR","CIVIC CENTER DR",138.00,E,N,A,-,N,,,,,,,,,,N,4,0,1,2,A,-,08,22107,,N,D,C,A,A,H,-,A,D,0,,,,,Y,,A,01,0,0,1,0,0,0,0,0,0,"- ","- ",,,MARIN,"SAN RAFAEL",-122.53019,37.998899999999999
7123024,2015,2015-11-24,2109,2015-10-30,1825,583,13,5,5,5,2109,0,0,0,,0,002,"BROOKDALE AV","LINDEN LN",0.00,,N,A,-,N,,,,,,,,,,N,4,0,1,2,A,-,21,22106,,N,G,B,E,A,H,-,C,D,0,Y,,,,Y,,A,01,0,0,1,0,1,0,0,0,0,"- ","- ",37.98124,-122.52258,MARIN,"SAN RAFAEL",-122.52224988,37.9812899
7126163,2015,2015-12-02,2105,2015-10-28,1342,MV6217,MV15,3,5,3,2105,0,0,0,,0,MV2,"REDWOOD HWY FRNTG RD","SEMINARY RD",288.00,S,N,A,-,N,,,,,,,,,,N,4,0,1,2,A,-,05,21202,A,N,B,G,A,A,H,-,A,D,0,,Y,,,Y,,L,04,0,0,1,0,0,0,1,0,0,"- ",SF,,,MARIN,"MILL VALLEY",-122.51626611,37.890638340000002
7126513,2015,2016-02-04,2109,2015-11-10,2024,527,46,2,5,5,2109,0,0,0,,0,,"LAS GALLINAS AV","MERRYDALE RD",0.00,,Y,A,-,N,,,,,,,,,,Y,4,0,1,2,A,-,04,21703,,N,C,C,A,A,D,-,C,A,0,,,,,Y,,A,01,0,0,1,0,0,0,0,0,0,"- ","- ",,,MARIN,"SAN RAFAEL",-122.54205985999999,38.00391991
7126790,2015,2015-12-17,2117,2015-10-15,1536,075,3,4,5,3,2108,0,0,0,,0,004,"BUTTERFIELD RD","WILLOW WY",29.00,S,N,A,-,N,,,,,,,,,,N,3,0,1,2,A,-,08,22107,,F,H,G,A,A,H,-,A,D,0,,Y,,,Y,,D,22,0,1,0,0,0,0,1,0,0,"- ","- ",37.989240000000002,-122.57765999999999,MARIN,"SAN ANSELMO",-122.57766208,37.989214490000002
7126794,2015,2015-12-15,2117,2015-11-13,1603,076,2A,5,5,2,2102,0,0,0,,0,002,"TAMALPAIS RD","SERRA ST",145.00,E,N,A,-,N,,,,,,,,,,Y,4,0,1,2,A,-,05,21460,,N,D,C,A,A,H,-,B,D,0,,,,,Y,,A,01,0,0,1,0,0,0,0,0,0,"- ","- ",37.925609999999999,-122.52822,MARIN,"CORTE MADERA",-122.52866426,37.925688149999999
7127732,2015,2015-12-02,2109,2015-11-20,1651,499,47,5,5,5,2109,0,0,0,,0,005,"MANUEL T FREITAS PKWY",WEST,528.00,W,N,A,-,N,,,,,,,,,,Y,3,0,1,1,A,-,08,22107,,F,E,I,A,A,H,-,A,D,0,,,,,Y,,A,01,0,1,0,0,0,0,0,0,0,"- ","- ",38.012819999999998,-122.55886,MARIN,"SAN RAFAEL",,
7127736,2015,2015-12-02,2109,2015-11-20,1425,566,35,5,5,5,2109,0,0,0,,0,,"ANDERSEN DR","LINDARO ST",431.00,E,N,A,-,N,,,,,,,,,,N,4,0,1,2,A,-,03,22350,,N,C,C,A,A,H,-,A,D,0,,,,,Y,,A,01,0,0,1,0,0,0,0,0,0,"- ","- ",,,MARIN,"SAN RAFAEL",-122.52518849000001,37.968115750000003
7129539,2014,2015-12-07,2107,2014-09-29,1500,R032,,1,5,1,2107,0,0,0,,0,,"SIR FRANCIS DRAKE BL","LAGUNITAS SCHOOL RD",248.00,S,N,A,-,N,,,,,,,,,,Y,4,0,1,2,A,-,03,22350,,N,C,C,A,A,H,-,A,A,0,,,,,Y,,A,01,0,0,1,0,0,0,0,0,0,"- ","- ",,,MARIN,ROSS,-122.67512999,38.01623
7129551,2014,2015-12-07,2107,2014-08-02,2357,R030,350,6,5,1,2107,0,0,0,,0,001,"SIR FRANCIS DRAKE BL","BOLINAS AV",127.00,N,N,A,-,N,,,,,,,,,,Y,4,0,1,1,A,-,03,22350,,N,E,I,A,A,H,-,C,A,0,,,,,Y,,A,01,0,0,1,0,0,0,0,0,0,"- ","- ",37.969970000000004,-122.56023,MARIN,ROSS,-122.56077012999999,37.969865669999997
7129865,2015,2016-06-15,2107,2015-04-17,1058,R032,,5,5,1,2107,0,0,0,,0,,"SIR FRANCIS DRAKE BL","LAUREL GROVE AV",23.00,N,N,A,-,N,,,,,,,,,,Y,4,0,1,2,A,-,12,22450,,N,C,C,A,A,H,-,A,A,0,,,,,Y,,-,,0,0,1,0,0,0,0,0,0,"- ","- ",37.963450000000002,-122.55651,MARIN,ROSS,-122.55645359,37.963412929999997
7129881,2015,2015-12-07,2107,2015-04-07,0815,R034,,2,5,1,2107,0,0,0,,0,,"NORWOOD AV","HILGIRT DR",260.00,E,N,B,-,N,,,,,,,,,,N,3,0,1,2,A,-,09,21804,A,N,D,G,A,B,H,-,A,D,0,,Y,,,Y,,L,04,0,1,0,0,0,0,1,0,0,"- ","- ",,,MARIN,ROSS,-122.56206837000001,37.965877620000001
7130014,2015,2015-12-08,2109,2015-11-26,0618,534,46,4,5,5,2109,0,0,0,,0,005,"LAS GALLINAS AV","MERRYDALE RD",682.00,N,N,A,-,N,,,,,,,,,,Y,4,0,1,2,A,-,01,23152,A,N,C,C,A,A,H,-,C,D,0,,,,,Y,Y,A,01,0,0,1,0,0,0,0,0,0,"- ","- ",,,MARIN,"SAN RAFAEL",-122.54196647000001,38.005761679999999
7130018,2015,2016-08-10,2109,2015-11-21,1208,526,16,6,5,5,2109,0,0,0,,0,002,"4TH ST","LOOTENS PL",75.00,W,N,A,-,N,,,,,,,,,,N,4,0,1,1,A,-,08,22107,,N,H,-,A,A,H,-,A,D,0,,,,,Y,,-,,0,0,1,0,0,0,0,0,0,"- ","- ",,,MARIN,"SAN RAFAEL",-122.52627798,37.972957289999997
7130066,2015,2015-12-08,2109,2015-11-30,2220,509,17,1,5,5,2109,0,0,0,,0,002,"HETHERTON ST","2ND ST",0.00,,Y,A,-,N,,,,,,,,,,Y,4,0,2,2,A,-,12,21453,A,N,D,C,A,A,H,-,C,A,0,,,,,Y,,A,01,0,0,2,0,0,0,0,0,0,"- ","- ",37.970489999999998,-122.52231999999999,MARIN,"SAN RAFAEL",-122.52235985999999,37.970569920000003
7130070,2015,2016-08-10,2109,2015-11-10,1747,509,17,2,5,5,2109,0,0,0,,0,002,"HETHERTON ST","3RD ST",0.00,,Y,A,-,N,,,,,,,,,,N,3,0,1,2,A,-,10,21950,,N,G,B,B,A,H,-,C,A,0,Y,,,,Y,,A,01,0,1,0,0,1,0,0,0,0,"- ","- ",37.971409999999999,-122.52222999999999,MARIN,"SAN RAFAEL",-122.52223988999999,37.971429950000001
7130074,2015,2015-12-08,2109,2015-11-27,1405,534,58,5,5,5,2109,0,0,0,,0,005,"NORTH SAN PEDRO RD","LOS RANCHITOS RD",0.00,,Y,A,-,N,,,,,,,,,,Y,3,0,1,2,A,-,12,21453,A,N,D,C,A,A,H,-,A,A,0,,,,,Y,,A,01,0,1,0,0,0,0,0,0,0,"- ","- ",,,MARIN,"SAN RAFAEL",-122.53561985,37.992379980000003
7130078,2015,2015-12-08,2109,2015-11-13,1330,550,21,5,5,5,2109,0,0,0,,0,003,"KERNER BL","LARKSPUR ST",157.00,S,N,A,-,N,,,,,,,,,,Y,2,0,1,3,A,-,00,23103,,N,B,E,A,A,H,-,A,D,0,,,Y,,Y,,C,02,1,0,0,0,0,0,0,0,1,"- ","- ",37.962649999999996,-122.50227,MARIN,"SAN RAFAEL",-122.50213558999999,37.962303460000001
7131160,2015,2015-12-15,2107,2015-05-12,0920,R017,,2,5,1,2107,0,0,0,,0,,"SIR FRANCIS DRAKE BL","LAUREL GROVE AV",528.00,W,N,A,-,N,,,,,,,,,,N,4,0,1,2,A,-,03,22350,,N,C,C,A,A,H,-,A,D,0,,,,,Y,,D,22,0,0,1,0,0,0,0,0,0,"- ","- ",,,MARIN,ROSS,-122.55735568,37.964600249999997
7131162,2015,2015-12-08,2107,2015-09-25,1133,R030,350,5,5,1,2107,0,0,0,,0,001,"SIR FRANCIS DRAKE BL","LAGUNITAS RD",204.00,S,N,A,-,N,,,,,,,,,,Y,3,0,1,2,A,-,08,22107,,N,B,E,A,A,H,-,A,D,0,,,,,Y,,A,07,0,1,0,0,0,0,0,0,0,"- ","- ",37.961889999999997,-122.55577,MARIN,ROSS,-122.55548530999999,37.962060559999998
7131297,2015,2015-12-04,2107,2015-10-02,1140,R030,350,5,5,1,2107,0,0,0,,0,001,"SIR FRANCIS DRAKE BL","LAUREL GROVE AV",0.00,,Y,A,-,N,,,,,,,,,,Y,4,0,1,2,A,-,12,21453,A,N,A,C,A,A,H,-,A,A,0,,,,,Y,,A,01,0,0,1,0,0,0,0,0,0,"- ","- ",37.963340000000002,-122.55637,MARIN,ROSS,-122.55640993999999,37.963359920000002
7131610,2015,2016-02-08,2109,2015-12-09,0512,538,16,3,5,5,2109,0,0,0,,0,002,"3RD ST","LINCOLN AV",0.00,,Y,A,-,N,,,,,,,,,,Y,4,0,1,2,A,-,08,22100,B,N,B,C,A,A,H,-,C,A,0,,,,Y,Y,,F,76,0,0,1,0,0,0,0,0,0,"- ","- ",,,MARIN,"SAN RAFAEL",-122.52407993,37.971659930000001
7131611,2015,2015-12-21,2109,2015-12-01,1720,579,7,2,5,5,2109,0,0,0,,0,001,"5TH AV","D ST",10.00,W,N,A,-,N,,,,,,,,,,N,4,0,1,2,A,-,10,21950,A,N,G,B,C,A,H,-,C,D,0,Y,,,,Y,,D,22,0,0,1,0,1,0,0,0,0,"- ","- ",37.974820000000001,-122.53179,MARIN,"SAN RAFAEL",-122.53187446,37.974513260000002
7131615,2015,2015-12-21,2109,2015-12-05,1753,587,17,6,5,5,2109,0,0,0,,0,002,"2ND ST","HETHERTON ST",25.00,S,N,A,-,N,,,,,,,,,,N,4,0,1,2,A,-,08,22101,D,N,B,C,A,A,H,-,C,A,0,,,,,Y,,D,72,0,0,1,0,0,0,0,0,0,"- ","- ",37.970579999999998,-122.52236000000001,MARIN,"SAN RAFAEL",-122.52234726,37.970502070000002
7131642,2015,2015-12-15,2109,2015-11-06,2025,515,7,5,5,5,2109,0,0,0,,0,,"2ND ST","EAST ST",0.00,,Y,A,-,N,,,,,,,,,,N,4,0,1,2,A,-,10,21950,A,N,G,B,B,A,H,-,C,D,0,Y,,,,Y,,A,01,0,0,1,0,1,0,0,0,0,"- ","- ",37.973610000000001,-122.53922,MARIN,"SAN RAFAEL",-122.53917998999999,37.97334
7131643,2015,2015-12-15,2109,2015-11-25,2220,575,16,3,5,5,2109,0,0,0,,0,,"2ND ST","A ST",0.00,,Y,A,-,N,,,,,,,,,,Y,4,0,1,3,A,-,12,21453,A,N,D,E,A,A,H,-,C,A,0,,,,,Y,,-,,0,0,1,0,0,0,0,0,0,"- ","- ",37.971170000000001,-122.52853,MARIN,"SAN RAFAEL",-122.5285399,37.97117995
7132575,2015,2016-08-10,2109,2015-12-08,1755,509,17,2,5,5,2109,0,0,0,,0,002,"LINCOLN AV","2ND ST",0.00,,Y,B,-,N,,,,,,,,,,N,4,0,1,2,A,-,00,21590,,N,B,B,B,A,H,-,C,A,0,Y,,,,Y,,A,01,0,0,1,0,1,0,0,0,0,"- ","- ",37.970849999999999,-122.52423,MARIN,"SAN RAFAEL",-122.52429995999999,37.97074989
7132631,2015,2015-12-16,2109,2015-12-07,1630,527,46,1,5,5,2109,0,0,0,,0,005,"LAS GALLINAS AV","DEL PRESIDIO BL",200.00,S,N,A,-,N,,,,,,,,,,N,4,0,1,2,A,-,03,22350,,N,C,C,A,A,H,-,A,D,0,,,,,Y,,A,07,0,0,1,0,0,0,0,0,0,"- ","- ",38.006709999999998,-122.54561,MARIN,"SAN RAFAEL",-122.54410935,38.006222889999997
7132895,2015,2015-12-21,2109,2015-11-09,1438,541,19,1,5,5,2109,0,0,0,,0,003,"CANAL ST","MEDWAY RD",0.00,,N,A,-,N,,,,,,,,,,N,3,0,1,2,A,-,10,21950,A,N,G,B,B,A,H,-,A,A,0,Y,,,,Y,,A,01,0,1,0,0,1,0,0,0,0,"- ","- ",,,MARIN,"SAN RAFAEL",-122.50829999,37.96516991
7133475,2015,2015-12-14,2117,2015-10-30,1612,090,2,5,5,2,2102,0,0,0,,0,001,"TAMALPAIS DR","WILLOW AV",0.00,,Y,A,-,N,,,,,,,,,,N,3,0,1,2,A,-,10,21950,A,N,G,B,B,A,H,-,A,D,0,Y,,,,Y,,A,01,0,1,0,0,1,0,0,0,0,"- ","- ",37.9255,-122.52652,MARIN,"CORTE MADERA",-122.52789986000001,37.925569899999999
7133479,2015,2015-12-14,2117,2015-10-11,1722,041,3,7,5,3,2108,0,0,0,,0,004,"SAN ANSELMO AV","REDWOOD RD",0.00,,Y,A,-,N,,,,,,,,,,N,3,0,1,1,A,-,12,22450,,N,F,A,A,A,H,-,A,A,0,,Y,,,Y,,L,04,0,1,0,0,0,0,1,0,0,"- ","- ",37.982480000000002,-122.57755,MARIN,"SAN ANSELMO",-122.57199995000001,37.979299920000003
7133507,2015,2015-12-14,2117,2015-10-24,0920,026,2,6,5,2,2102,0,0,0,,0,001,"CORTE MADERA AV","POWER POLE 110533740",4.00,N,N,A,-,N,,,,,,,,,,N,3,0,1,1,C,-,18,,,N,H,H,A,A,H,-,A,D,0,,Y,,,Y,,-,"- ",0,1,0,0,0,0,1,0,0,"- ","- ",37.922989999999999,-122.5312,MARIN,"CORTE MADERA",,
7133579,2015,2015-12-16,2117,2015-11-22,1438,094,3,7,5,3,2108,0,0,0,,0,004,"SIR FRANCIS DRAKE BL","GREENFIELD AV",173.00,S,N,A,-,N,,,,,,,,,,N,4,0,1,2,A,-,03,22350,,N,C,C,A,A,H,-,A,A,0,,,,,Y,,A,01,0,0,1,0,0,0,0,0,0,"- ","- ",37.976219999999998,-122.55567000000001,MARIN,"SAN ANSELMO",,
7133583,2015,2015-12-16,2117,2015-11-11,1654,90,2,3,5,2,2102,0,0,0,,0,001,"REDWOOD HWY","SAN CLEMENTE DR",880.00,E,N,A,-,N,,,,,,,,,,N,3,0,1,1,A,-,"- ",,,N,E,I,A,A,H,-,A,D,0,,Y,,,Y,,L,04,0,1,0,0,0,0,1,0,0,"- ","- ",37.935769999999998,-122.51569000000001,MARIN,"CORTE MADERA",-122.51213027999999,37.929710350000001
7133595,2015,2015-12-16,2117,2015-11-12,1214,075,1A,4,5,3,2104,0,0,0,,0,003,"MAGNOLIA AV","ESTELLE AV",0.00,,Y,A,-,N,,,,,,,,,,Y,3,0,1,2,A,-,08,22107,,N,C,C,A,A,H,-,A,A,0,,,,,Y,,A,01,0,1,0,0,0,0,0,0,0,"- ","- ",37.948430000000002,-122.54906,MARIN,LARKSPUR,-122.54902997000001,37.948409890000001
7135711,2015,2016-02-09,2117,2015-11-15,1157,016,1,7,5,3,2104,0,0,0,,0,002,"DOHERTY DR","ROSE LN",30.00,W,N,A,-,N,,,,,,,,,,Y,3,0,1,2,A,-,03,22350,,N,C,C,A,A,H,-,A,D,0,,,,,Y,,A,01,0,1,0,0,0,0,0,0,0,"- ","- ",37.938769999999998,-122.53194000000001,MARIN,LARKSPUR,-122.53326398999999,37.938223059999999
7135978,2015,2015-12-14,2107,2015-07-31,1553,R030,350,5,5,1,2107,0,0,0,,0,001,"SIR FRANCIS DRAKE BL","ROSS TERRACE",53.00,N,N,A,-,N,,,,,,,,,,Y,4,0,2,2,A,-,03,22350,,N,C,C,A,A,H,-,A,D,0,,,,,Y,,A,01,0,0,2,0,0,0,0,0,0,"- ","- ",37.959629999999997,-122.55322,MARIN,ROSS,-122.55282481,37.959609
7137285,2015,2015-12-23,2109,2015-12-09,1511,268,5,3,5,5,2109,0,0,0,,0,,"4TH ST","SANTA MARGARITA",15.00,E,N,B,-,N,,,,,,,,,,N,4,0,1,2,A,-,03,22350,,N,C,C,A,A,H,-,A,A,0,,,,,Y,,D,72,0,0,1,0,0,0,0,0,0,"- ","- ",37.976689999999998,-122.55024,MARIN,"SAN RAFAEL",-122.54993942,37.976310249999997
7137639,2015,2015-12-17,2117,2015-10-24,0645,026,2,6,5,2,2102,0,0,0,,0,001,"PARADISE DR","HARBOR DR",12.00,E,N,A,-,N,,,,,,,,,,N,2,0,1,2,A,-,11,21954,A,N,G,B,D,A,H,-,C,A,0,Y,,,,Y,,N,60,1,0,0,0,1,0,0,0,0,"- ","- ",37.92022,-122.50893000000001,MARIN,"CORTE MADERA",-122.50881277000001,37.920115279999997
7139436,2014,2016-01-09,2106,2014-05-24,1723,NP0309,N122,6,5,4,2106,0,0,0,,0,NP1,"WILSON AV","MONTE VISTA AV",0.00,,Y,A,-,N,,,,,,,,,,N,4,0,1,2,A,-,05,21650,,N,H,G,A,A,H,-,A,A,0,,Y,,,Y,,L,04,0,0,1,0,0,0,1,0,0,"- ","- ",,,MARIN,NOVATO,-122.59206,38.110140000000001
7139521,2014,2016-01-09,2106,2014-11-17,1801,NP0351,N209,1,5,4,2106,0,0,0,,0,NP2,"ATHERTON AV","RT 101",0.00,,Y,A,-,Y,,,,,,,,,,Y,4,0,2,2,A,-,12,21453,A,N,A,C,A,A,H,-,A,A,0,,,,,Y,,A,01,0,0,2,0,0,0,0,0,0,"- ",SO,,,MARIN,NOVATO,-122.5652999,38.117749969999998
7139523,2014,2016-01-09,2106,2014-12-01,2125,373,,1,5,4,2106,0,0,0,,0,,"NAVE DR","BOLLING DR",41.00,S,N,B,-,N,,,,,,,,,,N,4,0,1,2,A,-,21,22106,,N,B,C,A,A,H,-,C,A,0,,,,,Y,,A,01,0,0,1,0,0,0,0,0,0,"- ","- ",,,MARIN,NOVATO,-122.53076428999999,38.050870680000003
7139525,2014,2016-01-09,2106,2014-11-07,0742,NP0309,N410,5,5,4,2106,0,0,0,,0,NP4,"CAMBRIDGE ST","DAWES ST",500.00,N,N,A,-,N,,,,,,,,,,Y,3,0,1,2,A,-,03,22350,,N,A,C,A,A,H,-,A,D,0,,,,,Y,,A,07,0,1,0,0,0,0,0,0,0,"- ","- ",,,MARIN,NOVATO,-122.56799667999999,38.089794840000003
7139527,2014,2016-01-09,2106,2014-12-13,2243,293,,6,5,4,2106,0,0,0,,0,,"SUNSET PKWY","SHON DR",199.00,E,N,A,-,N,,,,,,,,,,Y,4,0,1,2,A,-,01,23152,A,N,E,I,A,A,H,-,C,A,0,,,,,Y,Y,A,01,0,0,1,0,0,0,0,0,0,"- ","- ",,,MARIN,NOVATO,-122.56719538999999,38.079832070000002
7139529,2014,2016-01-09,2106,2014-11-19,1825,NP0378,N208,3,5,4,2106,0,0,0,,0,NP2,"VINTAGE WY","ROWLAND BL",216.00,S,N,C,-,N,,,,,,,,,,N,4,0,1,2,A,-,21,22106,,N,C,C,A,B,H,-,C,A,0,,,,,Y,,A,01,0,0,1,0,0,0,0,0,0,"- ","- ",,,MARIN,NOVATO,-122.55557351,38.093105780000002