CASE_ID,ACCIDENT_YEAR,PROC_DATE,JURIS,COLLISION_DATE,COLLISION_TIME,OFFICER_ID,REPORTING_DISTRICT,DAY_OF_WEEK,CHP_SHIFT,POPULATION,CNTY_CITY_LOC,SPECIAL_COND,BEAT_TYPE,CHP_BEAT_TYPE,CITY_DIVISION_LAPD,CHP_BEAT_CLASS,BEAT_NUMBER,PRIMARY_RD,SECONDARY_RD,DISTANCE,DIRECTION,INTERSECTION,WEATHER_1,WEATHER_2,STATE_HWY_IND,CALTRANS_COUNTY,CALTRANS_DISTRICT,STATE_ROUTE,ROUTE_SUFFIX,POSTMILE_PREFIX,POSTMILE,LOCATION_TYPE,RAMP_INTERSECTION,SIDE_OF_HWY,TOW_AWAY,COLLISION_SEVERITY,NUMBER_KILLED,NUMBER_INJURED,PARTY_COUNT,PRIMARY_COLL_FACTOR,PCF_CODE_OF_VIOL,PCF_VIOL_CATEGORY,PCF_VIOLATION,PCF_VIOL_SUBSECTION,HIT_AND_RUN,TYPE_OF_COLLISION,MVIW,PED_ACTION,ROAD_SURFACE,ROAD_COND_1,ROAD_COND_2,LIGHTING,CONTROL_DEVICE,CHP_ROAD_TYPE,PEDESTRIAN_ACCIDENT,BICYCLE_ACCIDENT,MOTORCYCLE_ACCIDENT,TRUCK_ACCIDENT,NOT_PRIVATE_PROPERTY,ALCOHOL_INVOLVED,STWD_VEHTYPE_AT_FAULT,CHP_VEHTYPE_AT_FAULT,COUNT_SEVERE_INJ,COUNT_VISIBLE_INJ,COUNT_COMPLAINT_PAIN,COUNT_PED_KILLED,COUNT_PED_INJURED,COUNT_BICYCLIST_KILLED,COUNT_BICYCLIST_INJURED,COUNT_MC_KILLED,COUNT_MC_INJURED,PRIMARY_RAMP,SECONDARY_RAMP,LATITUDE,LONGITUDE,COUNTY,CITY,POINT_X,POINT_Y
8315277,2017,2017-03-08,2109,2017-02-05,1925,565,29,7,5,5,2109,0,0,0,,0,004,"BELLE AV","GRAND AV",144.00,W,N,C,-,N,,,,,,,,,,Y,3,0,1,4,A,-,01,23152,A,N,B,E,A,B,H,-,D,D,0,,,,,Y,Y,A,07,0,1,0,0,0,0,0,0,0,"- ","- ",37.975569999999998,-122.51924,MARIN,"SAN RAFAEL",-122.51894484,37.975231739999998
8315928,2017,2017-03-20,2110,2017-02-26,2154,SP5249,10000,7,5,2,2110,0,0,0,,0,SP1,"SAN CARLOS AV","SANTA ROSA AV",31.00,W,N,A,-,N,,,,,,,,,,Y,4,0,1,1,A,-,03,22350,,N,E,I,A,B,H,-,C,D,0,,,,,Y,Y,A,01,0,0,1,0,0,0,0,0,0,"- ","- ",,,MARIN,SAUSALITO,-122.48328947,37.855286489999997
8315981,2017,2017-03-09,2106,2017-02-27,2134,NP0323,13013,1,5,4,2106,0,0,0,,0,NP1,"REDWOOD BL","SAN MARIN DR",0.00,,Y,A,-,N,,,,,,,,,,Y,4,0,1,2,A,-,12,21453,A,N,D,C,A,A,H,-,C,A,0,,,,,Y,,A,01,0,0,1,0,0,0,0,0,0,"- ","- ",,,MARIN,NOVATO,-122.56701993999999,38.118329950000003
8316230,2017,2017-03-01,2109,2017-02-05,1445,608,26,7,5,5,2109,0,0,0,,0,004,"3RD ST","3RD ST  515",0.00,,N,B,-,N,,,,,,,,,,N,3,0,1,2,A,-,05,21650,,N,D,G,A,A,H,-,A,D,0,,Y,,,Y,,-,"- ",0,1,0,0,0,0,1,0,0,"- ","- ",37.970680000000002,-122.51998,MARIN,"SAN RAFAEL",-122.51974314,37.971085449999997
8318486,2017,2017-08-01,2111,2017-02-14,1439,TP7296,TA6,2,5,2,2111,0,0,0,,0,TP1,"TIBURON BL","LYFORD DR",328.00,E,N,A,-,Y,MRN,4,131,-,-,3.780,H,-,E,N,4,0,2,3,A,-,03,22350,,N,C,C,A,A,H,-,A,D,0,,,,,Y,,-,,0,0,2,0,0,0,0,0,0,"- ","- ",37.5246,-122.27508,MARIN,TIBURON,-122.46394823,37.879258950000001
8321295,2016,2017-03-09,2106,2016-07-25,0302,NP0373,N412,1,5,4,2106,0,0,0,,0,NP4,"HILL RD","INDIAN VALLEY RD",0.00,,Y,A,-,N,,,,,,,,,,Y,3,0,1,1,A,-,01,23152,,N,E,I,A,A,H,-,C,D,0,,,,,Y,Y,A,01,0,1,0,0,0,0,0,0,0,"- ","- ",,,MARIN,NOVATO,-122.57564000000001,38.096289919999997
8323148,2017,2017-03-27,2109,2017-02-17,2300,592,17,5,5,5,2109,0,0,0,,0,002,"2ND ST","TAMALPAIS DR",0.00,,Y,A,-,N,,,,,,,,,,N,4,0,1,2,A,-,08,22100,B,N,H,C,A,A,H,-,C,A,0,,,,,Y,,A,01,0,0,1,0,0,0,0,0,0,"- ","- ",37.970680000000002,-122.52338,MARIN,"SAN RAFAEL",-122.52340986999999,37.970669880000003
8323994,2017,2017-03-16,2109,2017-03-03,1906,268,31,5,5,5,2109,0,0,0,,0,,LOCHINVAR,"DUNFRIES TER",0.00,,Y,A,-,N,,,,,,,,,,N,4,0,1,2,A,-,08,22107,,N,G,B,D,A,H,-,C,D,0,Y,,,,Y,,A,01,0,0,1,0,1,0,0,0,0,"- ","- ",37.97692,-122.48764,MARIN,"SAN RAFAEL",-122.48764989999999,37.97689999
8323998,2017,2017-03-20,2109,2017-03-03,1846,587,26,5,5,5,2109,0,0,0,,0,004,"IRWIN ST","2ND ST",0.00,,Y,A,-,N,,,101,,,,,,,N,4,0,1,2,A,-,08,22101,D,N,D,C,A,A,H,-,C,A,0,,,Y,,Y,Y,A,01,0,0,1,0,0,0,0,0,1,"- ","- ",37.970469999999999,-122.52115999999999,MARIN,"SAN RAFAEL",-122.52170753,37.970366110000001
8326257,2017,2017-08-01,2106,2017-02-28,1507,NP0423,13042,2,5,4,2106,0,0,0,,0,NP4,"ROWLAND BL","RT 101",84.00,E,N,A,-,Y,MRN,4,101,-,R,20.424,R,4,S,N,4,0,1,2,A,-,03,22350,,F,C,C,A,A,H,-,A,A,0,,,,,Y,,A,01,0,0,1,0,0,0,0,0,0,"- ",SO,,,MARIN,NOVATO,-122.56133736,38.095161169999997
8326643,2017,2017-04-25,2106,2017-03-07,1555,NP0423,13013,2,5,4,2106,0,0,0,,0,NP1,"SAN MARIN DR","SIMMONS LN",0.00,,Y,A,-,N,,,,,,,,,,Y,3,0,1,1,A,-,03,22350,,N,F,A,A,A,H,-,A,A,0,,,Y,,Y,,C,03,0,1,0,0,0,0,0,0,1,"- ","- ",,,MARIN,NOVATO,-122.58478995,38.121589909999997
8328609,2017,2017-03-23,2111,2017-02-11,1720,TP7331,TA3,6,5,2,2111,0,0,0,,0,TP1,"PARADISE DR","MAR WEST ST",0.00,,Y,A,-,N,,,,,,,,,,N,4,0,1,2,A,-,03,22350,,N,C,G,A,A,H,-,A,D,0,,Y,,,Y,,L,04,0,0,1,0,0,0,1,0,0,"- ","- ",37.522030000000001,-122.27024,MARIN,TIBURON,-122.45071996999999,37.872249920000002
8332169,2017,2017-04-04,2106,2017-03-02,1852,NP0412,13011,4,5,4,2106,0,0,0,,0,NP1,"NOVATO BL","MCCLAY RD",0.00,,Y,A,-,N,,,,,,,,,,N,4,0,1,3,A,-,09,21802,A,N,D,C,A,A,H,-,C,A,0,,,,,Y,,A,01,0,0,1,0,0,0,0,0,0,"- ","- ",,,MARIN,NOVATO,-122.58694989999999,38.10981993
8332173,2017,2017-03-28,2106,2017-03-13,0811,NP0352,13040,1,5,4,2106,0,0,0,,0,NP4,"ROWLAND BL","BUCHANAN ST",36.00,W,N,A,-,N,,,,,,,,,,Y,4,0,1,2,A,-,08,22107,,N,C,E,A,A,H,-,A,D,0,,,,,Y,,A,01,0,0,1,0,0,0,0,0,0,"- ","- ",,,MARIN,NOVATO,-122.56770512,38.086959999999998
8332177,2017,2017-03-28,2106,2017-03-07,1852,NP0420,13042,2,5,4,2106,0,0,0,,0,NP4,"REDWOOD BL","DIABLO AV",77.00,N,N,A,-,N,,,,,,,,,,N,4,0,1,2,A,-,03,22350,,N,C,C,A,A,D,-,C,A,0,,,,,Y,,A,01,0,0,1,0,0,0,0,0,0,"- ","- ",,,MARIN,NOVATO,-122.57093881,38.105131409999998
8333035,2017,2018-02-13,2109,2017-03-15,1714,565,17,3,5,5,2109,0,0,0,,0,002,"LINCOLN AV","3RD ST",62.00,N,N,A,-,N,,,,,,,,,,N,4,0,1,3,A,-,21,22106,,N,G,B,F,A,H,-,A,D,0,Y,,,,Y,,A,01,0,0,1,0,1,0,0,0,0,"- ","- ",37.971850000000003,-122.52370000000001,MARIN,"SAN RAFAEL",-122.52403534,37.971826610000001
8334893,2017,2017-07-28,2106,2017-03-13,1454,NP0352,13013,1,5,4,2106,0,0,0,,0,NP1,"ATHERTON AV","RT 101",70.00,W,N,A,-,Y,MRN,4,101,-,-,21.809,R,4,N,N,4,0,1,2,A,-,03,22350,,N,C,C,A,A,H,-,A,A,0,,,,,Y,,A,01,0,0,1,0,0,0,0,0,0,"- ",TO,,,MARIN,NOVATO,-122.56431283000001,38.113547539999999
8334901,2017,2017-04-03,2106,2017-03-15,1222,NPO431,13013,3,5,4,2106,0,0,0,,0,NP1,"SAN MARIN DR","SPINOSA WY",34.00,W,N,A,-,N,,,,,,,,,,Y,3,0,1,2,A,-,03,22350,,N,C,C,A,A,H,-,A,A,0,,,,,Y,,A,01,0,1,0,0,0,0,0,0,0,"- ","- ",,,MARIN,NOVATO,-122.57490771000001,38.121261279999999
8335047,2017,2017-04-05,2109,2017-03-04,1630,603,7,6,5,5,2109,0,0,0,,0,001,"3RD ST","B ST",0.00,,Y,C,-,N,,,,,,,,,,N,4,0,2,2,A,-,12,21453,A,N,D,C,A,B,H,-,A,A,0,,,,,Y,,A,07,0,0,2,0,0,0,0,0,0,"- ","- ",37.972290000000001,-122.52964,MARIN,"SAN RAFAEL",-122.52967993999999,37.972299970000002
8335183,2017,2017-04-01,2109,2017-03-03,1350,551,16,5,5,5,2109,0,0,0,,0,,"2ND ST","BROOKS ST",9.00,E,N,A,-,N,,,,,,,,,,Y,4,0,1,4,A,-,03,22350,A,N,C,C,A,A,H,-,A,D,0,,,,,Y,,A,01,0,0,1,0,0,0,0,0,0,"- ","- ",37.971080000000001,-122.52772,MARIN,"SAN RAFAEL",-122.52764902,37.971066880000002
8336778,2017,2017-04-29,2106,2017-04-18,1906,NP0417,13042,2,5,4,2106,0,0,0,,0,NP4,"NOVATO BL","7TH ST",394.00,E,N,B,-,N,,,,,,,,,,N,4,0,1,2,A,-,03,22350,,N,C,C,A,A,H,-,A,A,0,,,,,Y,,A,01,0,0,1,0,0,0,0,0,0,"- ","- ",,,MARIN,NOVATO,-122.57778630999999,38.105729230000001
8336782,2017,2017-04-28,2106,2017-04-18,1150,NP0288,13013,2,5,4,2106,0,0,0,,0,NI1,"SAN MARIN DR","SIMMONS LN",189.00,E,N,A,-,N,,,,,,,,,,Y,4,0,1,3,A,-,01,23152,,N,D,E,A,A,H,-,A,A,0,,,,,Y,Y,A,01,0,0,1,0,0,0,0,0,0,"- ","- ",,,MARIN,NOVATO,-122.58417285,38.121412239999998
8336786,2017,2017-04-29,2106,2017-04-17,1438,NP0388,13013,1,5,4,2106,0,0,0,,0,NP1,"REDWOOD BL","RUSH CREEK PL",19.00,S,N,B,-,N,,,,,,,,,,Y,4,0,1,2,A,-,03,22350,,N,C,C,A,B,H,-,A,D,0,,,,,Y,,A,01,0,0,1,0,0,0,0,0,0,"- ","- ",,,MARIN,NOVATO,-122.56722000000001,38.116063500000003
8336790,2017,2017-04-29,2106,2017-04-17,1253,NP0388,13011,1,5,4,2106,0,0,0,,0,NP1,"NOVATO BL","SAN MARIN DR",23.00,E,N,B,-,N,,,,,,,,,,N,4,0,1,2,A,-,03,22350,,F,C,C,A,B,H,-,A,A,0,,,,,Y,,A,01,0,0,1,0,0,0,0,0,0,"- ","- ",,,MARIN,NOVATO,-122.60965647,38.117855149999997
8336794,2017,2017-04-28,2106,2017-04-15,1252,NP0324,13011,6,5,4,2106,0,0,0,,0,NP1,"CENTER RD","WILSON AV",0.00,,Y,A,-,N,,,,,,,,,,N,3,0,1,2,A,-,12,22450,A,N,H,G,A,A,H,-,A,A,0,,Y,,,Y,,L,04,0,1,0,0,0,0,1,0,0,"- ","- ",,,MARIN,NOVATO,-122.59329999000001,38.108409950000002
8337087,2017,2017-06-02,2110,2017-05-05,1600,SP5236,10001,5,5,2,2110,0,0,0,,0,SP2,BRIDGEWAY,"POWER POLE 1413",60.00,N,N,A,-,N,,,,,,,,,,N,3,0,1,2,D,-,00,,,N,H,G,A,A,H,-,A,D,0,,Y,,,Y,,-,"- ",0,1,0,0,0,0,1,0,0,"- ","- ",,,MARIN,SAUSALITO,,
8338481,2017,2017-04-07,2109,2017-03-30,1119,565,16,4,5,5,2109,0,0,0,,0,002,"2ND ST","A ST",294.00,E,N,A,-,N,,,,,,,,,,N,4,0,1,2,A,-,10,21952,,N,G,B,F,A,H,-,A,D,0,Y,,,,Y,,A,07,0,0,1,0,1,0,0,0,0,"- ","- ",37.971229999999998,-122.53214,MARIN,"SAN RAFAEL",-122.52753237,37.971055149999998
8338485,2017,2017-04-07,2109,2017-03-22,0730,510,21,3,5,5,2109,0,0,0,,0,003,"CANAL ST","LARKSPUR ST",75.00,E,N,A,-,N,,,,,,,,,,N,3,0,1,2,A,-,08,22107,,N,D,C,A,A,H,-,B,A,0,,Y,,,Y,,A,01,0,1,0,0,0,0,1,0,0,"- ","- ",37.951320000000003,-122.49473999999999,MARIN,"SAN RAFAEL",-122.50695095,37.965529770000003
8338489,2017,2017-04-07,2109,2017-03-26,1501,604,19,7,5,5,2109,0,0,0,,0,003,"FRANCISCO BL","MEDWAY RD",115.00,S,N,A,-,N,,,,,,,,,,N,3,0,1,2,A,-,00,23107,,M,A,G,A,A,H,-,A,D,0,,Y,,,Y,,L,04,0,1,0,0,0,0,1,0,0,"- ","- ",37.962910000000001,-122.50958,MARIN,"SAN RAFAEL",-122.50996333000001,37.96278788
8338493,2017,2017-04-07,2106,2017-03-27,1158,NP0388,13042,1,5,4,2106,0,0,0,,0,NP4,"SOUTH NOVATO BL","YUKON WY",35.00,S,N,A,-,N,,,,,,,,,,Y,4,0,2,2,A,-,03,22350,,N,C,C,A,A,H,-,A,A,0,,,,,Y,,A,01,0,0,2,0,0,0,0,0,0,"- ","- ",,,MARIN,NOVATO,-122.56839235,38.093878570000001
8338505,2017,2017-04-07,2106,2017-03-27,1107,NP0388,13042,1,5,4,2106,0,0,0,,0,NP4,"REDWOOD BL","LAMONT AV",45.00,N,N,A,-,N,,,,,,,,,,N,4,0,4,2,A,-,03,22350,,N,C,C,A,A,H,-,A,A,0,,,,,Y,,A,01,0,0,4,0,0,0,0,0,0,"- ","- ",,,MARIN,NOVATO,-122.56772237,38.100433469999999
8339144,2017,2017-07-27,2109,2017-03-04,1649,537,39,6,5,5,2109,0,0,0,,0,003,"FRANCISCO BL W","RICE DR",1961.00,W,N,A,-,N,,,,,,,,,,N,4,0,3,3,A,-,03,22350,,N,C,C,A,B,H,-,A,D,0,,,,,Y,,A,01,0,0,3,0,0,0,0,0,0,"- ","- ",37.962960000000002,-122.51309999999999,MARIN,"SAN RAFAEL",-122.52338933999999,37.970576010000002
8342413,2017,2017-07-28,2111,2017-03-05,1136,TP7296,TB2,7,5,2,2111,0,0,0,,0,TP2,"TIBURON BL","STEWART DR",0.00,,Y,A,-,Y,MRN,4,131,-,-,2.060,I,5,W,N,3,0,1,2,D,-,00,,,N,G,B,B,A,H,-,A,A,0,Y,,Y,,Y,,-,"- ",0,1,0,0,1,0,0,0,0,"- ","- ",,,MARIN,TIBURON,-122.48689345,37.895136200000003
8343224,2017,2017-04-14,2103,2017-03-17,1105,156,WEST,5,5,2,2103,0,0,0,,0,PAT,"SIR FRANCIS DRAKE BL","SHEMRAN CT",6.00,S,N,A,-,N,,,,,,,,,,Y,3,0,1,2,A,-,01,23152,,N,A,C,A,A,H,-,A,D,0,,,,,Y,Y,D,72,0,1,0,0,0,0,0,0,0,"- ","- ",37.986629999999998,-122.58113,MARIN,FAIRFAX,-122.60434943,38.000337430000002
8343271,2017,2017-04-17,2103,2017-01-19,1105,164,DNTN,4,5,2,2103,0,0,0,,0,PAT,"CENTER BL","PASTORI AV",350.00,W,N,B,-,N,,,,,,,,,,N,3,0,1,2,A,-,17,22517,,N,H,G,A,B,H,-,A,D,0,,Y,,,Y,,D,72,0,1,0,0,0,0,1,0,0,"- ","- ",37.986269999999998,-122.58331,MARIN,FAIRFAX,-122.58372821,37.986089550000003
8343783,2017,2017-04-14,2109,2017-03-27,1559,510,26,1,5,5,2109,0,0,0,,0,004,"GRAND AV","BELLE AV",95.00,S,N,A,-,N,,,,,,,,,,Y,3,0,1,2,A,-,01,23152,A,N,B,E,A,A,H,-,A,A,0,,,,,Y,,A,01,0,1,0,0,0,0,0,0,0,"- ","- ",37.97437,-122.5185,MARIN,"SAN RAFAEL",-122.51842352,37.974806149999999
8346423,2017,2017-04-13,2103,2017-03-22,2204,153,OLEMA,3,5,2,2103,0,0,0,,0,PAT,"BOTHIN RD","OLEMA RD",184.00,E,N,A,-,N,,,,,,,,,,Y,4,0,1,1,A,-,01,23152,A,N,A,E,A,A,H,-,C,D,0,,,,,Y,Y,A,01,0,0,1,0,0,0,0,0,0,"- ","- ",37.993789999999997,-122.59568,MARIN,FAIRFAX,-122.5956724,37.993979269999997
8346452,2017,2017-04-14,2103,2017-02-27,0744,153,WILLO,1,5,2,2103,0,0,0,,0,PAT,"SIR FRANCIS DRAKE BL","PASTORI AV",620.00,W,N,A,-,N,,,,,,,,,,Y,4,0,1,2,A,-,04,21703,,N,C,C,A,A,H,-,A,A,0,,,,,Y,,A,01,0,0,1,0,0,0,0,0,0,"- ","- ",37.987009999999998,-122.58453,MARIN,FAIRFAX,-122.58457672999999,37.986785220000002
8346577,2017,2017-04-14,2106,2017-03-28,1320,NP0352,13030,2,5,4,2106,0,0,0,,0,NP3,"BEL MARIN KEYS BL","GALLI DR",0.00,,Y,A,-,N,,,,,,,,,,N,3,0,1,2,A,-,05,21650,1,N,H,G,A,A,H,-,A,A,0,,Y,,,Y,,L,04,0,1,0,0,0,0,1,0,0,"- ","- ",,,MARIN,NOVATO,-122.53756986,38.073919949999997
8346581,2017,2017-04-14,2106,2017-03-28,1446,NP0352,13011,2,5,4,2106,0,0,0,,0,NP1,"WILSON AV","CENTER RD",275.00,N,N,A,-,N,,,,,,,,,,Y,4,0,1,3,A,-,03,22350,,N,C,C,A,A,H,-,A,D,0,,,,,Y,,A,01,0,0,1,0,0,0,0,0,0,"- ","- ",,,MARIN,NOVATO,-122.59272996999999,38.108969420000001
8346589,2017,2017-04-14,2106,2017-03-21,1745,NP0373,13011,2,5,4,2106,0,0,0,,0,NP1,"CENTER RD","MCCLAY RD",35.00,E,N,B,-,N,,,,,,,,,,N,4,0,2,2,A,-,03,22350,,F,C,C,A,A,H,-,A,A,0,,,,,Y,,A,01,0,0,2,0,0,0,0,0,0,"- ","- ",,,MARIN,NOVATO,-122.58918426,38.106562420000003
8346645,2017,2017-04-17,2103,2017-01-22,1640,155,DNTN,7,5,2,2103,0,0,0,,0,PAT,"SHERMAN AV","BOLINAS RD",41.00,E,N,B,-,N,,,,,,,,,,N,3,0,1,2,A,-,09,21804,A,N,A,G,A,B,H,-,B,D,0,,Y,,,Y,Y,L,04,0,1,0,0,0,0,1,0,0,"- ","- ",37.987049999999996,-122.58889000000001,MARIN,FAIRFAX,-122.58983928000001,37.985290370000001
83491068,2024,2024-08-05,2109,2024-07-26,1750,659,,5,5,5,2109,0,0,0,,0,001,"D ST","FIFTH AVE",25.00,S,-,A,-,N,,,,,,,,,,Y,4,0,1,1,A,-,08,22107,,N,E,J,A,A,H,-,A,D,0,,,,,Y,,A,01,0,0,1,0,0,0,0,0,0,"- ","- ",37.974559783935547,-122.5318603515625,MARIN,"SAN RAFAEL",-122.53183746337891,37.974430084228516
83491155,2024,2024-08-05,2109,2024-07-18,1145,691,,4,5,5,2109,0,0,0,,0,004,"THIRD ST","EAST PROLONGATION OF IRWIN ST",99.00,E,-,A,-,N,,,,,,,,,,N,4,0,1,2,A,-,21,22106,,M,H,C,A,A,H,-,A,A,0,,,,,Y,,A,01,0,0,1,0,0,0,0,0,0,"- ","- ",37.971229553222656,-122.52095031738281,MARIN,"SAN RAFAEL",-122.53303527832031,37.972614288330078
83491282,2024,2024-08-05,2109,2024-08-02,1415,691,,5,5,5,2109,0,0,0,,0,004,"POINT SAN PEDRO RD.","PEACOCK DR.",44.00,N,-,A,-,N,,,,,,,,,,Y,4,0,1,2,A,-,09,21804,A,N,D,C,A,A,H,-,A,D,0,,,,,Y,,A,71,0,0,1,0,0,0,0,0,0,"- ","- ",37.983600616455078,-122.47104644775391,MARIN,"SAN RAFAEL",-122.47090148925781,37.983661651611328
8349215,2017,2018-05-10,2109,2017-04-11,2020,509,25,2,5,5,2109,0,0,0,,0,004,"VILLA AV","RT 101",500.00,S,N,C,-,N,,,,,,,,,,Y,4,0,1,2,A,-,07,21658,A,N,C,J,A,B,H,-,C,A,0,,,,,Y,,A,01,0,0,1,0,0,0,0,0,0,"- ","- ",37.986539999999998,-122.52451000000001,MARIN,"SAN RAFAEL",,
8349219,2017,2018-03-19,2109,2017-04-04,1917,509,39,2,5,5,2109,0,0,0,,0,003,"WOODLAND AV","DU BOIS ST",150.00,E,N,A,-,N,,,,,,,,,,N,4,0,1,2,A,-,09,21804,,N,D,C,A,A,H,-,A,A,0,,,Y,,Y,,D,22,0,0,1,0,0,0,0,0,1,"- ","- ",37.962969999999999,-122.51646,MARIN,"SAN RAFAEL",-122.51685869000001,37.962809669999999
8349388,2017,2017-04-20,2109,2017-04-10,1602,364,13,1,5,5,2109,0,0,0,,0,002,"LINCOLN AV","BROOKDALE AV",0.00,,Y,A,-,N,,,,,,,,,,Y,4,0,1,2,A,-,03,22350,,N,C,C,A,A,H,-,A,A,0,,,,,Y,,A,01,0,0,1,0,0,0,0,0,0,"- ","- ",37.983539999999998,-122.52421,MARIN,"SAN RAFAEL",-122.52415985,37.983019949999999
8349392,2017,2017-05-30,2109,2017-04-07,2138,612,15,5,5,5,2109,0,0,0,,0,002,"LINCOLN AV","LAUREL PL",0.00,,Y,B,C,N,,,,,,,,,,N,4,0,1,2,A,-,10,21950,A,N,G,B,D,B,H,-,C,D,0,Y,,,,Y,Y,A,01,0,0,1,0,1,0,0,0,0,"- ","- ",37.97513,-122.52311,MARIN,"SAN RAFAEL",-122.52314998,37.975089910000001
8349396,2017,2017-04-21,2109,2017-04-02,0107,500,5,7,5,5,2109,0,0,0,,0,,"4TH ST","GREENFIELD AV",66.00,W,N,A,-,N,,,,,,,,,,Y,4,0,1,2,A,-,08,22107,,N,C,E,A,A,H,-,C,A,0,,,,,Y,,A,01,0,0,1,0,0,0,0,0,0,"- ","- ",37.9756,-122.54558,MARIN,"SAN RAFAEL",-122.54457001,37.975000420000001
8349401,2017,2017-04-20,2106,2017-03-24,1244,NP0431,13012,5,5,4,2106,0,0,0,,0,NP1,"NOVATO BL","OLIVA DR",13.00,E,N,B,C,N,,,,,,,,,,Y,3,0,4,1,A,-,03,22350,,N,E,I,A,B,H,-,A,D,0,,,,,Y,,A,01,0,4,0,0,0,0,0,0,0,"- ","- ",,,MARIN,NOVATO,-122.59688690999999,38.112009229999998
8349411,2017,2017-04-24,2106,2017-04-04,1506,NP0373,13010,2,5,4,2106,0,0,0,,0,NP1,"SUTRO AV","STASIA DR",64.00,S,N,A,-,N,,,,,,,,,,N,3,0,2,3,A,-,03,22350,,N,C,C,A,A,H,-,A,D,0,,,,,Y,,A,01,0,1,1,0,0,0,0,0,0,"- ","- ",,,MARIN,NOVATO,-122.61240685,38.110088140000002
8349415,2017,2017-04-20,2106,2017-04-10,1034,NP0288,13010,1,5,4,2106,0,0,0,,0,NP1,"SUTRO AV","STASIA DR",45.00,N,N,B,-,N,,,,,,,,,,N,4,0,1,2,A,-,10,21954,B,F,G,B,-,A,H,-,A,D,0,Y,,,,Y,,A,01,0,0,1,0,1,0,0,0,0,"- ","- ",,,MARIN,NOVATO,-122.61225646,38.110362960000003
8349417,2017,2017-04-20,2109,2017-03-31,1913,500,11,5,5,5,2109,0,0,0,,0,,"D ST","ROSS ST",0.00,,Y,A,-,N,,,,,,,,,,Y,4,0,1,2,A,-,09,21802,A,N,B,C,A,A,H,-,A,A,0,,,,,Y,,A,01,0,0,1,0,0,0,0,0,0,"- ","- ",37.968670000000003,-122.53274999999999,MARIN,"SAN RAFAEL",-122.53276995,37.968609909999998
8352408,2017,2017-05-10,2110,2017-04-22,1325,SP5253,10000,6,5,2,2110,0,0,0,,0,SP2,BRIDGEWAY,"NORTH BRIDGE BL",45.00,S,N,A,-,N,,,,,,,,,,N,3,0,1,2,A,-,03,22350,,N,C,G,A,A,H,-,A,A,0,,Y,,,Y,,A,01,0,1,0,0,0,0,1,0,0,"- ","- ",,,MARIN,SAUSALITO,-122.50558008,37.872531619999997
8352468,2017,2017-06-10,2106,2017-04-19,1136,NP0352,13041,3,5,4,2106,0,0,0,,0,NP4,"SOUTH NOVATO BL","ARTHUR ST",0.00,,Y,A,-,N,,,,,,,,,,N,4,0,1,2,A,-,10,21950,A,N,G,B,B,A,H,-,A,A,0,Y,,,,Y,,A,01,0,0,1,0,1,0,0,0,0,"- ","- ",,,MARIN,NOVATO,-122.56775986,38.092309929999999
8353787,2017,2017-05-01,2109,2017-02-14,2020,571,7,2,5,5,2109,0,0,0,,0,,"HETHERTON AV","3RD ST",0.00,,Y,A,-,N,,,,,,,,,,N,4,0,1,2,A,-,08,22107,,M,G,B,B,A,H,-,C,A,0,Y,,,,Y,,A,01,0,0,1,0,1,0,0,0,0,"- ","- ",37.974820000000001,-122.53179,MARIN,"SAN RAFAEL",-122.52223988999999,37.971429950000001
8353796,2017,2017-05-04,2109,2017-04-17,1530,510,55,1,5,5,2109,0,0,0,,0,006,"WATERSIDE CIR","EDGEWATER CT",110.00,E,N,C,-,N,,,,,,,,,,Y,3,0,1,2,A,-,03,22350,,N,C,E,A,B,H,-,E,A,0,,,,,Y,,A,01,0,1,0,0,0,0,0,0,0,"- ","- ",38.005569999999999,-122.52670000000001,MARIN,"SAN RAFAEL",-122.52711523000001,38.005723269999997
8353808,2017,2017-05-04,2109,2017-04-18,2040,579,21,2,5,5,2109,0,0,0,,0,003,"FAIRFAX ST","CANAL ST",0.00,,Y,A,-,N,,,,,,,,,,Y,4,0,2,3,A,-,01,23152,A,F,B,C,A,A,H,-,C,D,0,,,,,Y,Y,A,01,0,0,2,0,0,0,0,0,0,"- ","- ",37.965389999999999,-122.50064,MARIN,"SAN RAFAEL",-122.50462988,37.966349989999998
8353812,2017,2017-05-04,2109,2017-04-18,0727,541,17,2,5,5,2109,0,0,0,,0,002,"3RD ST","HETHERTON ST",0.00,,Y,A,-,N,,,,,,,,,,Y,4,0,1,2,A,-,00,21453,,N,D,C,A,A,H,-,A,A,0,,,,,Y,,A,01,0,0,1,0,0,0,0,0,0,"- ","- ",37.971409999999999,-122.52222999999999,MARIN,"SAN RAFAEL",-122.52223988999999,37.971429950000001
8354400,2017,2017-05-04,2105,2017-04-12,1439,MV6233,90003,3,5,3,2105,0,0,0,,0,MV2,"EAST BLITHEDALE AV","ROQUE MORAES DR",810.00,E,N,B,-,N,,,,,,,,,,N,4,0,1,4,A,-,03,22350,,N,C,C,A,A,H,-,A,D,0,,,Y,,Y,,C,02,0,0,1,0,0,0,0,0,0,"- ","- ",,,MARIN,"MILL VALLEY",-122.52451464000001,37.902258930000002
8354414,2017,2017-05-17,2109,2017-04-23,1503,534,17,7,5,5,2109,0,0,0,,0,002,"3RD ST","TAMALPAIS AV",0.00,,Y,A,-,N,,,,,,,,,,N,4,0,1,2,A,-,03,22350,,N,C,C,A,A,H,-,A,A,0,,,,,Y,,A,01,0,0,1,0,0,0,0,0,0,"- ","- ",37.97148,-122.52272000000001,MARIN,"SAN RAFAEL",-122.52318988,37.971549979999999
8355594,2017,2017-06-01,2109,2017-03-27,1020,542,39,1,5,5,2109,0,0,0,,0,003,"ANDERSEN DR","RICE DR",0.00,,Y,A,-,N,,,,,,,,,,N,4,0,1,3,A,-,03,22350,,N,C,C,A,A,H,-,A,D,0,,,,,Y,,A,01,0,0,1,0,0,0,0,0,0,"- ","- ",37.965780000000002,-122.51955,MARIN,"SAN RAFAEL",-122.52005991999999,37.96520993
8359781,2017,2017-05-10,2109,2017-04-24,0808,542,41,1,5,5,2109,0,0,0,,0,,"ANDERSEN DR","FRANCISCO BL W",380.00,S,N,A,-,N,,,,,,,,,,Y,4,0,1,2,A,-,09,21804,A,N,D,C,A,A,H,-,A,D,0,,,,,Y,,A,07,0,0,1,0,0,0,0,0,0,"- ","- ",37.95814,-122.50832,MARIN,"SAN RAFAEL",-122.51076662,37.959580780000003