CASE_ID,ACCIDENT_YEAR,PROC_DATE,JURIS,COLLISION_DATE,COLLISION_TIME,OFFICER_ID,REPORTING_DISTRICT,DAY_OF_WEEK,CHP_SHIFT,POPULATION,CNTY_CITY_LOC,SPECIAL_COND,BEAT_TYPE,CHP_BEAT_TYPE,CITY_DIVISION_LAPD,CHP_BEAT_CLASS,BEAT_NUMBER,PRIMARY_RD,SECONDARY_RD,DISTANCE,DIRECTION,INTERSECTION,WEATHER_1,WEATHER_2,STATE_HWY_IND,CALTRANS_COUNTY,CALTRANS_DISTRICT,STATE_ROUTE,ROUTE_SUFFIX,POSTMILE_PREFIX,POSTMILE,LOCATION_TYPE,RAMP_INTERSECTION,SIDE_OF_HWY,TOW_AWAY,COLLISION_SEVERITY,NUMBER_KILLED,NUMBER_INJURED,PARTY_COUNT,PRIMARY_COLL_FACTOR,PCF_CODE_OF_VIOL,PCF_VIOL_CATEGORY,PCF_VIOLATION,PCF_VIOL_SUBSECTION,HIT_AND_RUN,TYPE_OF_COLLISION,MVIW,PED_ACTION,ROAD_SURFACE,ROAD_COND_1,ROAD_COND_2,LIGHTING,CONTROL_DEVICE,CHP_ROAD_TYPE,PEDESTRIAN_ACCIDENT,BICYCLE_ACCIDENT,MOTORCYCLE_ACCIDENT,TRUCK_ACCIDENT,NOT_PRIVATE_PROPERTY,ALCOHOL_INVOLVED,STWD_VEHTYPE_AT_FAULT,CHP_VEHTYPE_AT_FAULT,COUNT_SEVERE_INJ,COUNT_VISIBLE_INJ,COUNT_COMPLAINT_PAIN,COUNT_PED_KILLED,COUNT_PED_INJURED,COUNT_BICYCLIST_KILLED,COUNT_BICYCLIST_INJURED,COUNT_MC_KILLED,COUNT_MC_INJURED,PRIMARY_RAMP,SECONDARY_RAMP,LATITUDE,LONGITUDE,COUNTY,CITY,POINT_X,POINT_Y
84946867,2025,2025-11-25,2109,2025-11-17,"616 ",671,,1,5,5,2109,0,0,0,,0,002,"LINDARO ST","WEST CURB LINE OF THIRD ST.",4.00,E,-,C,-,N,,,,,,,,,,N,3,0,1,2,A,-,10,21950,A,N,G,B,B,B,H,-,C,A,0,Y,,,,Y,,D,22,0,1,0,0,1,0,0,0,0,"- ","- ",37.971900939941406,-122.52584838867188,MARIN,"SAN RAFAEL",,
84951583,2025,2025-12-01,2109,2025-11-27,2341,698,,4,5,5,2109,0,0,0,,0,001,"MAYWOOD WY","CRESTWOOD DR",526.00,S,-,A,-,N,,,,,,,,,,N,3,0,1,2,A,-,01,23152,A,N,B,E,A,A,H,-,C,D,0,,,,,Y,Y,A,01,0,1,0,0,0,0,0,0,0,"- ","- ",37.984348297119141,-122.5418701171875,MARIN,"SAN RAFAEL",-122.54278564453125,37.984748840332031
84952553,2025,2025-12-01,2109,2025-11-09,2051,710,,7,5,5,2109,0,0,0,,0,001,"410 D ST","EAST CURB OF D ST",6.00,W,-,A,-,N,,,,,,,,,,Y,3,0,1,3,A,-,03,22350,,N,B,E,A,A,H,-,D,D,0,,,,,Y,,A,01,0,1,0,0,0,0,0,0,0,"- ","- ",37.968330383300781,-122.53280639648438,MARIN,"SAN RAFAEL",-123.00955963134766,38.469242095947266
8495425,2017,2018-01-09,2106,2017-11-06,1749,NP0399,13032,1,5,4,2106,0,0,0,,0,NP3,"ALAMEDA DEL PRADO","CEILO LN",1453.00,S,N,A,-,N,,,,,,,,,,N,4,0,1,2,A,-,03,22350,,N,C,C,A,A,H,-,A,D,0,,,,,Y,,A,01,0,0,1,0,0,0,0,0,0,"- ","- ",,,MARIN,NOVATO,-122.53117625,38.054005549999999
84957537,2025,2025-12-04,2109,2025-11-25,2050,709,,2,5,5,2109,0,0,0,,0,002,"FOURTH ST","LOOTENS PL",216.00,E,-,A,-,N,,,,,,,,,,N,3,0,2,2,A,-,03,22350,,N,C,C,A,A,H,-,C,A,0,,,,,Y,,A,01,0,2,0,0,0,0,0,0,0,"- ","- ",37.972988128662109,-122.52694702148438,MARIN,"SAN RAFAEL",-122.52528381347656,37.972824096679688
84957735,2025,2025-12-04,2109,2025-10-09,2145,629,,4,5,5,2109,0,0,0,,0,004,"POINT SAN PEDRO","MARIN BAY PARK CT",264.00,W,-,A,-,N,,,,,,,,,,N,2,0,1,2,A,-,08,22107,,F,G,B,E,A,H,-,D,D,0,Y,,,,Y,,A,01,1,0,0,0,1,0,0,0,0,"- ","- ",37.990470886230469,-122.45777130126953,MARIN,"SAN RAFAEL",-122.45787048339844,37.9913330078125
8495996,2017,2017-11-30,2106,2017-10-24,1647,NP0288,13041,2,5,4,2106,0,0,0,,0,NP4,"NOVATO BL","LOS ALONDRAS CT",120.00,E,N,A,-,N,,,,,,,,,,N,4,0,1,3,A,-,03,22350,,N,C,C,A,A,H,-,A,D,0,,,,,Y,,A,01,0,0,1,0,0,0,0,0,0,"- ","- ",,,MARIN,NOVATO,-122.57686667999999,38.105264839999997
84960573,2025,2025-12-08,2109,2025-11-22,1030,682,,6,5,5,2109,0,0,0,,0,002,"A ST","FOURTH ST",63.00,N,-,A,-,N,,,,,,,,,,N,4,0,1,2,A,-,08,22102,,N,D,C,A,A,H,-,A,D,0,,,,,Y,,A,01,0,0,1,0,0,0,0,0,0,"- ","- ",37.973140716552734,-122.52821350097656,MARIN,"SAN RAFAEL",-122.52817535400391,37.973312377929688
84961906,2025,2025-12-08,2109,2025-12-04,1244,567,,4,5,5,2109,0,0,0,,0,001,"D STREET","SAN RAFAEL AVE.",54.00,S,-,A,-,N,,,,,,,,,,Y,3,0,4,2,A,-,08,22107,,N,A,C,A,A,H,-,A,D,0,,,,,Y,,A,01,0,3,1,0,0,0,0,0,0,"- ","- ",37.965888977050781,-122.533203125,MARIN,"SAN RAFAEL",-122.53323364257812,37.965751647949219
8496256,2017,2017-12-07,2106,2017-11-16,1415,NP0386,13021,4,5,4,2106,0,0,0,,0,NP2,"ROWLAND WAY","ROWLAND BL",230.00,N,N,C,-,N,,,,,,,,,,Y,3,0,2,2,A,-,07,21658,A,N,B,C,A,B,H,-,A,D,0,,,Y,,Y,,C,02,0,1,1,0,0,0,0,0,2,"- ","- ",,,MARIN,NOVATO,-122.55661981,38.094378310000003
8496260,2017,2017-12-07,2106,2017-11-17,0726,NP0386,13033,5,5,4,2106,0,0,0,,0,NP3,"IGNACIO BL","ALAMEDA DEL PRADO",220.00,E,N,A,-,N,,,,,,,,,,N,4,0,1,2,A,-,07,21658,A,N,B,C,A,A,H,-,A,D,0,,,,,Y,,A,01,0,0,1,0,0,0,0,0,0,"- ","- ",,,MARIN,NOVATO,-122.53992602,38.065980709999998
8496264,2017,2017-12-07,2106,2017-11-07,1215,NP0352,13030,2,5,4,2106,0,0,0,,0,NP3,"DIGITAL DR","LEVERONI CT",385.00,W,N,A,-,N,,,,,,,,,,Y,3,0,1,3,A,-,09,21801,A,N,B,C,A,A,H,-,A,D,0,,,Y,,Y,,A,01,0,1,0,0,0,0,0,0,1,"- ","- ",,,MARIN,NOVATO,-122.53268269,38.07038155
8496268,2017,2017-12-07,2106,2017-11-04,1254,NP0386,13016,6,5,4,2106,0,0,0,,0,NP1,"SAN MARIN DR","ASPEN DR",105.00,E,N,A,-,N,,,,,,,,,,Y,3,0,1,3,C,-,18,,,N,C,E,A,B,H,-,A,D,0,,,Y,,Y,,-,"- ",0,1,0,0,0,0,0,0,0,"- ","- ",,,MARIN,NOVATO,-122.60690030000001,38.121371979999999
8496272,2017,2017-12-07,2106,2017-11-06,1749,NP0401,13021,1,5,4,2106,0,0,0,,0,NP2,"ROWLAND WAY","ROWLAND BL",10.00,N,N,A,-,N,,,,,,,,,,N,3,0,1,2,A,-,12,21453,A,F,H,G,A,A,H,-,C,A,0,,Y,Y,,Y,,C,02,0,1,0,0,0,0,1,0,0,"- ","- ",,,MARIN,NOVATO,-122.55633561,38.093837110000003
8496276,2017,2017-12-07,2106,2017-11-01,1935,NP0413,13012,3,5,4,2106,0,0,0,,0,NP1,"REDWOOD BL","VALLEJO AV",0.00,,Y,A,-,N,,,,,,,,,,N,4,0,1,2,A,-,07,21658,A,F,E,I,A,A,H,-,A,D,0,,,Y,,Y,,C,02,0,0,1,0,0,0,0,0,0,"- ","- ",,,MARIN,NOVATO,-122.56957992,38.10955998
84967824,2025,2025-12-11,2109,2025-12-08,2018,681,,1,5,5,2109,0,0,0,,0,006,"CIVIC CENTER DR.","MCINNIS PKWY.",0.00,,Y,A,-,N,,,,,,,,,,Y,3,0,2,2,A,-,09,21453,C,N,D,C,A,A,H,-,C,A,0,,,,,Y,,A,01,0,2,0,0,0,0,0,0,0,"- ","- ",38.003608703613281,-122.53849792480469,MARIN,"SAN RAFAEL",-122.53672790527344,38.001590728759766
84967833,2025,2025-12-11,2109,2025-12-08,1126,604,,1,5,5,2109,0,0,0,,0,001,"SECOND STREET","HAYES STREET",0.00,,Y,A,-,N,,,,,,,,,,Y,2,0,1,2,A,-,06,21755,A,N,D,C,A,A,H,-,A,D,0,,,Y,,Y,,C,02,1,0,0,0,0,0,0,0,1,"- ","- ",37.971870422363281,-122.53594207763672,MARIN,"SAN RAFAEL",-122.5357666015625,37.97210693359375
84967834,2025,2025-12-11,2109,2025-11-25,1934,706,,2,5,5,2109,0,0,0,,0,003,"BELLAM BLVD","FRANCISCO BLVD E",745.00,W,-,A,-,N,,,,,,,,,,N,3,0,1,2,A,-,08,22107,,F,D,C,A,A,H,-,C,D,0,,,,,Y,,D,22,0,1,0,0,0,0,0,0,0,"- ","- ",37.959121704101562,-122.50727081298828,MARIN,"SAN RAFAEL",-122.50674438476562,37.959178924560547
84970905,2025,2025-12-15,2109,2025-12-11,1449,622,,4,5,5,2109,0,0,0,,0,005,"LAS GALLINAS AVE","DEL PRESIDIO BLVD",714.00,E,-,A,-,N,,,,,,,,,,N,4,0,1,2,A,-,03,22350,,N,C,C,A,A,H,-,A,D,0,,,,,Y,,A,01,0,0,1,0,0,0,0,0,0,"- ","- ",38.006061553955078,-122.54241943359375,MARIN,"SAN RAFAEL",-122.54239654541016,38.005989074707031
84971345,2025,2025-12-15,2109,2025-12-10,1720,709,,3,5,5,2109,0,0,0,,0,002,"A STREET","THIRD STREET",103.00,N,-,A,-,Y,,,,,,,,,,N,3,0,1,2,A,-,03,22350,,N,C,C,A,A,H,-,C,A,0,,,,,Y,,A,01,0,1,0,0,0,0,0,0,0,"- ","- ",37.971469879150391,-122.52818298339844,MARIN,"SAN RAFAEL",-122.52834320068359,37.972442626953125
84977423,2025,2025-12-18,2109,2025-12-15,2038,524,,1,5,5,2109,0,0,0,,0,006,"MANUEL T FREITAS PKWY","TRINITY WAY",625.00,E,-,A,-,N,,,,,,,,,,Y,3,0,1,1,A,-,01,23152,,N,E,I,A,A,H,-,C,D,0,,,,,Y,Y,A,01,0,1,0,0,0,0,0,0,0,"- ","- ",38.009658813476562,-122.54894256591797,MARIN,"SAN RAFAEL",-122.55165863037109,38.009651184082031
84977800,2025,2025-12-18,2109,2025-12-17,1223,422,,3,5,5,2109,0,0,0,,0,006,"SMITH RANCH RD","N REDWOOD HWY",0.00,,Y,B,-,Y,,,,,,,,,,Y,3,0,1,3,A,-,03,22350,,N,C,C,A,B,H,-,A,A,0,,,,,Y,,A,01,0,1,0,0,0,0,0,0,0,"- ","- ",38.019710540771484,-122.53614044189453,MARIN,"SAN RAFAEL",-122.53903961181641,38.021167755126953
84980430,2025,2025-12-22,2109,2025-12-18,1536,700,,4,5,5,2109,0,0,0,,0,005,"MONTECILLO RD","TRELLIS DR",500.00,E,-,A,-,N,,,,,,,,,,Y,3,0,1,1,A,-,08,22107,,N,E,I,A,A,H,-,A,A,0,,,,,Y,,A,01,0,1,0,0,0,0,0,0,0,"- ","- ",38.006378173828125,-122.55506134033203,MARIN,"SAN RAFAEL",-122.55556488037109,38.006145477294922
84983670,2025,2025-12-23,2109,2025-12-17,1637,705,,3,5,5,2109,0,0,0,,0,003,"595 FRANCISCO BLVD E","HARBOR ST",0.00,,Y,A,-,N,,,,,,,,,,N,3,0,1,2,A,-,17,21235,G,N,D,C,A,A,H,-,B,D,0,,,,,Y,,A,01,0,1,0,0,0,0,0,0,0,"- ","- ",37.965408325195312,-122.51435852050781,MARIN,"SAN RAFAEL",-122.51396179199219,37.965049743652344
8498490,2017,2017-12-08,2106,2017-11-24,0730,NP0412,13041,5,5,4,2106,0,0,0,,0,NP4,"JOHNSON ST","JOHNSON ST 1430",0.00,,N,B,-,N,,,,,,,,,,N,3,0,1,1,A,-,03,22350,,N,H,I,A,A,H,-,A,D,0,,Y,,,Y,,L,04,0,1,0,0,0,0,1,0,0,"- ","- ",,,MARIN,NOVATO,-122.57142842,38.094382680000002
84987192,2025,2025-12-26,2109,2025-12-24,1819,476,,3,5,5,2109,0,0,0,,0,001,"SECOND ST","D ST",0.00,,Y,C,-,N,,,,,,,,,,Y,4,0,1,2,A,-,12,21453,A,N,D,C,A,B,H,-,C,A,0,,,,,Y,,A,01,0,0,1,0,0,0,0,0,0,"- ","- ",37.971549987792969,-122.53231048583984,MARIN,"SAN RAFAEL",-122.53231048583984,37.9715576171875
84987644,2025,2025-12-26,2109,2025-12-19,1422,622,,5,5,5,2109,0,0,0,,0,003,"FRANCISCO BLVD W","ANDERSEN DR",296.00,E,-,C,-,N,,,,,,,,,,Y,3,0,1,2,A,-,08,22107,,N,B,C,A,B,H,-,A,D,0,,,,,Y,,A,01,0,1,0,0,0,0,0,0,0,"- ","- ",37.961109161376953,-122.51087188720703,MARIN,"SAN RAFAEL",-122.51109313964844,37.960964202880859
84997381,2025,2026-01-05,2109,2025-12-31,1800,622,,3,5,5,2109,0,0,0,,0,002,"COURT ST","FIFTH AVE",0.00,,Y,C,-,N,,,,,,,,,,N,4,0,1,2,A,-,10,21950,,F,G,B,B,B,G,-,C,A,0,Y,,,,Y,,A,01,0,0,1,0,1,0,0,0,0,"- ","- ",37.974048614501953,-122.52694702148438,MARIN,"SAN RAFAEL",-122.52690887451172,37.974006652832031
85004203,2025,2026-01-08,2109,2025-12-30,1924,681,,2,5,5,2109,0,0,0,,0,002,"ALVINA AVE","OAK AVE",0.00,,Y,A,-,N,,,,,,,,,,Y,3,0,1,1,A,-,13,22515,A,N,E,J,A,A,H,-,C,D,0,,,,,Y,,A,01,0,1,0,0,0,0,0,0,0,"- ","- ",37.965080261230469,-122.53089904785156,MARIN,"SAN RAFAEL",-122.53073883056641,37.964763641357422
85004205,2025,2026-01-08,2109,2025-12-23,2233,658,,2,5,5,2109,0,0,0,,0,003,"FRANCISCO BLVD E","MAIN ST.",33.00,E,-,A,-,N,,,,,,,,,,N,4,0,1,2,A,-,03,22350,,M,C,C,A,A,H,-,C,D,0,,,,,Y,Y,A,01,0,0,1,0,0,0,0,0,0,"- ","- ",37.940601348876953,-122.48626708984375,MARIN,"SAN RAFAEL",-122.48011779785156,37.943717956542969
8502839,2018,2018-07-03,2106,2018-01-25,0906,NP0431,13013,4,5,4,2106,0,0,0,,0,NP1,"ATHERTON AV","REDWOOD BL",83.00,E,N,A,-,N,,,,,,,,,,N,4,0,1,4,A,-,21,22106,,N,C,C,A,B,H,-,A,A,0,,,,,Y,Y,A,01,0,0,1,0,0,0,0,0,0,"- ","- ",,,MARIN,NOVATO,-122.56674957275391,38.118217468261719
8503847,2017,2018-06-08,2109,2017-11-02,0920,537,57,4,5,5,2109,0,0,0,,0,,"LOS RANCHITOS RD","NORTH SAN PEDRO RD",422.00,S,N,A,-,N,,,,,,,,,,N,4,0,1,2,A,-,08,22107,,N,D,G,A,A,H,-,A,D,0,,Y,,,Y,,A,01,0,0,1,0,0,0,1,0,0,"- ","- ",37.992310000000003,-122.53418000000001,MARIN,"SAN RAFAEL",-122.53422691999999,37.992030339999999
8504429,2018,2018-08-10,2106,2018-01-09,0555,NP0387,13032,2,5,4,2106,0,0,0,,0,NP3,"ALAMEDA DEL PRADO","RT 101",16.00,S,N,C,-,Y,MRN,4,101,-,-,16.663,R,4,S,Y,4,0,2,2,A,-,09,21801,A,N,A,C,A,B,H,-,C,D,0,,,,,Y,,A,01,0,0,2,0,0,0,0,0,0,"- ","- ",,,MARIN,NOVATO,-122.53229522705078,38.048496246337891
8504743,2017,2018-06-14,2106,2017-12-31,2047,NP0373,13030,7,5,4,2106,0,0,0,,0,NP3,"NAVE DR","BEL MARIN KEYS BL",59.00,S,N,A,-,Y,MRN,4,101,-,-,18.183,R,4,N,N,4,0,1,2,A,-,03,22350,,F,C,C,A,A,H,-,C,A,0,,,,,Y,,A,01,0,0,1,0,0,0,0,0,0,"- ","- ",,,MARIN,NOVATO,-122.53842547000001,38.068708000000001
85059272,2025,2026-02-17,2109,2025-09-20,1404,687,,6,5,5,2109,0,0,0,,0,001,"THIRD ST","E ST",0.00,,Y,A,-,N,,,,,,,,,,N,1,1,0,2,A,-,10,21950,A,N,G,B,B,A,H,-,A,A,0,Y,,,,Y,,A,01,0,0,0,1,0,0,0,0,0,"- ","- ",37.972610473632812,-122.53341674804688,MARIN,"SAN RAFAEL",-122.53337860107422,37.972602844238281
85059629,2025,2026-02-17,2109,2025-10-29,1026,705,,3,5,5,2109,0,0,0,,0,002,"A ST","SECOND ST",0.00,,Y,A,-,N,,,,,,,,,,N,1,1,0,2,A,-,10,21950,A,N,G,B,B,A,H,-,A,A,0,Y,,,,Y,,B,08,0,0,0,1,0,0,0,0,0,"- ","- ",37.971168518066406,-122.52852630615234,MARIN,"SAN RAFAEL",-122.52854156494141,37.971179962158203
8506084,2017,2017-12-08,2109,2017-10-31,2214,509,12,2,5,5,2109,0,0,0,,0,002,"ROBERT DOLLAR DR","LAUREL PL",1000.00,N,N,A,-,N,,,,,,,,,,Y,3,0,2,2,A,-,05,21660,,N,A,C,A,A,H,-,D,A,0,,,,,Y,,D,22,0,2,0,0,0,0,0,0,0,"- ","- ",37.979599999999998,-122.52553,MARIN,"SAN RAFAEL",-122.52718179999999,37.976737839999998
8506128,2017,2017-12-11,2109,2017-11-19,1146,613,16,7,5,5,2109,0,0,0,,0,002,"B ST","3RD ST",0.00,,Y,A,-,N,,,,,,,,,,N,3,0,1,2,A,-,09,21804,A,N,D,G,A,A,H,-,A,A,0,,Y,,,Y,,L,04,0,1,0,0,0,0,1,0,0,"- ","- ",37.972290000000001,-122.52964,MARIN,"SAN RAFAEL",-122.52967993999999,37.972299970000002
8506136,2017,2017-12-11,2109,2017-11-20,0800,612,17,1,5,5,2109,0,0,0,,0,002,"2ND ST","LINCOLN AV",38.00,W,N,A,-,N,,,,,,,,,,N,4,0,1,2,A,-,03,22350,,N,C,C,A,A,H,-,A,A,0,,,,,Y,,A,07,0,0,1,0,0,0,0,0,0,"- ","- ",37.970680000000002,-122.52338,MARIN,"SAN RAFAEL",-122.5244312,37.970760499999997
8506144,2017,2017-12-11,2109,2017-11-20,2207,615,19,1,5,5,2109,0,0,0,,0,003,"FRANCISCO BL E","HARBOR ST",0.00,,Y,A,-,N,,,,,,,,,,Y,2,0,1,1,A,-,01,23152,A,M,E,I,A,A,H,-,C,D,0,,,,,Y,Y,A,01,1,0,0,0,0,0,0,0,0,"- ","- ",37.9651,-122.51356,MARIN,"SAN RAFAEL",-122.51395994000001,37.965049989999997
8506148,2017,2017-12-11,2109,2017-11-21,1011,541,28,2,5,5,2109,0,0,0,,0,004,"GRAND AV","ACACIA AV",40.00,N,N,A,-,N,,,,,,,,,,Y,3,0,1,2,A,-,08,22107,,N,C,E,A,A,H,-,A,D,0,,,,,Y,,A,01,0,1,0,0,0,0,0,0,0,"- ","- ",37.979930000000003,-122.51349999999999,MARIN,"SAN RAFAEL",-122.51576593,37.97946984
8506152,2017,2017-12-11,2109,2017-11-27,1658,571,36,1,5,5,2109,0,0,0,,0,,"LINCOLN AV","2ND ST",428.00,S,N,A,-,N,,,,,,,,,,N,3,0,1,2,A,-,03,22350,,N,G,B,C,A,H,-,A,A,0,Y,,,,Y,,A,01,0,1,0,0,1,0,0,0,0,"- ","- ",37.969340000000003,-122.52489,MARIN,"SAN RAFAEL",-122.52443336,37.969580440000001
8506156,2017,2017-12-11,2109,2017-11-27,0555,587,26,1,5,5,2109,0,0,0,,0,004,"2ND ST","IRWIN ST",0.00,,Y,A,-,N,,,,,,,,,,N,3,0,1,2,A,-,10,21950,A,N,G,B,B,B,H,-,C,A,0,Y,,,,Y,,A,01,0,1,0,0,1,0,0,0,0,"- ","- ",37.970050000000001,-122.52115999999999,MARIN,"SAN RAFAEL",-122.52116997,37.970479910000002
8506160,2017,2017-12-11,2109,2017-11-26,1809,434,31,7,5,5,2109,0,0,0,,0,004,"POINT SAN PEDRO RD","BALBOA AV",27.00,W,N,B,-,N,,,,,,,,,,Y,4,0,1,1,A,-,03,22350,,N,E,I,A,B,H,-,C,D,0,,,,,Y,,A,01,0,0,1,0,0,0,0,0,0,"- ","- ",37.975810000000003,-122.49413,MARIN,"SAN RAFAEL",-122.49414268,37.975350900000002
8506816,2017,2017-12-06,2106,2017-11-29,1941,NP0419,13042,3,5,4,2106,0,0,0,,0,NP4,"ROWLAND BL","REDWOOD BL",0.00,,Y,A,-,N,,,,,,,,,,Y,4,0,1,2,A,-,03,22350,,N,C,C,A,A,H,-,C,A,0,,,,,Y,,A,01,0,0,1,0,0,0,0,0,0,"- ","- ",,,MARIN,NOVATO,-122.56186993999999,38.090489910000002
85077053,2025,2026-03-02,2109,2025-02-21,1315,682,,5,5,5,2109,0,0,0,,0,004,"GRAND AVE","SECOND ST",0.00,,Y,A,-,N,,,,,,,,,,N,4,0,1,2,A,-,21,22106,,N,C,C,A,A,H,-,A,A,0,,,,,Y,,D,73,0,0,1,0,0,0,0,0,0,"- ","- ",37.970348358154297,-122.51894378662109,MARIN,"SAN RAFAEL",-122.51898956298828,37.970306396484375
8507838,2017,2018-06-14,2109,2017-12-03,1150,537,46,7,5,5,2109,0,0,0,,0,,"MANUEL T FREITAS PKWY","DEL PRESIDIO BL",0.00,,Y,A,-,Y,MRN,4,101,-,-,13.883,R,4,S,N,3,0,1,2,A,-,08,22101,D,N,D,C,A,A,H,-,A,A,0,,,,,Y,,A,01,0,1,0,0,0,0,0,0,0,"- ","- ",38.007289999999998,-122.54394000000001,MARIN,"SAN RAFAEL",-122.54214107999999,38.00953183
8507938,2017,2017-12-22,2106,2017-12-04,1506,NP0388,13012,1,5,4,2106,0,0,0,,0,NP1,"NOVATO BL","GRANT AV",0.00,,Y,A,-,N,,,,,,,,,,N,4,0,1,2,A,-,08,22107,,N,H,G,A,A,H,-,A,A,0,,Y,,,Y,,A,01,0,0,1,0,0,0,1,0,0,"- ","- ",,,MARIN,NOVATO,-122.58342999,38.10823989
8508611,2017,2018-03-05,2109,2017-12-02,1341,524,22,6,5,5,2109,0,0,0,,0,,"KERNER BL","BELLAM BL",0.00,,Y,A,-,N,,,,,,,,,,N,3,0,1,2,A,-,09,21800,D,N,D,C,A,A,H,-,A,B,0,,,,,Y,,-,"- ",0,1,0,0,0,0,0,0,0,"- ","- ",37.961480000000002,-122.50182,MARIN,"SAN RAFAEL",-122.50185997,37.961579899999997
8508615,2017,2018-03-05,2109,2017-12-01,0752,524,39,5,5,5,2109,0,0,0,,0,003,"WOODLAND AV","IRWIN ST",0.00,,Y,A,-,N,,,,,,,,,,Y,3,0,1,2,A,-,12,22450,,N,D,C,A,A,H,-,A,A,0,,,,,Y,,-,"- ",0,1,0,0,0,0,0,0,0,"- ","- ",37.963349999999998,-122.52101999999999,MARIN,"SAN RAFAEL",-122.52098995,37.963339900000001
8508695,2017,2017-12-16,2109,2017-11-29,1003,510,5,3,5,5,2109,0,0,0,,0,001,"4TH ST","5TH AV",98.00,E,N,A,-,N,,,,,,,,,,Y,3,0,1,2,A,-,03,22350,,N,C,C,A,A,H,-,A,A,0,,,,,Y,,A,01,0,1,0,0,0,0,0,0,0,"- ","- ",37.974179999999997,-122.53861000000001,MARIN,"SAN RAFAEL",-122.53828257000001,37.974133000000002
8508862,2017,2017-12-13,2109,2017-11-28,1754,615,26,2,5,5,2109,0,0,0,,0,004,"BELLE AV","IRWIN ST",0.00,,Y,A,-,N,,,,,,,,,,N,3,0,1,2,A,-,10,21950,A,N,G,B,B,A,H,-,D,A,0,Y,,,,Y,Y,A,01,0,1,0,0,1,0,0,0,0,"- ","- ",37.975470000000001,-122.51978,MARIN,"SAN RAFAEL",-122.51975985,37.975429920000003
8508866,2017,2017-12-13,2109,2017-11-28,1229,476,46,2,5,5,2109,0,0,0,,0,006,"MANUEL T FREITAS PKWY","DEL PRESIDIO BL",0.00,,Y,A,-,N,,,,,,,,,,N,3,0,2,2,A,-,12,21453,A,N,D,C,A,A,H,-,A,A,0,,,,,Y,,A,01,0,2,0,0,0,0,0,0,0,"- ","- ",38.007289999999998,-122.54394000000001,MARIN,"SAN RAFAEL",-122.54391991,38.007289970000002
8508870,2017,2017-12-13,2109,2017-11-25,0823,518,20,6,5,5,2109,0,0,0,,0,003,"BELLAM BL","BELVEDERE ST",60.00,W,N,A,-,N,,,,,,,,,,N,3,0,1,2,A,-,11,21954,A,N,A,B,D,A,H,-,A,D,0,Y,,,,Y,,N,60,0,1,0,0,1,0,0,0,0,"- ","- ",37.961570000000002,-122.50305,MARIN,"SAN RAFAEL",-122.50283186999999,37.961306039999997
8508874,2017,2017-12-13,2109,2017-12-01,1317,613,17,5,5,5,2109,0,0,0,,0,002,"3RD ST","HETHERTON ST",0.00,,Y,A,-,N,,,,,,,,,,N,3,0,3,2,A,-,12,21453,A,N,A,C,A,A,H,-,A,A,0,,,,,Y,,A,01,0,3,0,0,0,0,0,0,0,"- ","- ",37.971409999999999,-122.52222999999999,MARIN,"SAN RAFAEL",-122.52223988999999,37.971429950000001
8508953,2017,2018-01-25,2109,2017-11-20,1548,612,16,1,5,5,2109,0,0,0,,0,002,"3RD ST","A ST",18.00,E,N,A,-,N,,,,,,,,,,Y,4,0,2,2,A,-,03,22350,,N,C,C,A,A,H,-,A,A,0,,,,,Y,,A,01,0,0,2,0,0,0,0,0,0,"- ","- ",37.972169999999998,-122.52837,MARIN,"SAN RAFAEL",-122.52831810000001,37.972153370000001
8509167,2017,2017-12-15,2109,2017-11-27,1806,552,26,1,5,5,2109,0,0,0,,0,004,"IRWIN ST","2ND ST",0.00,,Y,A,-,N,,,101,,,,,,,N,3,0,1,2,A,-,08,22107,,N,G,B,B,A,H,-,C,A,0,Y,,,,Y,,A,01,0,1,0,0,1,0,0,0,0,"- ","- ",37.970469999999999,-122.52115999999999,MARIN,"SAN RAFAEL",-122.52170753,37.970366110000001
8509925,2017,2017-12-18,2109,2017-11-30,1103,612,7,4,5,5,2109,0,0,0,,0,001,"E ST","2ND ST",0.00,,Y,A,-,N,,,,,,,,,,N,4,0,1,2,A,-,10,21950,A,N,G,B,B,A,H,-,A,D,0,Y,,,,Y,,A,01,0,0,1,0,1,0,0,0,0,"- ","- ",37.971539999999997,-122.53395,MARIN,"SAN RAFAEL",-122.53917998999999,37.97334
8509929,2017,2017-12-18,2109,2017-11-24,0548,612,11,5,5,5,2109,0,0,0,,0,001,"D ST","SAN RAFAEL AV",235.00,S,N,A,-,N,,,,,,,,,,Y,4,0,1,4,A,-,09,21804,A,N,D,C,A,A,H,-,C,D,0,,,,,Y,,A,01,0,0,1,0,0,0,0,0,0,"- ","- ",37.963790000000003,-122.53348,MARIN,"SAN RAFAEL",-122.53330287,37.965258640000002
8509933,2017,2017-12-18,2109,2017-11-02,1309,612,7,4,5,5,2109,0,0,0,,0,001,"2ND ST","G ST",16.00,W,N,A,-,N,,,,,,,,,,N,3,0,1,2,A,-,03,22350,,N,B,G,A,A,H,-,A,B,0,,Y,,,Y,Y,A,01,0,1,0,0,0,0,1,0,0,"- ","- ",37.97287,-122.53766,MARIN,"SAN RAFAEL",-122.53775003,37.972849060000001
8509937,2017,2017-12-18,2109,2017-11-25,1521,518,22,6,5,5,2109,0,0,0,,0,003,"EAST FRANCISCO BL","BELLAM BL",0.00,,Y,A,-,N,,,,,,,,,,Y,3,0,1,2,A,-,12,21453,A,F,A,C,A,A,H,-,A,A,0,,,Y,,Y,,A,01,0,1,0,0,0,0,0,0,1,"- ","- ",37.960929999999998,-122.50493,MARIN,"SAN RAFAEL",-122.50483989999999,37.96055999