CASE_ID,ACCIDENT_YEAR,PROC_DATE,JURIS,COLLISION_DATE,COLLISION_TIME,OFFICER_ID,REPORTING_DISTRICT,DAY_OF_WEEK,CHP_SHIFT,POPULATION,CNTY_CITY_LOC,SPECIAL_COND,BEAT_TYPE,CHP_BEAT_TYPE,CITY_DIVISION_LAPD,CHP_BEAT_CLASS,BEAT_NUMBER,PRIMARY_RD,SECONDARY_RD,DISTANCE,DIRECTION,INTERSECTION,WEATHER_1,WEATHER_2,STATE_HWY_IND,CALTRANS_COUNTY,CALTRANS_DISTRICT,STATE_ROUTE,ROUTE_SUFFIX,POSTMILE_PREFIX,POSTMILE,LOCATION_TYPE,RAMP_INTERSECTION,SIDE_OF_HWY,TOW_AWAY,COLLISION_SEVERITY,NUMBER_KILLED,NUMBER_INJURED,PARTY_COUNT,PRIMARY_COLL_FACTOR,PCF_CODE_OF_VIOL,PCF_VIOL_CATEGORY,PCF_VIOLATION,PCF_VIOL_SUBSECTION,HIT_AND_RUN,TYPE_OF_COLLISION,MVIW,PED_ACTION,ROAD_SURFACE,ROAD_COND_1,ROAD_COND_2,LIGHTING,CONTROL_DEVICE,CHP_ROAD_TYPE,PEDESTRIAN_ACCIDENT,BICYCLE_ACCIDENT,MOTORCYCLE_ACCIDENT,TRUCK_ACCIDENT,NOT_PRIVATE_PROPERTY,ALCOHOL_INVOLVED,STWD_VEHTYPE_AT_FAULT,CHP_VEHTYPE_AT_FAULT,COUNT_SEVERE_INJ,COUNT_VISIBLE_INJ,COUNT_COMPLAINT_PAIN,COUNT_PED_KILLED,COUNT_PED_INJURED,COUNT_BICYCLIST_KILLED,COUNT_BICYCLIST_INJURED,COUNT_MC_KILLED,COUNT_MC_INJURED,PRIMARY_RAMP,SECONDARY_RAMP,LATITUDE,LONGITUDE,COUNTY,CITY,POINT_X,POINT_Y
8635871,2018,2018-06-26,2109,2018-06-09,1311,513,38,6,5,5,2109,0,0,0,,0,002,"LA LOMA CT","BUNGALOW AV",100.00,E,N,A,-,N,,,,,,,,,,N,3,0,1,1,A,-,08,22107,,N,C,E,A,A,H,-,A,D,0,,Y,,,Y,,L,04,0,1,0,0,0,0,1,0,0,"- ","- ",37.961841583251953,-122.52377319335938,MARIN,"SAN RAFAEL",-122.52411651611328,37.961986541748047
8640676,2018,2018-06-29,2117,2018-04-27,1354,090,3,5,5,3,2108,0,0,0,,0,004,"SIR FRANCIS DRAKE BL","SAN ANSELMO AV",85.00,E,N,A,-,N,,,,,,,,,,Y,4,0,2,4,A,-,03,22350,,N,C,C,A,A,H,-,A,D,0,,,,Y,Y,,A,07,0,0,2,0,0,0,0,0,0,"- ","- ",37.986568450927734,-122.57695007324219,MARIN,"SAN ANSELMO",-122.57666778564453,37.986473083496094
8641144,2018,2018-07-02,2102,2018-05-19,0841,100,2,6,5,2,2102,0,0,0,,0,001,"TAMALPAIS DR","WILLOW AV",0.00,,Y,A,-,N,,,,,,,,,,N,3,0,1,2,A,-,03,22350,,N,G,G,A,A,H,-,A,D,0,,Y,,,Y,,L,04,0,1,0,0,0,0,1,0,0,"- ","- ",37.925579071044922,-122.52790832519531,MARIN,"CORTE MADERA",-122.52790069580078,37.925571441650391
8641148,2018,2018-07-02,2104,2018-05-15,0954,101,1C,2,5,3,2104,0,0,0,,0,003,"LARKSPUR LANDING CR","EAST SIR FRANCIS DRAKE BL",0.00,,Y,A,-,N,,,,,,,,,,N,4,0,1,2,A,-,03,22350,,F,C,C,A,A,H,-,A,A,0,,,,,Y,,-,,0,0,1,0,0,0,0,0,0,"- ","- ",37.945430755615234,-122.50756072998047,MARIN,LARKSPUR,-122.51152801513672,37.945770263671875
8641152,2018,2018-07-02,2117,2018-05-03,2218,102,,4,5,3,2104,0,0,0,,0,,"LINCOLN VILLAGE CIR","DRAKES WY",199.00,W,N,A,-,N,,,,,,,,,,Y,2,0,1,1,A,-,03,22350,,N,E,I,A,A,H,-,C,D,0,,,,,Y,,-,,1,0,0,0,0,0,0,0,0,"- ","- ",37.947830200195312,-122.50724792480469,MARIN,LARKSPUR,-122.50657653808594,37.946659088134766
8641156,2018,2018-07-02,2102,2018-05-30,1830,098,2,3,5,2,2102,0,0,0,,0,001,"TAMALPAIS DR","LAKESIDE DR",11.00,W,N,A,-,N,,,,,,,,,,N,2,0,1,2,A,-,10,21950,A,N,G,B,B,A,H,-,B,A,0,Y,,,,Y,,A,01,1,0,0,0,1,0,0,0,0,"- ","- ",37.925258636474609,-122.52066802978516,MARIN,"CORTE MADERA",-122.52072143554688,37.925243377685547
8641160,2018,2018-07-02,2104,2018-05-01,1404,036,1A,2,5,3,2104,0,0,0,,0,003,"SKYLARK DR","ESCALLE LN",65.00,E,N,A,-,N,,,,,,,,,,N,3,0,1,1,A,-,21,22106,,N,E,I,A,A,H,-,A,D,0,,,,,Y,,A,01,0,1,0,0,0,0,0,0,0,"- ","- ",37.944480895996094,-122.54335021972656,MARIN,LARKSPUR,-122.54360961914062,37.944232940673828
8641356,2018,2018-07-10,2104,2018-03-29,0945,036,1C,4,5,3,2104,0,0,0,,0,003,"ESFD BL","LARKSPUR LANDING CR",683.00,E,N,A,-,N,,,,,,,,,,N,3,0,1,2,A,-,03,22350,,N,C,E,A,A,H,-,A,D,0,,,,,Y,,A,01,0,1,0,0,0,0,0,0,0,"- ","- ",,,MARIN,LARKSPUR,-122.50937652587891,37.946506500244141
8641637,2018,2018-06-25,2106,2018-06-06,1652,NP0413,N201,3,5,4,2106,0,0,0,,0,262,"DE LONG AV","REICHERT AV",725.00,E,N,A,-,N,,,,,,,,,,Y,4,0,2,3,A,-,03,22350,,N,C,C,A,A,H,-,A,D,0,,,,,Y,,-,,0,0,2,0,0,0,0,0,0,"- ","- ",,,MARIN,NOVATO,-122.56423950195312,38.105159759521484
8641886,2018,2018-06-25,2106,2018-05-24,1912,NP0431,45331,4,5,4,2106,0,0,0,,0,NP2,"ARMSTRONG AV","ATHERTON AV",377.00,S,N,A,-,N,,,,,,,,,,N,4,0,1,2,A,-,09,21804,A,N,C,D,A,A,H,-,A,D,0,,,,,Y,,A,01,0,0,1,0,0,0,0,0,0,"- ","- ",,,MARIN,NOVATO,-122.56390380859375,38.116428375244141
8643798,2018,2018-06-27,2109,2018-06-14,1535,517,30,4,5,5,2109,0,0,0,,0,,"POINT SAN PEDRO RD","AQUA VISTA DR",156.00,E,N,A,-,N,,,,,,,,,,Y,3,0,1,1,A,-,05,21651,A,N,E,I,A,A,H,-,A,D,0,,,,,Y,,A,01,0,1,0,0,0,0,0,0,0,"- ","- ",37.970081329345703,-122.50189971923828,MARIN,"SAN RAFAEL",-122.50391387939453,37.969394683837891
8643818,2018,2018-06-27,2106,2018-06-13,1619,NP0288,13043,3,5,4,2106,0,0,0,,0,NP4,"GRANT AV","2ND ST",188.00,E,N,A,-,N,,,,,,,,,,N,4,0,2,2,A,-,03,22350,,N,C,C,A,A,H,-,A,D,0,,,,,Y,,A,01,0,0,2,0,0,0,0,0,0,"- ","- ",,,MARIN,NOVATO,-122.57203674316406,38.107902526855469
8643822,2018,2018-06-27,2106,2018-06-10,1548,NP0449,13043,7,5,4,2106,0,0,0,,0,NP2,"GRANT AV","REDWOOD BL",131.00,E,N,A,-,N,,,,,,,,,,N,3,0,1,2,A,-,17,22517,,N,H,G,A,A,H,-,A,D,0,,Y,,,Y,,A,01,0,1,0,0,0,0,1,0,0,"- ","- ",,,MARIN,NOVATO,-122.56995391845703,38.107479095458984
8645654,2018,2018-07-03,2108,2018-04-25,1041,075,3,3,5,3,2108,0,0,0,,0,004,"SIR FRANCIS DRAKE BL","SUNNYHILLS DR",129.00,S,N,A,-,N,,,,,,,,,,N,3,0,1,2,A,-,10,21952,,N,G,B,F,A,H,-,A,D,0,Y,,,,Y,,A,01,0,1,0,0,1,0,0,0,0,"- ","- ",37.980438232421875,-122.56429290771484,MARIN,"SAN ANSELMO",-122.56658172607422,37.980903625488281
8645658,2018,2018-07-03,2102,2018-04-04,1550,036,2A,3,5,2,2102,0,0,0,,0,002,"FIFER AV","LUCKY DR",14.00,E,N,A,-,N,,,,,,,,,,N,3,0,1,2,A,-,09,21803,A,N,E,J,A,A,H,-,A,A,0,,,Y,,Y,Y,A,01,0,1,0,0,0,0,0,0,1,"- ","- ",37.938720703125,-122.519287109375,MARIN,"CORTE MADERA",-122.519287109375,37.938701629638672
8645662,2018,2018-07-03,2104,2018-04-28,1117,057,,6,5,3,2104,0,0,0,,0,,"LOWER VIA CASITAS","UPPER VIA CASITAS",346.00,E,N,A,-,N,,,,,,,,,,N,3,0,1,1,A,-,21,22106,,N,E,I,A,A,H,-,A,D,0,,,,,Y,,A,01,0,1,0,0,0,0,0,0,0,"- ","- ",37.945648193359375,-122.52703857421875,MARIN,LARKSPUR,-122.52700042724609,37.945964813232422
8645690,2018,2018-07-06,2109,2018-06-20,0936,434,50,3,5,5,2109,0,0,0,,0,006,"MANUEL T FREITAS BL","NORTHGATE DR",63.00,W,N,A,-,N,,,,,,,,,,N,4,0,1,2,A,-,03,22350,,N,C,C,A,A,H,-,A,D,0,,,,,Y,,A,01,0,0,1,0,0,0,0,0,0,"- ","- ",38.007999420166016,-122.54524993896484,MARIN,"SAN RAFAEL",-122.54547119140625,38.008102416992188
8645814,2018,2018-07-10,2109,2018-06-21,1920,571,17,4,5,5,2109,0,0,0,,0,004,"3RD ST","IRWIN ST",0.00,,Y,A,-,N,,,,,,,,,,N,3,0,1,2,A,-,08,22107,,N,G,B,B,A,H,-,A,A,0,Y,,,,Y,,A,01,0,1,0,0,1,0,0,0,0,"- ","- ",37.971229553222656,-122.52095031738281,MARIN,"SAN RAFAEL",-122.52095794677734,37.971248626708984
8645826,2018,2018-07-10,2109,2018-06-20,1001,510,26,3,5,5,2109,0,0,0,,0,,"4TH ST","GRAND AV",46.00,W,N,A,-,N,,,,,,,,,,N,3,0,1,2,A,-,10,21950,A,N,G,B,B,A,H,-,A,A,0,Y,,,,Y,,A,01,0,1,0,0,1,0,0,0,0,"- ","- ",37.971950531005859,-122.51869201660156,MARIN,"SAN RAFAEL",-122.51883697509766,37.971981048583984
8645981,2018,2018-07-19,2106,2018-07-01,2122,NP0391,13040,7,5,4,2106,0,0,0,,0,NP4,"REDWOOD BL","BIRCHWOOD DR",50.00,S,N,A,-,N,,,,,,,,,,Y,4,0,2,2,A,-,08,22107,,N,C,E,A,A,H,-,C,D,0,,,,,Y,,A,01,0,0,2,0,0,0,0,0,0,"- ","- ",,,MARIN,NOVATO,-122.55442810058594,38.084449768066406
8646281,2018,2018-07-10,2106,2018-06-19,1159,NP0288,13010,2,5,4,2106,0,0,0,,0,NP1,"CENTER RD","ST FRANCIS AV",165.00,E,N,A,-,N,,,,,,,,,,N,4,0,1,2,A,-,13,22515,,N,H,C,A,A,H,-,A,D,0,,,,,Y,,A,01,0,0,1,0,0,0,0,0,0,"- ","- ",,,MARIN,NOVATO,-122.60668182373047,38.11114501953125
8646296,2018,2018-07-10,2109,2018-06-19,1936,518,39,2,5,5,2109,0,0,0,,0,003,"DU BOIS ST","IRWIN ST",175.00,E,N,A,-,N,,,,,,,,,,N,4,0,1,2,A,-,03,22350,,N,A,G,A,A,H,-,A,D,0,,Y,,,Y,,L,04,0,0,1,0,0,0,1,0,0,"- ","- ",37.967018127441406,-122.52024841308594,MARIN,"SAN RAFAEL",-122.52146148681641,37.967006683349609
8646440,2018,2018-07-02,2106,2018-06-05,1556,NP0388,13041,2,5,4,2106,0,0,0,,0,NP4,"NOVATO BL","DIABLO AV",41.00,W,N,A,-,N,,,,,,,,,,N,4,0,1,2,A,-,03,22350,,N,C,C,A,A,H,-,A,D,0,,,,,Y,,A,01,0,0,1,0,0,0,0,0,0,"- ","- ",,,MARIN,NOVATO,-122.57333374023438,38.103263854980469
8646567,2018,2018-08-20,2109,2018-06-14,1024,551,22,4,5,5,2109,0,0,0,,0,,"BELLAM BL","RT 580",46.00,N,N,A,-,Y,MRN,4,580,-,-,4.402,R,4,E,N,3,0,1,2,A,-,08,22107,,N,B,C,A,A,H,-,A,D,0,,,,,Y,,A,01,0,1,0,0,0,0,0,0,0,"- ",EO,37.96051025390625,-122.50422668457031,MARIN,"SAN RAFAEL",-122.50556945800781,37.959938049316406
8648014,2018,2020-05-21,2106,2018-06-05,2314,NP0413,N101,2,5,4,2106,0,0,0,,0,NP1,"WILSON AV","CENTER RD",0.00,,Y,A,-,N,,,,,,,,,,Y,1,1,3,2,A,-,01,23152,,N,D,C,A,A,H,-,C,A,0,,,Y,,Y,Y,A,01,3,0,0,0,0,0,0,1,2,"- ","- ",,,MARIN,NOVATO,-122.59329986572266,38.108409881591797
8648636,2019,2021-05-25,2106,2019-01-18,1806,NP0388,13041,5,5,4,2106,0,0,0,,0,NP4,"SOUTH NOVATO BL","DIABLO AV",493.00,S,N,B,-,N,,,,,,,,,,Y,1,1,0,2,A,-,11,21954,A,N,G,B,D,B,H,-,B,D,0,Y,,,,Y,,-,"- ",0,0,0,1,0,0,0,0,0,"- ","- ",,,MARIN,NOVATO,-122.57254791259766,38.101943969726562
8648788,2018,2018-08-21,2109,2018-05-04,1602,434,22,5,5,5,2109,0,0,0,,0,003,"BELLAM BL","EAST FRANCISCO BL",0.00,,Y,A,-,Y,MRN,4,580,-,-,4.610,R,4,W,Y,2,0,1,1,C,-,18,,,N,E,I,A,A,H,-,A,A,0,,,,,Y,,-,"- ",1,0,0,0,0,0,0,0,0,"- ","- ",37.960590362548828,-122.50485229492188,MARIN,"SAN RAFAEL",-122.50845336914062,37.961841583251953
8648974,2018,2018-07-23,2106,2018-06-01,1641,NP0386,13020,5,5,4,2106,0,0,0,,0,NP2,"REDWOOD BL","OLIVE AV",0.00,,Y,A,-,N,,,,,,,,,,Y,3,0,2,2,A,-,12,21453,A,N,D,C,A,A,H,-,A,A,0,,,Y,,Y,,C,02,0,2,0,0,0,0,0,0,1,"- ","- ",,,MARIN,NOVATO,-122.56891632080078,38.111309051513672
8649666,2018,2018-08-20,2106,2018-07-04,1106,NP0386,13043,3,5,4,2106,0,0,0,,0,NP4,"GRANT AV","2ND ST",65.00,E,N,A,-,N,,,,,,,,,,N,3,0,1,2,A,-,21,22106,,N,G,B,E,A,H,-,A,D,0,Y,,Y,,Y,,C,02,0,1,0,0,1,0,0,0,0,"- ","- ",,,MARIN,NOVATO,-122.57244873046875,38.107990264892578
8650481,2018,2018-10-16,2110,2018-08-16,1008,SP5273,10000,4,5,2,2110,0,0,0,,0,SP2,BRIDGEWAY,"BRIDGEWAY 1207",0.00,,Y,A,-,N,,,,,,,,,,N,4,0,1,2,A,-,08,22107,,N,D,G,A,A,H,-,A,D,0,,Y,,,Y,,A,01,0,0,1,0,0,0,1,0,0,"- ","- ",,,MARIN,SAUSALITO,-122.48541400000001,37.859386999999998
8650490,2018,2018-09-07,2109,2018-08-06,1629,422,16,1,5,5,2109,0,0,0,,0,002,"4TH ST","A ST",201.00,E,N,A,-,N,,,,,,,,,,N,3,0,1,2,A,-,03,22350,,N,C,G,A,A,H,-,A,D,0,,Y,,,Y,,L,04,0,1,0,0,0,0,1,0,0,"- ","- ",37.972988128662109,-122.52694702148438,MARIN,"SAN RAFAEL",-122.52751922607422,37.973087310791016
8650614,2018,2018-10-23,2104,2018-07-15,1338,078,,7,5,3,2104,0,0,0,,0,,"REDWOOD HWY","INDUSTRIAL WY",161.00,S,N,A,-,Y,MRN,4,101,-,-,13.754,R,4,N,Y,3,0,4,2,A,-,09,21802,A,N,D,C,A,A,H,-,A,D,0,,,,,Y,,A,01,0,4,0,0,0,0,0,0,0,"- ","- ",37.938030242919922,-122.51513671875,MARIN,LARKSPUR,-122.54159545898438,38.007652282714844
8650931,2018,2018-10-10,2109,2018-07-20,2058,583,19,5,5,5,2109,0,0,0,,0,003,"CANAL ST","HARBOR ST",327.00,S,N,A,-,N,,,,,,,,,,Y,3,0,1,2,A,-,01,23152,A,M,B,E,A,A,H,-,C,D,0,,,,,Y,Y,A,01,0,1,0,0,0,0,0,0,0,"- ","- ",37.966899871826172,-122.51087188720703,MARIN,"SAN RAFAEL",-122.51104736328125,37.966724395751953
8653283,2018,2018-07-11,2109,2018-06-21,2017,575,0,4,5,5,2109,0,0,0,,0,,"MAIN DR","SMITH RANCH RD",37.00,E,N,A,-,N,,,,,,,,,,Y,3,0,2,1,A,-,03,22350,,N,E,I,A,A,H,-,B,D,0,,,,,Y,,A,01,0,2,0,0,0,0,0,0,0,"- ","- ",38.0194091796875,-122.52265167236328,MARIN,"SAN RAFAEL",-122.52523803710938,38.018447875976562
8653339,2018,2018-07-11,2106,2018-06-14,1717,NP0411,13020,4,5,4,2106,0,0,0,,0,NP2,"OLIVE AV","ELMWOOD CT",0.00,,Y,A,-,N,,,,,,,,,,N,4,0,1,2,A,-,09,21801,A,N,A,C,A,A,H,-,A,D,0,,,,,Y,,A,01,0,0,1,0,0,0,0,0,0,"- ","- ",,,MARIN,NOVATO,-122.56472778320312,38.1103515625
8654644,2018,2018-07-18,2109,2018-07-02,1644,476,11,1,5,5,2109,0,0,0,,0,001,"D ST","ROSS ST",0.00,,Y,A,-,N,,,,,,,,,,Y,3,0,1,2,A,-,09,21802,A,N,D,C,A,A,H,-,A,A,0,,,Y,,Y,,A,01,0,1,0,0,0,0,0,0,1,"- ","- ",37.968669891357422,-122.53275299072266,MARIN,"SAN RAFAEL",-122.53276824951172,37.968608856201172
8657147,2018,2018-09-25,2109,2018-07-10,1930,604,11,2,5,5,2109,0,0,0,,0,001,"D ST","3RD ST",15.00,S,N,A,-,N,,,,,,,,,,N,4,0,1,2,A,-,08,22107,,N,G,B,D,A,H,-,B,A,0,Y,,,,Y,,A,01,0,0,1,0,1,0,0,0,0,"- ","- ",37.968059539794922,-122.53453826904297,MARIN,"SAN RAFAEL",-122.53217315673828,37.972488403320312
8657151,2018,2018-09-25,2109,2018-07-13,0819,551,26,5,5,5,2109,0,0,0,,0,,"HETHERTON ST","2ND ST",0.00,,Y,A,-,N,,,,,,,,,,N,3,0,1,1,A,-,08,22101,D,N,B,C,A,A,H,-,A,A,0,,,Y,,Y,,C,02,0,1,0,0,0,0,0,0,1,"- ","- ",37.970470428466797,-122.52115631103516,MARIN,"SAN RAFAEL",-122.52236175537109,37.970569610595703
8659413,2018,2018-07-24,2109,2018-07-04,1413,510,26,3,5,5,2109,0,0,0,,0,004,"IRWIN ST","2ND ST",4.00,N,N,A,-,N,,,,,,,,,,N,3,0,1,2,A,-,05,21202,A,N,A,G,A,A,H,-,A,A,0,,Y,,,Y,,L,04,0,1,0,0,0,0,1,0,0,"- ","- ",37.970821380615234,-122.52073669433594,MARIN,"SAN RAFAEL",-122.52116394042969,37.970489501953125
8659417,2018,2018-07-24,2109,2018-07-07,0920,595,26,6,5,5,2109,0,0,0,,0,,"IRWIN AV","MISSION AV",0.00,,Y,A,-,N,,,,,,,,,,Y,4,0,1,2,A,-,12,21453,A,N,A,C,A,D,H,-,A,A,0,,,,,Y,,A,07,0,0,1,0,0,0,0,0,0,"- ","- ",37.973831176757812,-122.52030181884766,MARIN,"SAN RAFAEL",-122.52030944824219,37.973808288574219
8660187,2018,2018-07-13,2104,2018-04-27,0717,038,1,5,5,3,2104,0,0,0,,0,002,"HOLCOMB AV","LA ROSA WY",54.00,N,N,A,-,N,,,,,,,,,,Y,3,0,1,2,A,-,08,22107,,M,B,E,A,A,H,-,C,D,0,,,,,Y,,A,01,0,1,0,0,0,0,0,0,0,"- ","- ",37.931190490722656,-122.53276062011719,MARIN,LARKSPUR,-122.53260040283203,37.93115234375
8660266,2018,2018-07-13,2108,2018-06-07,2050,094,3,4,5,3,2108,0,0,0,,0,004,"SAN ANSELMO AV","TAMALPAIS DR",112.00,N,N,A,-,N,,,,,,,,,,N,3,0,1,2,A,-,06,21750,A,N,B,G,A,A,H,-,C,D,0,,Y,,,Y,,L,04,0,1,0,0,0,0,1,0,0,"- ","- ",,,MARIN,"SAN ANSELMO",-122.56343078613281,37.976333618164062
8660269,2018,2018-07-17,2104,2018-05-11,1050,098,1C,5,5,3,2104,0,0,0,,0,003,"LARKSPUR LANDING CIR","SIR FRANCIS DRAKE BL",10.00,N,N,A,-,N,,,,,,,,,,N,3,0,1,2,A,-,09,21453,B,F,G,B,B,A,H,-,A,A,0,Y,,,,Y,,A,01,0,1,0,0,1,0,0,0,0,"- ","- ",,,MARIN,LARKSPUR,-122.51155090332031,37.945793151855469
8660270,2018,2018-07-13,2108,2018-06-06,1727,078,3,3,5,3,2108,0,0,0,,0,004,"SUMMIT RD","SCENIC AV",379.00,E,N,A,-,N,,,,,,,,,,N,3,0,1,1,A,-,03,22350,,N,E,I,A,A,H,-,A,D,0,,,,,Y,,A,01,0,1,0,0,0,0,0,0,0,"- ","- ",37.980960845947266,-122.58171081542969,MARIN,"SAN ANSELMO",-122.58062744140625,37.981231689453125
8660273,2018,2018-07-19,2104,2018-05-21,1132,036,1B,1,5,3,2104,0,0,0,,0,003,"BON AIR RD","S ELISEO DR",14.00,W,N,A,-,N,,,,,,,,,,N,4,0,1,2,A,-,08,22107,,N,G,B,B,A,H,-,A,A,0,Y,,,,Y,,A,01,0,0,1,0,1,0,0,0,0,"- ","- ",37.945228576660156,-122.53752136230469,MARIN,LARKSPUR,-122.53756713867188,37.945209503173828
8660274,2018,2018-07-13,2104,2018-06-07,1202,078,1,4,5,3,2104,0,0,0,,0,002,"WILLIAM AV","DOHERTY DR",396.00,S,N,A,-,N,,,,,,,,,,N,3,0,1,2,A,-,08,22107,,N,B,C,A,A,H,-,A,D,0,,,Y,,Y,,A,01,0,1,0,0,0,0,0,0,1,"- ","- ",37.938251495361328,-122.52439117431641,MARIN,LARKSPUR,-122.52632904052734,37.93695068359375
8660277,2018,2018-07-17,2104,2018-05-17,1502,100,1,4,5,3,2104,0,0,0,,0,002,"MAGNOLIA AV","DOHERTY DR",1066.00,N,N,A,-,N,,,,,,,,,,N,2,0,1,1,B,-,22,,,N,E,J,A,A,H,-,A,D,0,,Y,,,Y,,L,04,1,0,0,0,0,0,1,0,0,"- ","- ",37.940021514892578,-122.53762817382812,MARIN,LARKSPUR,-122.53720855712891,37.940238952636719
8660278,2018,2018-10-10,2108,2018-06-06,1728,100,3,3,5,3,2108,0,0,0,,0,004,"SIERRA AV","SIR FRANCIS DRAKE BL",8.00,S,N,A,-,N,,,,,,,,,,Y,2,0,1,1,C,-,18,,,N,F,I,A,A,H,-,A,D,0,,,,,Y,,-,"- ",1,0,0,0,0,0,0,0,0,"- ","- ",37.985851287841797,-122.57499694824219,MARIN,"SAN ANSELMO",-122.57499694824219,37.985797882080078
8660281,2018,2018-07-17,2104,2018-05-25,1624,078,1,5,5,3,2104,0,0,0,,0,002,"MAGNOLIA AV","KING ST",152.00,N,N,A,-,N,,,,,,,,,,N,3,0,1,1,A,-,03,22350,,N,E,I,A,A,H,-,A,D,0,,Y,,,Y,,L,04,0,1,0,0,0,0,1,0,0,"- ","- ",37.934528350830078,-122.53533935546875,MARIN,LARKSPUR,-122.53560638427734,37.934608459472656
8660282,2018,2018-07-13,2102,2018-06-08,0722,078,2,5,5,2,2102,0,0,0,,0,001,"TAMALPAIS DR","PARADISE DR",56.00,W,N,A,-,N,,,,,,,,,,N,4,0,1,1,A,-,03,22350,,N,E,I,A,A,H,-,A,D,0,,,,,Y,,A,01,0,0,1,0,0,0,0,0,0,"- ","- ",37.926651000976562,-122.51158142089844,MARIN,"CORTE MADERA",-122.51234436035156,37.926792144775391
8660286,2018,2018-07-13,2108,2018-06-12,1618,078,3,2,5,3,2108,0,0,0,,0,004,"SIR FRANCIS DRAKE BL","SAUNDERS AV",108.00,E,N,A,-,N,,,,,,,,,,N,3,0,2,2,A,-,07,21658,A,N,D,C,A,A,H,-,A,D,0,,,,,Y,,A,01,0,2,0,0,0,0,0,0,0,"- ","- ",37.983028411865234,-122.57006072998047,MARIN,"SAN ANSELMO",-122.57010650634766,37.983055114746094
8660290,2018,2018-07-13,2102,2018-06-20,1147,098,2,3,5,2,2102,0,0,0,,0,001,"PARADISE DR","MADERA DEL PRESIDIO",21.00,E,N,A,-,N,,,,,,,,,,N,3,0,1,2,A,-,08,22107,,N,H,G,A,A,H,-,A,D,0,,Y,,,Y,,A,01,0,1,0,0,0,0,1,0,0,"- ","- ",37.919769287109375,-122.50879669189453,MARIN,"CORTE MADERA",-122.50878143310547,37.92010498046875
8660294,2018,2018-07-13,2108,2018-06-04,0858,057,3,1,5,3,2108,0,0,0,,0,004,"BOLINAS AV","SAN ANSELMO AV",89.00,S,N,A,-,N,,,,,,,,,,N,4,0,1,2,A,-,09,21804,,N,D,C,A,A,H,-,A,D,0,,,,,Y,,A,07,0,0,1,0,0,0,0,0,0,"- ","- ",,,MARIN,"SAN ANSELMO",-122.56117248535156,37.969367980957031
8660845,2018,2018-08-07,2109,2018-06-27,1816,509,14,3,5,5,2109,0,0,0,,0,002,"MISSION AV","NYE ST",0.00,,Y,A,-,N,,,,,,,,,,N,3,0,1,2,A,-,10,21950,A,N,G,B,B,A,H,-,A,A,0,Y,,,,Y,,A,01,0,1,0,0,1,0,0,0,0,"- ","- ",37.974571228027344,-122.52507781982422,MARIN,"SAN RAFAEL",-122.52507019042969,37.97454833984375
8660856,2018,2018-08-28,2106,2018-06-23,0641,NP0386,13033,6,5,4,2106,0,0,0,,0,NP3,"BEL MARIN KEYS BL","NAVE DR",0.00,,Y,A,-,Y,MRN,4,101,-,-,18.183,R,4,N,N,2,0,1,2,A,-,11,21456,B,N,G,B,B,A,H,-,A,A,0,Y,,,,Y,,N,60,1,0,0,0,1,0,0,0,0,"- ","- ",,,MARIN,NOVATO,-122.53842926025391,38.068706512451172
8663651,2018,2018-07-23,2106,2018-07-10,1400,NP0388,13041,2,5,4,2106,0,0,0,,0,NP4,"CANYON RD","HILL RD",383.00,S,N,A,-,N,,,,,,,,,,N,4,0,1,2,A,-,08,22107,,N,A,E,A,A,H,-,A,D,0,,,,,Y,,-,,0,0,1,0,0,0,0,0,0,"- ","- ",,,MARIN,NOVATO,-122.58125305175781,38.097583770751953
8663655,2018,2018-07-23,2106,2018-07-05,1224,NP0352,13013,4,5,4,2106,0,0,0,,0,NP1,"SAN MARIN DR","SIMMONS LN",385.00,W,N,A,-,N,,,,,,,,,,Y,3,0,1,1,A,-,08,22107,,N,F,A,A,A,H,-,A,D,0,,,,,Y,,-,,0,1,0,0,0,0,0,0,0,"- ","- ",,,MARIN,NOVATO,-122.58583831787109,38.122222900390625
8664187,2018,2018-07-24,2109,2018-05-22,1157,513,13,2,5,5,2109,0,0,0,,0,,"LINCOLN AV","HAMILTON CT",87.00,S,N,A,-,N,,,,,,,,,,N,3,0,1,2,D,-,00,,,N,B,G,A,A,H,-,A,D,0,,Y,,,Y,,-,"- ",0,1,0,0,0,0,1,0,0,"- ","- ",37.985958099365234,-122.52648162841797,MARIN,"SAN RAFAEL",-122.52605438232422,37.986015319824219
8664192,2018,2018-07-20,2109,2018-06-18,1527,542,7,1,5,5,2109,0,0,0,,0,,"D ST","2ND ST",0.00,,Y,A,-,N,,,,,,,,,,Y,4,0,2,2,A,-,12,21453,A,N,D,C,A,A,H,-,A,A,0,,,,,Y,,A,08,0,0,2,0,0,0,0,0,0,"- ","- ",37.971561431884766,-122.53231048583984,MARIN,"SAN RAFAEL",-122.53231048583984,37.971561431884766
8664445,2018,2018-10-15,2109,2018-07-09,1519,510,51,1,5,5,2109,0,0,0,,0,006,"LAS GALLINAS AV","CEDAR HILL",4.00,N,N,A,-,N,,,,,,,,,,Y,3,0,1,2,A,-,03,22350,,N,C,C,A,A,H,-,A,A,0,,,,,Y,,A,01,0,1,0,0,0,0,0,0,0,"- ","- ",38.020130157470703,-122.55139923095703,MARIN,"SAN RAFAEL",-122.54839324951172,38.025169372558594