CASE_ID,ACCIDENT_YEAR,PROC_DATE,JURIS,COLLISION_DATE,COLLISION_TIME,OFFICER_ID,REPORTING_DISTRICT,DAY_OF_WEEK,CHP_SHIFT,POPULATION,CNTY_CITY_LOC,SPECIAL_COND,BEAT_TYPE,CHP_BEAT_TYPE,CITY_DIVISION_LAPD,CHP_BEAT_CLASS,BEAT_NUMBER,PRIMARY_RD,SECONDARY_RD,DISTANCE,DIRECTION,INTERSECTION,WEATHER_1,WEATHER_2,STATE_HWY_IND,CALTRANS_COUNTY,CALTRANS_DISTRICT,STATE_ROUTE,ROUTE_SUFFIX,POSTMILE_PREFIX,POSTMILE,LOCATION_TYPE,RAMP_INTERSECTION,SIDE_OF_HWY,TOW_AWAY,COLLISION_SEVERITY,NUMBER_KILLED,NUMBER_INJURED,PARTY_COUNT,PRIMARY_COLL_FACTOR,PCF_CODE_OF_VIOL,PCF_VIOL_CATEGORY,PCF_VIOLATION,PCF_VIOL_SUBSECTION,HIT_AND_RUN,TYPE_OF_COLLISION,MVIW,PED_ACTION,ROAD_SURFACE,ROAD_COND_1,ROAD_COND_2,LIGHTING,CONTROL_DEVICE,CHP_ROAD_TYPE,PEDESTRIAN_ACCIDENT,BICYCLE_ACCIDENT,MOTORCYCLE_ACCIDENT,TRUCK_ACCIDENT,NOT_PRIVATE_PROPERTY,ALCOHOL_INVOLVED,STWD_VEHTYPE_AT_FAULT,CHP_VEHTYPE_AT_FAULT,COUNT_SEVERE_INJ,COUNT_VISIBLE_INJ,COUNT_COMPLAINT_PAIN,COUNT_PED_KILLED,COUNT_PED_INJURED,COUNT_BICYCLIST_KILLED,COUNT_BICYCLIST_INJURED,COUNT_MC_KILLED,COUNT_MC_INJURED,PRIMARY_RAMP,SECONDARY_RAMP,LATITUDE,LONGITUDE,COUNTY,CITY,POINT_X,POINT_Y
8664449,2018,2018-07-20,2109,2018-07-15,1101,606,25,7,5,5,2109,0,0,0,,0,004,"MOUNTAIN VIEW AV","CONVENT CT",594.00,E,N,A,-,N,,,,,,,,,,Y,3,0,1,2,A,-,01,23152,A,N,B,E,A,A,H,-,A,D,0,,,,,Y,Y,A,01,0,1,0,0,0,0,0,0,0,"- ","- ",37.987709045410156,-122.51132965087891,MARIN,"SAN RAFAEL",-122.51155853271484,37.987808227539062
8664453,2018,2018-07-20,2109,2018-07-14,0713,606,36,6,5,5,2109,0,0,0,,0,002,"LINCOLN AV","2ND ST",602.00,S,N,A,-,N,,,,,,,,,,Y,3,0,1,1,A,-,08,22107,,N,E,I,A,A,H,-,A,D,0,,,,,Y,,A,01,0,1,0,0,0,0,0,0,0,"- ","- ",37.96868896484375,-122.52301025390625,MARIN,"SAN RAFAEL",-122.52428436279297,37.969120025634766
8664985,2018,2019-01-09,2111,2018-09-04,1507,TP7337,12001,2,5,2,2111,0,0,0,,0,TP1,"TIBURON BL","EGRET CT",0.00,,Y,A,-,Y,MRN,4,131,-,-,3.410,H,-,W,N,4,0,2,2,A,-,04,21703,,N,C,C,A,A,H,-,A,D,0,,,,,Y,,D,22,0,0,2,0,0,0,0,0,0,"- ","- ",,,MARIN,TIBURON,-122.46907806396484,37.882549285888672
8667065,2018,2018-08-21,2106,2018-06-29,1839,NP0412,13042,5,5,4,2106,0,0,0,,0,NP4,"ROWLAND BL","RT 101",0.00,,Y,A,-,Y,MRN,4,101,-,-,19.958,R,4,N,N,4,0,1,1,A,-,08,22107,,N,F,A,A,A,H,-,A,A,0,,,Y,,Y,,C,03,0,0,1,0,0,0,0,0,1,"- ","- ",,,MARIN,NOVATO,-122.55635070800781,38.089736938476562
8669806,2018,2018-09-20,2109,2018-07-25,1943,518,22,3,5,5,2109,0,0,0,,0,003,"BELLAM BL","CASTRO AV",0.00,,Y,A,-,N,,,,,,,,,,N,4,0,2,2,A,-,09,21801,A,N,A,C,A,-,H,-,B,D,0,,,,,Y,,A,01,0,0,2,0,0,0,0,0,0,"- ","- ",37.961208343505859,-122.50390625,MARIN,"SAN RAFAEL",-122.50324249267578,37.961170196533203
8670337,2018,2018-08-29,2109,2018-07-27,2013,572,50,5,5,5,2109,0,0,0,,0,005,"MANUEL T FREITAS PKWY","LAS GALLINAS AV",0.00,,Y,A,-,N,,,,,,,,,,Y,4,0,1,2,A,-,09,21453,C,N,A,C,A,A,H,-,B,A,0,,,,,Y,,A,01,0,0,1,0,0,0,0,0,0,"- ","- ",38.009658813476562,-122.54894256591797,MARIN,"SAN RAFAEL",-122.54904937744141,38.009441375732422
8670865,2018,2018-09-27,2110,2018-07-28,1635,SP5240,,6,5,2,2110,0,0,0,,0,SP2,BRIDGEWAY,"SPRING ST",0.00,,Y,A,-,N,,,,,,,,,,N,3,0,1,1,A,-,"- ",,,N,H,A,A,A,H,-,A,A,0,,Y,,,Y,,L,04,0,1,0,0,0,0,1,0,0,"- ","- ",,,MARIN,SAUSALITO,-122.49474334716797,37.862068176269531
8670869,2018,2018-09-27,2106,2018-07-29,2005,NP0415,13021,7,5,4,2106,0,0,0,,0,NP2,"ROWLAND BL","VINTAGE WY",0.00,,Y,A,-,N,,,,,,,,,,Y,3,0,1,1,A,-,03,22350,,N,E,I,A,A,H,-,A,A,0,,,,,Y,,A,01,0,1,0,0,0,0,0,0,0,"- ","- ",,,MARIN,NOVATO,-122.55513763427734,38.093589782714844
8672728,2018,2018-08-09,2106,2018-07-18,0843,NP0388,13040,3,5,4,2106,0,0,0,,0,NP4,"ARTHUR ST","WASHINGTON ST",593.00,E,N,A,-,N,,,,,,,,,,Y,4,0,1,3,A,-,08,22107,,N,C,E,A,A,H,-,A,D,0,,,,,Y,,A,01,0,0,1,0,0,0,0,0,0,"- ","- ",,,MARIN,NOVATO,-122.57321166992188,38.090644836425781
8672760,2018,2018-08-09,2106,2018-07-01,1928,NP0450,13040,7,5,4,2106,0,0,0,,0,NP4,"LEAFWOOD DR","SUNSET PKWY",195.00,N,N,A,-,N,,,,,,,,,,N,2,0,1,2,A,-,11,21954,A,N,G,B,D,A,H,-,B,D,0,Y,,,,Y,,N,60,1,0,0,0,1,0,0,0,0,"- ","- ",,,MARIN,NOVATO,-122.56050109863281,38.087390899658203
8673131,2018,2018-08-13,2109,2018-07-16,1405,541,17,1,5,5,2109,0,0,0,,0,002,"4TH ST","LINCOLN AV",0.00,,Y,A,-,N,,,,,,,,,,N,2,0,1,2,A,-,10,21950,A,N,G,B,B,A,H,-,A,A,0,Y,,,,Y,,A,01,1,0,0,0,1,0,0,0,0,"- ","- ",37.972640991210938,-122.52381896972656,MARIN,"SAN RAFAEL",-122.52381896972656,37.972629547119141
8673135,2018,2018-09-05,2109,2018-07-19,1030,595,15,4,5,5,2109,0,0,0,,0,,"MISSION AV","TAMALPAIS AV",20.00,W,N,A,-,N,,,,,,,,,,N,4,0,1,2,A,-,08,22107,A,N,H,G,A,A,H,-,A,D,0,,Y,,,Y,,A,01,0,0,1,0,0,0,1,0,0,"- ","- ",37.973491668701172,-122.52252197265625,MARIN,"SAN RAFAEL",-122.52237701416016,37.97412109375
8674374,2018,2018-09-13,2106,2018-04-15,1557,NP0449,99999,7,5,4,2106,0,0,0,,0,SO31,"ATHERTON AV","RT 101",0.00,,Y,F,-,Y,MRN,4,101,-,R,22.114,R,4,N,Y,4,0,1,2,A,-,08,22107,,N,B,C,A,B,H,-,A,A,0,,,,,Y,,A,01,0,0,1,0,0,0,0,0,0,"- ",NO,,,MARIN,NOVATO,-122.56523132324219,38.119365692138672
8675277,2018,2018-08-22,2104,2018-06-26,0913,057,1C,2,5,3,2104,0,0,0,,0,003,"ESFD BL","DRAKES COVE RD",394.00,E,N,A,-,N,,,,,,,,,,N,4,0,2,3,A,-,03,22350,,N,C,C,A,A,H,-,A,D,0,,,,,Y,,D,22,0,0,2,0,0,0,0,0,0,"- ","- ",,,MARIN,LARKSPUR,-122.50167846679688,37.943103790283203
8675286,2018,2018-10-03,2108,2018-07-01,1517,106,3,7,5,3,2108,0,0,0,,0,004,"CENTER BL","SAUNDERS AV",78.00,W,N,A,-,N,,,,,,,,,,Y,3,0,1,2,A,-,08,22107,,N,E,I,A,A,H,-,A,A,0,,,,,Y,,A,01,0,1,0,0,0,0,0,0,0,"- ","- ",37.979381561279297,-122.57183837890625,MARIN,"SAN ANSELMO",-122.57208251953125,37.979541778564453
8676258,2018,2018-10-17,2109,2018-07-14,0948,422,26,6,5,5,2109,0,0,0,,0,004,"4TH ST","IRWIN ST",0.00,,Y,A,-,N,,,,,,,,,,N,3,0,1,2,A,-,10,21950,A,N,G,B,B,A,H,-,A,A,0,Y,,,,Y,,A,01,0,1,0,0,1,0,0,0,0,"- ","- ",37.972209930419922,-122.52066802978516,MARIN,"SAN RAFAEL",-122.52068328857422,37.972209930419922
8676630,2018,2018-08-20,2109,2018-07-29,1030,537,17,7,5,5,2109,0,0,0,,0,,"4TH ST","LINCOLN AV",129.00,W,N,A,-,N,,,,,,,,,,N,4,0,1,2,A,-,09,21804,A,N,C,C,A,A,H,-,A,D,0,,,Y,,Y,,C,02,0,0,1,0,0,0,0,0,1,"- ","- ",37.972640991210938,-122.52381896972656,MARIN,"SAN RAFAEL",-122.52426147460938,37.972686767578125
8676735,2018,2018-10-23,2111,2018-07-18,0716,TP296,TA10,3,5,2,2111,0,0,0,,0,TP1,"TIBURON BL","ROCK HILL DR",301.00,W,N,B,-,Y,MRN,4,131,-,-,2.650,H,-,E,Y,4,0,1,2,A,-,09,21801,A,N,D,C,A,A,H,-,A,D,0,,,,,Y,,A,01,0,0,1,0,0,0,0,0,0,"- ","- ",37.532249450683594,-122.28417205810547,MARIN,TIBURON,-122.47891235351562,37.890243530273438
8677767,2018,2018-10-05,2106,2018-02-08,0708,NP0444,13040,4,5,4,2106,0,0,0,,0,NP4,"SOUTH NOVATO BL","SUNSET PKWY",0.00,,Y,A,-,N,,,,,,,,,,N,3,0,1,2,A,-,08,22107,,N,H,G,A,A,H,-,A,A,0,,Y,,,Y,,-,,0,1,0,0,0,0,1,0,0,"- ","- ",,,MARIN,NOVATO,-122.56185150146484,38.085308074951172
8677865,2018,2018-10-02,2106,2018-07-31,1236,0444,13040,2,5,4,2106,0,0,0,,0,NP4,"ARTHUR ST","WASHINGTON ST",0.00,,Y,A,-,N,,,,,,,,,,Y,3,0,1,2,A,-,09,21802,A,N,D,C,A,A,H,-,A,A,0,,,,,Y,,A,01,0,1,0,0,0,0,0,0,0,"- ","- ",,,MARIN,NOVATO,-122.57491302490234,38.091480255126953
8677937,2018,2018-09-17,2109,2018-08-13,1452,605,39,1,5,5,2109,0,0,0,,0,003,"ANDERSEN DR","FRANCISCO BL W",532.00,W,N,A,-,N,,,,,,,,,,Y,3,0,1,3,A,-,03,22350,,N,C,C,A,A,H,-,A,A,0,,,,,Y,,A,07,0,1,0,0,0,0,0,0,0,"- ","- ",37.960289001464844,-122.51175689697266,MARIN,"SAN RAFAEL",-122.51313018798828,37.961231231689453
8677986,2018,2018-10-08,2109,2018-08-06,0124,583,7,1,5,5,2109,0,0,0,,0,001,"3RD ST","E ST",0.00,,Y,A,-,N,,,,,,,,,,Y,3,0,1,4,A,-,01,23152,A,N,C,E,A,A,H,-,C,D,0,,,,,Y,Y,D,22,0,1,0,0,0,0,0,0,0,"- ","- ",37.972610473632812,-122.53341674804688,MARIN,"SAN RAFAEL",-122.53337860107422,37.972599029541016
8678421,2018,2018-10-05,2106,2018-08-15,1040,NP0352,13042,3,5,4,2106,0,0,0,,0,NP4,"REDWOOD BL","ROWLAND BL",446.00,S,N,A,-,N,,,,,,,,,,Y,3,0,1,2,A,-,01,23152,,N,C,E,A,A,H,-,A,D,0,,,,,Y,,A,01,0,1,0,0,0,0,0,0,0,"- ","- ",,,MARIN,NOVATO,-122.56079864501953,38.089607238769531
8678431,2018,2018-10-17,2109,2018-08-04,1052,608,16,6,5,5,2109,0,0,0,,0,002,"3RD ST","BROOKS ST",0.00,,-,A,-,N,,,,,,,,,,N,3,0,1,2,A,-,09,21804,,N,H,G,A,A,H,-,A,D,0,,Y,,,Y,,-,"- ",0,1,0,0,0,0,1,0,0,"- ","- ",37.972091674804688,-122.52754974365234,MARIN,"SAN RAFAEL",-122.52754211425781,37.972068786621094
8678435,2018,2018-10-09,2109,2018-08-09,0845,551,23,4,5,5,2109,0,0,0,,0,003,"FRANCISCO BL E","CASTRO AV",362.00,E,N,A,-,N,,,,,,,,,,N,2,0,1,2,A,-,08,22107,,N,H,G,A,A,H,-,A,D,0,,Y,,,Y,,L,04,1,0,0,0,0,0,1,0,0,"- ","- ",37.956291198730469,-122.50106811523438,MARIN,"SAN RAFAEL",-122.50346374511719,37.958690643310547
8678467,2018,2018-10-09,2109,2018-08-08,0702,605,41,3,5,5,2109,0,0,0,,0,003,"ANDERSEN DR","SIMMS ST",555.00,E,N,A,-,N,,,,,,,,,,N,3,0,1,2,A,-,09,21804,A,N,D,C,A,A,H,-,A,D,0,,,Y,,Y,,A,08,0,1,0,0,0,0,0,0,1,"- ","- ",37.957279205322266,-122.50660705566406,MARIN,"SAN RAFAEL",-122.50630950927734,37.956539154052734
8679358,2018,2019-01-29,2106,2018-05-01,1815,2106,N301,2,5,4,2106,0,0,0,,0,NP3,"IGNACIO BL","ALAMEDA DEL PRADO",187.00,E,N,A,-,N,,,,,,,,,,N,4,0,1,2,A,-,08,22107,,N,H,G,A,A,H,-,A,D,0,,Y,,,Y,,A,01,0,0,1,0,0,0,1,0,0,"- ","- ",,,MARIN,NOVATO,-122.5400390625,38.06597900390625
8680145,2018,2018-09-24,2109,2018-07-24,1625,551,14,2,5,5,2109,0,0,0,,0,,"NYE ST","MISSION AV",0.00,,Y,A,-,N,,,,,,,,,,Y,3,0,1,3,A,-,09,21804,A,N,D,C,A,A,H,-,A,D,0,,,,,Y,,A,01,0,1,0,0,0,0,0,0,0,"- ","- ",37.974571228027344,-122.52507781982422,MARIN,"SAN RAFAEL",-122.52507019042969,37.97454833984375
8680217,2018,2018-08-31,2109,2018-07-28,1623,534,17,6,5,5,2109,0,0,0,,0,002,"3RD ST","HETHERTON ST",123.00,E,N,A,-,N,,,,,,,,,,N,3,0,1,2,A,-,08,22107,,N,B,G,A,A,H,-,A,D,0,,Y,,,Y,,A,01,0,1,0,0,0,0,1,0,0,"- ","- ",37.971229553222656,-122.52095031738281,MARIN,"SAN RAFAEL",-122.52182006835938,37.971378326416016
8680224,2018,2018-10-05,2109,2018-08-06,1134,609,29,1,5,5,2109,0,0,0,,0,,"3RD ST","GRAND AV",0.00,,Y,A,-,N,,,,,,,,,,Y,3,0,2,2,A,-,12,21453,A,N,D,C,A,A,H,-,A,A,0,,,,,Y,,A,01,0,1,1,0,0,0,0,0,0,"- ","- ",37.970970153808594,-122.51882934570312,MARIN,"SAN RAFAEL",-122.51886749267578,37.970970153808594
8680229,2018,2018-08-31,2109,2018-07-16,1535,510,7,1,5,5,2109,0,0,0,,0,002,"2ND ST","SHAVER ST",45.00,W,N,A,-,N,,,,,,,,,,N,2,0,1,2,A,-,03,22350,,N,C,C,A,A,H,-,A,D,0,,,,,Y,,A,01,1,0,0,0,0,0,0,0,0,"- ","- ",37.974819183349609,-122.53179168701172,MARIN,"SAN RAFAEL",-122.53501892089844,37.971858978271484
8682586,2018,2018-10-05,2106,2018-08-29,0749,NP0352,13041,3,5,4,2106,0,0,0,,0,NP4,"SOUTH NOVATO BL","ROWLAND BL",57.00,N,N,A,-,N,,,,,,,,,,N,4,0,2,2,A,-,04,21703,,N,C,C,A,A,H,-,A,A,0,,,,,Y,,A,01,0,0,2,0,0,0,0,0,0,"- ","- ",,,MARIN,NOVATO,-122.56532287597656,38.088024139404297
8684842,2018,2018-08-21,2102,2018-06-05,1545,057,2,2,5,2,2102,0,0,0,,0,001,"TAMAL VISTA BL","TAMAL PLZ",202.00,N,N,A,-,N,,,,,,,,,,N,4,0,1,4,A,-,03,22350,,N,C,C,A,A,H,-,A,D,0,,,,,Y,,A,01,0,0,1,0,0,0,0,0,0,"- ","- ",37.935749053955078,-122.51808929443359,MARIN,"CORTE MADERA",-122.51884460449219,37.937053680419922
8684846,2018,2018-08-21,2104,2018-06-30,0900,098,1,6,5,3,2104,0,0,0,,0,002,"MAGNOLIA AV","WARD ST",20.00,S,N,A,-,N,,,,,,,,,,N,3,0,1,2,A,-,17,22517,,N,B,E,A,A,H,-,A,D,0,,Y,,,Y,,A,01,0,1,0,0,0,0,0,0,0,"- ","- ",37.936088562011719,-122.53517913818359,MARIN,LARKSPUR,-122.53520202636719,37.936004638671875
8684850,2018,2018-08-21,2104,2018-06-22,1429,037,1B,5,5,3,2104,0,0,0,,0,003,"SOUTH ELISEO DR","CORTE REAL",710.00,W,N,A,-,N,,,,,,,,,,Y,3,0,1,3,A,-,03,22350,,N,C,E,A,A,H,-,A,D,0,,,,,Y,,A,01,0,1,0,0,0,0,0,0,0,"- ","- ",37.943149566650391,-122.53485107421875,MARIN,LARKSPUR,-122.53480529785156,37.943599700927734
8684854,2018,2018-09-13,2108,2018-06-10,1149,057,3,7,5,3,2108,0,0,0,,0,004,"RED HILL AV","SEQUOIA AV",313.00,W,N,A,-,N,,,,,,,,,,N,4,0,1,1,A,-,03,22350,,N,H,A,A,A,H,-,A,D,0,,,Y,,Y,,C,02,0,0,1,0,0,0,0,0,1,"- ","- ",37.975948333740234,-122.55563354492188,MARIN,"SAN ANSELMO",-122.55544281005859,37.976448059082031
8685928,2018,2018-10-09,2106,2018-08-18,0632,NP0373,13021,6,5,4,2106,0,0,0,,0,NP2,"DE LONG AV","SHERMAN AV",11.00,W,N,A,-,N,,,,,,,,,,Y,3,0,1,1,A,-,01,23152,A,N,E,I,A,A,H,-,B,D,0,,,,,Y,Y,A,01,0,1,0,0,0,0,0,0,0,"- ","- ",,,MARIN,NOVATO,-122.56802368164062,38.105827331542969
8685997,2018,2018-09-06,2106,2018-07-21,1401,NP0427,13041,6,5,4,2106,0,0,0,,0,NP4,"BUCHANAN ST","ROWLAND BL",1000.00,N,N,A,-,N,,,,,,,,,,Y,3,0,1,2,A,-,08,22107,,N,D,E,A,A,H,-,A,D,0,,,,,Y,,A,01,0,1,0,0,0,0,0,0,0,"- ","- ",,,MARIN,NOVATO,-122.56969451904297,38.088626861572266
8687350,2018,2018-10-08,2109,2018-08-20,0748,605,23,1,5,5,2109,0,0,0,,0,003,"FRANCISCO BL E","GRANGE WY",694.00,E,N,B,-,N,,,,,,,,,,N,3,0,2,2,A,-,09,21804,A,N,D,C,A,A,H,-,A,D,0,,,,,Y,,D,22,0,2,0,0,0,0,0,0,0,"- ","- ",37.945571899414062,-122.48548889160156,MARIN,"SAN RAFAEL",-122.48639678955078,37.945095062255859
8688930,2018,2018-09-12,2109,2018-08-02,1546,537,29,4,5,5,2109,0,0,0,,0,,"MISSION AV","ALICE ST",0.00,,Y,A,-,N,,,,,,,,,,N,3,0,1,2,A,-,05,21460,,N,H,G,A,A,H,-,A,D,0,,Y,,,Y,,A,01,0,1,0,0,0,0,1,0,0,"- ","- ",37.971450805664062,-122.51293182373047,MARIN,"SAN RAFAEL",-122.512939453125,37.971450805664062
8689550,2018,2018-09-28,2109,2018-08-30,1420,566,26,4,5,5,2109,0,0,0,,0,004,"GRAND AV","3RD ST",0.00,,Y,A,-,N,,,,,,,,,,Y,3,0,1,2,A,-,12,21453,A,N,A,C,A,A,H,-,A,A,0,,,,,Y,,A,01,0,1,0,0,0,0,0,0,0,"- ","- ",37.970970153808594,-122.51882934570312,MARIN,"SAN RAFAEL",-122.51886749267578,37.970970153808594
8689554,2018,2018-09-26,2109,2018-08-24,1735,618,39,5,5,5,2109,0,0,0,,0,003,"DU BOIS ST","RICE DR",54.00,W,N,A,-,N,,,,,,,,,,N,3,0,1,2,A,-,08,22107,,N,H,G,A,A,H,-,A,D,0,,Y,,,Y,,L,04,0,1,0,0,0,0,1,0,0,"- ","- ",37.965778350830078,-122.51953887939453,MARIN,"SAN RAFAEL",-122.51968383789062,37.965866088867188
8689594,2018,2018-09-26,2109,2018-08-27,1359,510,26,1,5,5,2109,0,0,0,,0,004,"IRWIN ST","5TH AV",36.00,W,N,A,-,N,,,101,,,,,,,Y,2,0,1,2,A,-,09,21800,A,N,D,C,A,A,H,-,A,A,0,,,,,Y,,A,01,1,0,0,0,0,0,0,0,0,"- ","- ",37.972980499267578,-122.52047729492188,MARIN,"SAN RAFAEL",-122.520477,37.97298
8689598,2018,2018-09-26,2109,2018-08-27,1820,615,47,1,5,5,2109,0,0,0,,0,005,"MANUEL T FREITAS PKWY","LEA DR",0.00,,Y,A,-,N,,,,,,,,,,N,3,0,1,2,A,-,08,22107,,N,E,J,A,A,H,-,A,D,0,,Y,,,Y,,L,04,0,1,0,0,0,0,1,0,0,"- ","- ",38.010169982910156,-122.56407165527344,MARIN,"SAN RAFAEL",-122.56413269042969,38.010250091552734
8690834,2018,2018-09-24,2109,2018-09-02,2344,567,46,7,5,5,2109,0,0,0,,0,005,"MANUEL T FREITAS","DEL PRESIDIO BL",0.00,,Y,A,-,N,,,,,,,,,,Y,3,0,1,2,A,-,08,22101,D,N,D,C,A,A,H,-,C,A,0,,,,,Y,,A,81,0,1,0,0,0,0,0,0,0,"- ","- ",38.006839752197266,-122.54389953613281,MARIN,"SAN RAFAEL",-122.54392242431641,38.007289886474609
8690923,2018,2018-10-01,2109,2018-08-29,1738,616,7,3,5,5,2109,0,0,0,,0,001,"5TH AV","E ST",0.00,,Y,A,-,N,,,,,,,,,,N,4,0,1,2,A,-,09,21801,A,N,D,C,A,A,H,-,A,A,0,,,,,Y,,D,22,0,0,1,0,0,0,0,0,0,"- ","- ",37.974681854248047,-122.53311920166016,MARIN,"SAN RAFAEL",-122.53311157226562,37.974628448486328
8690967,2018,2018-09-27,2110,2018-09-06,1457,SP5234,10000,4,5,2,2110,0,0,0,,0,SP1,"ANCHOR ST",BRIDGEWAY,30.00,E,N,A,-,N,,,,,,,,,,N,4,0,1,2,A,-,11,21955,,N,G,B,D,A,H,-,A,D,0,Y,,,,Y,,N,60,0,0,1,0,1,0,0,0,0,"- ","- ",,,MARIN,SAUSALITO,-122.47983551025391,37.856517791748047
8695022,2018,2018-09-25,2110,2018-09-05,1426,5273,10009,3,5,2,2110,0,0,0,,0,SP2,BRIDGEWAY,"HARBOR DR",0.00,,Y,B,-,N,,,,,,,,,,N,4,0,1,2,A,-,07,21658,A,N,B,G,A,A,H,-,A,A,0,,Y,,,Y,,A,01,0,0,1,0,0,0,1,0,0,"- ","- ",,,MARIN,SAUSALITO,-122.50083160400391,37.866909027099609
8695103,2018,2018-09-20,2109,2018-08-29,1432,422,46,3,5,5,2109,0,0,0,,0,005,"LAS GALLINAS AV","NOVA ALBION WY",95.00,S,N,A,-,N,,,,,,,,,,N,4,0,1,2,A,-,03,22350,,N,C,C,A,A,H,-,A,A,0,,,,,Y,,A,01,0,0,1,0,0,0,0,0,0,"- ","- ",38.008499145507812,-122.54828643798828,MARIN,"SAN RAFAEL",-122.54878234863281,38.007938385009766
8695902,2018,2018-09-25,2105,2018-08-12,1125,MV6206,MV9,7,5,3,2105,0,0,0,,0,MV1,"EAST BLITHEDALE AV","LOMITA DR",12.00,W,N,A,-,N,,,,,,,,,,N,3,0,1,2,A,-,21,22106,,N,D,G,A,A,H,-,A,A,0,,Y,,,Y,,A,01,0,1,0,0,0,0,1,0,0,"- ","- ",,,MARIN,"MILL VALLEY",-122.52655792236328,37.900783538818359
8696685,2018,2018-09-25,2109,2018-08-31,0744,551,39,5,5,5,2109,0,0,0,,0,,"ANDERSEN DR","FRANCISCO BL W",330.00,S,N,A,-,N,,,,,,,,,,Y,4,0,1,2,A,-,03,22350,,N,C,C,A,A,H,-,A,D,0,,,,,Y,,D,22,0,0,1,0,0,0,0,0,0,"- ","- ",37.960399627685547,-122.51083374023438,MARIN,"SAN RAFAEL",-122.51089477539062,37.959671020507812
8696693,2018,2018-10-29,2109,2018-09-10,0726,605,20,1,5,5,2109,0,0,0,,0,003,"FRANCISCO BL E","TIBURON ST",0.00,,Y,A,-,N,,,,,,,,,,Y,3,0,2,3,A,-,09,21801,A,N,A,C,A,A,H,-,A,D,0,,,,,Y,,A,01,0,2,0,0,0,0,0,0,0,"- ","- ",37.961540222167969,-122.5074462890625,MARIN,"SAN RAFAEL",-122.5074462890625,37.961540222167969
8696721,2018,2018-09-25,2109,2018-09-10,1152,609,7,1,5,5,2109,0,0,0,,0,001,"SHAVER ST","3RD ST",0.00,,Y,A,-,N,,,,,,,,,,Y,4,0,1,2,A,-,09,21801,A,N,A,C,A,A,H,-,A,A,0,,,,,Y,,A,01,0,0,1,0,0,0,0,0,0,"- ","- ",37.972190856933594,-122.53473663330078,MARIN,"SAN RAFAEL",-122.53472137451172,37.972198486328125
8698988,2018,2018-09-25,2106,2018-08-31,1859,NP0387,13041,5,5,4,2106,0,0,0,,0,004,"CAMBRIDGE ST","DAWES ST",11.00,S,N,A,-,N,,,,,,,,,,Y,4,0,1,2,A,-,03,22350,,N,B,C,A,A,H,-,B,D,0,,,,,Y,,A,01,0,0,1,0,0,0,0,0,0,"- ","- ",,,MARIN,NOVATO,-122.56727600097656,38.088512420654297
8699071,2018,2018-10-01,2106,2018-08-23,0101,NP0412,13042,4,5,4,2106,0,0,0,,0,NP4,"SOUTH NOVATO BL","YUKON WY",95.00,S,N,A,-,N,,,,,,,,,,Y,3,0,1,1,A,-,01,23152,A,N,A,I,A,A,H,-,C,D,0,,,,,Y,Y,A,01,0,1,0,0,0,0,0,0,0,"- ","- ",,,MARIN,NOVATO,-122.56832885742188,38.093723297119141
8699075,2018,2019-01-11,2106,2018-09-10,0930,NP0399,13033,1,5,4,2106,0,0,0,,0,NP3,"IGNACIO BL","ALAMEDA DEL PRADO",305.00,W,N,A,-,N,,,,,,,,,,Y,3,0,2,2,A,-,03,22350,,N,C,C,A,A,H,-,A,D,0,,,,,Y,,A,01,0,2,0,0,0,0,0,0,0,"- ","- ",,,MARIN,NOVATO,-122.54173278808594,38.065937042236328
8699079,2018,2019-01-11,2106,2018-09-07,1253,NP0352,13011,5,5,4,2106,0,0,0,,0,NP1,"SAN MARIN DR","SAN RAMON WY",51.00,E,N,A,-,N,,,,,,,,,,Y,4,0,1,2,C,-,18,,,N,C,E,A,A,H,-,A,A,0,,,Y,,Y,,-,"- ",0,0,1,0,0,0,0,0,0,"- ","- ",,,MARIN,NOVATO,-122.60410308837891,38.121803283691406
8699263,2018,2018-10-01,2109,2018-09-16,1359,422,7,7,5,5,2109,0,0,0,,0,002,"B ST","3RD ST",0.00,,Y,A,-,N,,,,,,,,,,Y,3,0,1,3,A,-,12,21453,A,N,D,C,A,A,H,-,A,A,0,,,,,Y,,A,01,0,1,0,0,0,0,0,0,0,"- ","- ",37.9722900390625,-122.52964019775391,MARIN,"SAN RAFAEL",-122.52967834472656,37.972301483154297
8699516,2018,2018-10-01,2109,2018-09-05,1454,510,26,3,5,5,2109,0,0,0,,0,004,"IRWIN ST","2ND ST",11.00,N,N,A,-,N,,,101,,,,,,,N,3,0,1,2,A,-,03,22350,,N,C,C,A,A,H,-,A,A,0,,,,,Y,,A,01,0,1,0,0,0,0,0,0,0,"- ","- ",37.970470428466797,-122.52115631103516,MARIN,"SAN RAFAEL",-122.52170562744141,37.970367431640625
8699520,2018,2018-10-01,2109,2018-09-10,0000,510,53,1,5,5,2109,0,0,0,,0,004,"3RD ST","UNION ST",100.00,E,N,A,-,N,,,,,,,,,,N,3,0,1,2,A,-,03,22350,,N,C,C,A,A,H,-,A,A,0,,,,,Y,Y,A,07,0,1,0,0,0,0,0,0,0,"- ","- ",38.023681640625,-122.537353515625,MARIN,"SAN RAFAEL",-122.51629638671875,37.970252990722656
8700547,2018,2019-01-09,2109,2018-09-03,1246,422,46,1,5,5,2109,0,0,0,,0,005,"FREITAS PKWY","DEL PRESIDIO BL",0.00,,Y,A,-,Y,MRN,4,101,-,-,13.883,R,4,S,Y,3,0,2,2,A,-,12,21453,A,N,D,C,A,A,H,-,A,A,0,,,,,Y,,A,01,0,2,0,0,0,0,0,0,0,"- ","- ",38.012821197509766,-122.55886077880859,MARIN,"SAN RAFAEL",-122.54214477539062,38.009532928466797