CASE_ID,ACCIDENT_YEAR,PROC_DATE,JURIS,COLLISION_DATE,COLLISION_TIME,OFFICER_ID,REPORTING_DISTRICT,DAY_OF_WEEK,CHP_SHIFT,POPULATION,CNTY_CITY_LOC,SPECIAL_COND,BEAT_TYPE,CHP_BEAT_TYPE,CITY_DIVISION_LAPD,CHP_BEAT_CLASS,BEAT_NUMBER,PRIMARY_RD,SECONDARY_RD,DISTANCE,DIRECTION,INTERSECTION,WEATHER_1,WEATHER_2,STATE_HWY_IND,CALTRANS_COUNTY,CALTRANS_DISTRICT,STATE_ROUTE,ROUTE_SUFFIX,POSTMILE_PREFIX,POSTMILE,LOCATION_TYPE,RAMP_INTERSECTION,SIDE_OF_HWY,TOW_AWAY,COLLISION_SEVERITY,NUMBER_KILLED,NUMBER_INJURED,PARTY_COUNT,PRIMARY_COLL_FACTOR,PCF_CODE_OF_VIOL,PCF_VIOL_CATEGORY,PCF_VIOLATION,PCF_VIOL_SUBSECTION,HIT_AND_RUN,TYPE_OF_COLLISION,MVIW,PED_ACTION,ROAD_SURFACE,ROAD_COND_1,ROAD_COND_2,LIGHTING,CONTROL_DEVICE,CHP_ROAD_TYPE,PEDESTRIAN_ACCIDENT,BICYCLE_ACCIDENT,MOTORCYCLE_ACCIDENT,TRUCK_ACCIDENT,NOT_PRIVATE_PROPERTY,ALCOHOL_INVOLVED,STWD_VEHTYPE_AT_FAULT,CHP_VEHTYPE_AT_FAULT,COUNT_SEVERE_INJ,COUNT_VISIBLE_INJ,COUNT_COMPLAINT_PAIN,COUNT_PED_KILLED,COUNT_PED_INJURED,COUNT_BICYCLIST_KILLED,COUNT_BICYCLIST_INJURED,COUNT_MC_KILLED,COUNT_MC_INJURED,PRIMARY_RAMP,SECONDARY_RAMP,LATITUDE,LONGITUDE,COUNTY,CITY,POINT_X,POINT_Y
8701812,2018,2018-10-11,2109,2018-09-07,2100,615,39,5,5,5,2109,0,0,0,,0,003,"ANDERSON DR","SMART TRAIN TRACKS",0.00,,Y,A,-,N,,,,,,,,,,N,3,0,1,1,A,-,01,21200,5,N,E,I,A,A,H,-,C,D,0,,Y,,,Y,Y,L,04,0,1,0,0,0,0,1,0,0,"- ","- ",37.960289001464844,-122.51175689697266,MARIN,"SAN RAFAEL",,
8704301,2018,2018-10-18,2109,2018-09-20,1653,604,11,4,5,5,2109,0,0,0,,0,001,"D ST","ANTONETTE AV",1100.00,N,N,A,-,N,,,,,,,,,,Y,4,0,1,1,A,-,03,22350,,N,E,J,A,A,H,-,A,D,0,,,,,Y,,D,22,0,0,1,0,0,0,0,0,0,"- ","- ",37.96099853515625,-122.53199768066406,MARIN,"SAN RAFAEL",-122.5330810546875,37.966651916503906
8704641,2018,2018-11-30,2109,2018-09-19,2033,551,26,3,5,5,2109,0,0,0,,0,004,"3RD ST","GRAND AV",0.00,,Y,A,-,N,,,,,,,,,,Y,3,0,2,2,A,-,12,21453,A,N,D,C,A,A,H,-,C,A,0,,,,,Y,,A,01,0,1,1,0,0,0,0,0,0,"- ","- ",37.970680236816406,-122.51998138427734,MARIN,"SAN RAFAEL",-122.51886749267578,37.970970153808594
8704645,2018,2018-10-30,2109,2018-09-28,1835,604,30,5,5,5,2109,0,0,0,,0,004,"POINT SAN PEDRO RD","LOCHINVAR RD",0.00,,Y,A,-,N,,,,,,,,,,Y,3,0,1,2,A,-,09,21801,,N,D,C,A,A,H,-,A,A,0,,,,,Y,,A,01,0,1,0,0,0,0,0,0,0,"- ","- ",37.974430084228516,-122.48458099365234,MARIN,"SAN RAFAEL",-122.48461151123047,37.974418640136719
8704649,2018,2018-10-30,2109,2018-09-21,1215,513,30,5,5,5,2109,0,0,0,,0,,"POINT SAN PEDRO RD","MARINA BL",195.00,E,N,A,-,N,,,,,,,,,,Y,3,0,1,2,A,-,08,22107,,N,C,E,A,A,H,-,A,D,0,,,,,Y,,A,01,0,1,0,0,0,0,0,0,0,"- ","- ",37.968509674072266,-122.50612640380859,MARIN,"SAN RAFAEL",-122.50141906738281,37.970409393310547
8706893,2018,2018-10-09,2106,2018-09-18,1525,NP0352,13012,2,5,4,2106,0,0,0,,0,NP1,"NOVATO BL","GRANT AV",632.00,E,N,A,-,N,,,,,,,,,,Y,4,0,1,3,A,-,03,22350,,N,C,C,A,A,H,-,A,A,0,,,,,Y,,A,01,0,0,1,0,0,0,0,0,0,"- ","- ",,,MARIN,NOVATO,-122.58151245117188,38.107387542724609
8706897,2018,2018-10-09,2106,2018-09-20,1801,NP0448,13040,4,5,4,2106,0,0,0,,0,NP4,"MIDWAY BL","SOUTH NOVATO BL",0.00,,Y,A,-,N,,,,,,,,,,Y,4,0,4,2,A,-,08,22107,,N,D,C,A,A,H,-,A,D,0,,,,,Y,,A,01,0,0,4,0,0,0,0,0,0,"- ","- ",,,MARIN,NOVATO,-122.55850982666016,38.081451416015625
8707496,2018,2018-10-16,2106,2018-09-23,2023,NP0450,13011,7,5,4,2106,0,0,0,,0,NP1,"NOVATO BL","SIMMONS LN",0.00,,Y,A,-,N,,,,,,,,,,N,4,0,1,2,A,-,17,22109,,N,H,G,A,A,H,-,C,A,0,,Y,,,Y,,A,01,0,0,1,0,0,0,1,0,0,"- ","- ",,,MARIN,NOVATO,-122.58992004394531,38.111129760742188
8708103,2018,2018-10-11,2109,2018-09-12,0917,541,26,3,5,5,2109,0,0,0,,0,002,"4TH ST","IRWIN ST",0.00,,Y,A,-,N,,,,,,,,,,Y,4,0,2,2,A,-,09,21801,A,N,D,C,A,A,H,-,A,A,0,,,,,Y,,A,01,0,0,2,0,0,0,0,0,0,"- ","- ",37.972209930419922,-122.52066802978516,MARIN,"SAN RAFAEL",-122.52068328857422,37.972209930419922
8708113,2018,2018-10-11,2106,2018-09-22,0016,NP0448,13043,6,5,4,2106,0,0,0,,0,NP4,"SOUTH NOVATO BL","GATEWAY CT",156.00,N,N,A,-,N,,,,,,,,,,Y,4,0,1,3,A,-,01,23152,A,N,B,E,A,A,H,-,D,D,0,,,Y,,Y,,C,02,0,0,1,0,0,0,0,0,1,"- ","- ",,,MARIN,NOVATO,-122.55029296875,38.077480316162109
8708739,2018,2018-10-24,2104,2018-06-18,1108,036,1,1,5,3,2104,0,0,0,,0,002,"REDWOOD AV","MADRONE AV",170.00,N,N,A,-,N,,,,,,,,,,Y,3,0,3,2,A,-,08,22107,,N,E,I,A,A,H,-,A,D,0,,,,,Y,,A,07,0,3,0,0,0,0,0,0,0,"- ","- ",37.931808471679688,-122.54799652099609,MARIN,LARKSPUR,-122.54790496826172,37.932140350341797
8708743,2018,2018-10-24,2102,2018-05-29,1738,104,2,2,5,2,2102,0,0,0,,0,001,"PARADISE DR","ROBIN DR",0.00,,Y,A,-,N,,,,,,,,,,N,3,0,1,1,A,-,03,22350,,N,E,I,A,A,H,-,A,D,0,,,,,Y,,A,08,0,1,0,0,0,0,0,0,0,"- ","- ",37.920009613037109,-122.48895263671875,MARIN,"CORTE MADERA",-122.48893737792969,37.919998168945312
8711528,2018,2018-11-01,2109,2018-10-23,1004,538,14,2,5,5,2109,0,0,0,,0,002,"LINCOLN AV","PROSPECT DR",90.00,S,N,A,-,N,,,,,,,,,,N,3,0,1,2,A,-,08,22107,,N,C,E,A,A,H,-,A,D,0,,,,,Y,,A,01,0,1,0,0,0,0,0,0,0,"- ","- ",37.977859497070312,-122.52217102050781,MARIN,"SAN RAFAEL",-122.52770233154297,37.987762451171875
8711653,2018,2018-11-05,2106,2018-10-16,1514,NP0352,13041,2,5,4,2106,0,0,0,,0,NP4,"DIABLO AV","NOVATO BL",0.00,,Y,A,-,N,,,,,,,,,,N,4,0,1,2,A,-,04,21703,,N,C,C,A,A,H,-,A,A,0,,,Y,,Y,,C,02,0,0,1,0,0,0,0,0,1,"- ","- ",,,MARIN,NOVATO,-122.57325744628906,38.103168487548828
8712282,2018,2018-10-19,2106,2018-09-20,1633,NP0352,13041,4,5,4,2106,0,0,0,,0,NP4,"SOUTH NOVATO BL","ROWLAND BL",0.00,,Y,A,-,N,,,,,,,,,,Y,4,0,1,2,A,-,09,21453,C,N,D,C,A,A,H,-,A,A,0,,,Y,,Y,,A,01,0,0,1,0,0,0,0,0,1,"- ","- ",,,MARIN,NOVATO,-122.56514739990234,38.08795166015625
8713588,2018,2018-10-16,2105,2018-09-06,1356,MV6116,90002,4,5,3,2105,0,0,0,,0,MV2,"CAMINO ALTO","SYCAMORE AV",27.00,N,N,A,-,N,,,,,,,,,,Y,4,0,2,3,A,-,03,22350,,N,C,C,A,A,D,-,A,D,0,,,,,Y,,-,,0,0,2,0,0,0,0,0,0,"- ","- ",,,MARIN,"MILL VALLEY",-122.5301513671875,37.896743774414062
8713867,2018,2018-10-18,2106,2018-10-02,1400,NP0399,13042,2,5,4,2106,0,0,0,,0,NP4,"DIABLO AV","REDWOOD BL",33.00,W,N,B,-,N,,,,,,,,,,N,4,0,1,2,A,-,21,22106,,N,C,C,A,B,H,-,A,A,0,,,,,Y,,A,01,0,0,1,0,0,0,0,0,0,"- ","- ",,,MARIN,NOVATO,-122.57102203369141,38.104862213134766
8713875,2018,2018-10-18,2106,2018-10-06,1952,NP0387,13032,6,5,4,2106,0,0,0,,0,NP3,"ALAMEDA DE LA LOMA","CIELO LN",443.00,S,N,A,-,N,,,,,,,,,,Y,3,0,4,2,A,-,01,23152,A,N,B,C,A,A,H,-,D,D,0,,,,,Y,Y,A,01,0,1,3,0,0,0,0,0,0,"- ","- ",,,MARIN,NOVATO,-122.53108215332031,38.056758880615234
8713879,2018,2019-01-09,2106,2018-10-06,2043,NP0391,13033,6,5,4,2106,0,0,0,,0,NP3,"ALAMEDA DELPRADO","HECTOR LN",670.00,S,N,A,-,N,,,,,,,,,,Y,2,0,1,4,A,-,01,23152,,M,A,E,A,A,H,-,C,D,0,,,,,Y,Y,A,01,1,0,0,0,0,0,0,0,0,"- ","- ",,,MARIN,NOVATO,-122.53662872314453,38.063526153564453
8713999,2018,2018-10-19,2109,2018-09-17,2002,579,26,1,5,5,2109,0,0,0,,0,004,"GRAND AV","MISSION AV",26.00,E,N,A,-,N,,,,,,,,,,N,4,0,1,2,D,-,00,,,N,B,C,A,A,H,-,C,D,0,,,,,Y,,-,"- ",0,0,1,0,0,0,0,0,0,"- ","- ",37.973628997802734,-122.51840209960938,MARIN,"SAN RAFAEL",-122.51841735839844,37.973670959472656
8714033,2018,2018-10-23,2109,2018-09-29,2254,605,22,6,5,5,2109,0,0,0,,0,003,"BELLAM BL","FRANCISCO BL E",15.00,S,N,C,-,N,,,,,,,,,,Y,4,0,1,2,A,-,07,21658,A,N,B,C,A,B,H,-,C,A,0,,,,Y,Y,,A,07,0,0,1,0,0,0,0,0,0,"- ","- ",37.96051025390625,-122.50422668457031,MARIN,"SAN RAFAEL",-122.50487518310547,37.960533142089844
8714150,2018,2019-01-11,2109,2018-10-07,0933,476,14,7,5,5,2109,0,0,0,,0,002,"LINCOLN AV","MAPLE ST",0.00,,Y,A,-,N,,,,,,,,,,N,4,0,1,2,A,-,09,21801,A,N,D,C,A,A,H,-,A,D,0,,,Y,,Y,,A,01,0,0,1,0,0,0,0,0,1,"- ","- ",37.977458953857422,-122.52230834960938,MARIN,"SAN RAFAEL",-122.52233123779297,37.977428436279297
8714338,2018,2018-11-13,2109,2018-10-06,1328,534,46,6,5,5,2109,0,0,0,,0,006,"GOLDEN HINDE BL","DEL HARO WY",181.00,W,N,A,-,N,,,,,,,,,,Y,3,0,1,2,A,-,08,22107,,N,B,E,A,A,H,-,A,D,0,,,,,Y,,A,01,0,1,0,0,0,0,0,0,0,"- ","- ",37.997169494628906,-122.54676818847656,MARIN,"SAN RAFAEL",-122.54689788818359,37.996994018554688
8714623,2018,2018-10-22,2102,2018-07-26,1900,036,2,4,5,2,2102,0,0,0,,0,001,"MADERA BL","TAMAL VISTA BL",388.00,E,N,A,-,N,,,,,,,,,,N,3,0,1,2,A,-,09,21804,,N,D,C,A,A,H,-,A,A,0,,,,,Y,,A,08,0,1,0,0,0,0,0,0,0,"- ","- ",37.929798126220703,-122.51731109619141,MARIN,"CORTE MADERA",-122.51674652099609,37.929840087890625
8714627,2018,2018-10-22,2108,2018-07-18,1712,042,3,3,5,3,2108,0,0,0,,0,004,"RED HILL AV","FORBES AV",83.00,W,N,A,-,N,,,,,,,,,,N,3,0,1,2,A,-,11,21954,A,N,G,B,D,A,H,-,A,D,0,Y,,,,Y,Y,N,60,0,1,0,0,1,0,0,0,0,"- ","- ",37.977119445800781,-122.55319213867188,MARIN,"SAN ANSELMO",-122.55312347412109,37.976730346679688
8714888,2018,2018-11-13,2103,2018-09-06,1252,153,EAST,4,5,2,2103,0,0,0,,0,PAT,"SIR FRANCIS DRAKE BL","WILLOW AV",19.00,E,N,A,-,N,,,,,,,,,,N,4,0,1,1,A,-,03,22350,,N,E,I,A,A,H,-,A,A,0,,,,,Y,,-,,0,0,1,0,0,0,0,0,0,"- ","- ",37.986648559570312,-122.58231353759766,MARIN,FAIRFAX,-122.58218383789062,37.986667633056641
8714913,2018,2018-11-06,2109,2018-10-22,1016,510,39,1,5,5,2109,0,0,0,,0,003,"RICE DR","DU BOIS ST",12.00,S,N,B,-,N,,,,,,,,,,Y,3,0,1,3,A,-,08,22107,,N,C,E,A,A,H,-,A,D,0,,,,,Y,,A,01,0,1,0,0,0,0,0,0,0,"- ","- ",37.965240478515625,-122.51805877685547,MARIN,"SAN RAFAEL",-122.51955413818359,37.965751647949219
8714917,2018,2018-11-06,2109,2018-10-11,1600,595,7,4,5,5,2109,0,0,0,,0,001,"H ST","4TH ST",164.00,N,N,A,-,N,,,,,,,,,,N,2,0,1,2,A,-,17,22517,,N,H,G,A,A,H,-,A,D,0,,Y,,,Y,,A,01,1,0,0,0,0,0,1,0,0,"- ","- ",37.974178314208984,-122.53861236572266,MARIN,"SAN RAFAEL",-122.53855895996094,37.974617004394531
8714918,2018,2018-11-01,2103,2018-09-14,1525,104,DNTN,5,5,2,2103,0,0,0,,0,PAT,"CENTER BL","PACHECO AV",32.00,E,N,A,-,N,,,,,,,,,,N,4,0,1,2,A,-,03,22350,,N,C,C,A,A,H,-,A,A,0,,,,,Y,,A,01,0,0,1,0,0,0,0,0,0,"- ","- ",37.986640930175781,-122.58748626708984,MARIN,FAIRFAX,-122.58711242675781,37.98687744140625
8716301,2018,2018-11-06,2108,2018-09-02,2103,104,3,7,5,3,2108,0,0,0,,0,004,"SIR FRANCIS DRAKE BL","BUTTERFIELD RD",38.00,E,N,A,-,N,,,,,,,,,,N,3,0,2,2,A,-,05,21650,,N,A,C,A,A,H,-,C,A,0,,,,,Y,,A,01,0,1,1,0,0,0,0,0,0,"- ","- ",37.986488342285156,-122.57781982421875,MARIN,"SAN ANSELMO",-122.57791137695312,37.986835479736328
8716305,2018,2018-10-18,2108,2018-08-16,1028,075,,4,5,3,2108,0,0,0,,0,,"CENTER BL","UTILITY POLE  #120062743",2.00,E,N,A,-,N,,,,,,,,,,N,4,0,1,4,A,-,03,22350,,N,C,C,A,A,H,-,A,D,0,,,,,Y,,D,72,0,0,1,0,0,0,0,0,0,"- ","- ",37.980461120605469,-122.57436370849609,MARIN,"SAN ANSELMO",,
8716317,2018,2018-10-18,2102,2018-08-04,1854,105,2,6,5,2,2102,0,0,0,,0,001,"PARADISE DR","HARBOR DR",392.00,S,N,A,-,N,,,,,,,,,,Y,3,0,1,2,A,-,01,23153,A,N,D,C,A,A,H,-,A,D,0,,,,Y,Y,Y,F,26,0,1,0,0,0,0,0,0,0,"- ","- ",37.918949127197266,-122.50762176513672,MARIN,"CORTE MADERA",-122.50762939453125,37.919654846191406
8716642,2018,2018-10-23,2104,2018-09-10,1400,036,1B,1,5,3,2104,0,0,0,,0,003,"ELISEO DR","BON AIR RD",577.00,E,N,A,-,N,,,,,,,,,,N,3,0,1,2,A,-,08,22107,,N,H,G,A,A,H,-,A,D,0,,Y,,,Y,,A,01,0,1,0,0,0,0,1,0,0,"- ","- ",37.944290161132812,-122.53553009033203,MARIN,LARKSPUR,-122.53610229492188,37.944141387939453
8716645,2018,2018-10-22,2102,2018-08-08,1456,098,,3,5,2,2102,0,0,0,,0,,"ROBIN DR","PARADISE DR",197.00,S,N,A,-,N,,,,,,,,,,Y,3,0,1,2,A,-,03,22350,,N,B,E,A,A,H,-,A,D,0,,,,,Y,,A,01,0,1,0,0,0,0,0,0,0,"- ","- ",37.920009613037109,-122.48895263671875,MARIN,"CORTE MADERA",-122.48892211914062,37.919460296630859
8716646,2018,2018-10-23,2108,2018-09-01,1038,036,3,6,5,3,2108,0,0,0,,0,004,"SIR FRANCIS DRAKE BL","KENT AV",0.00,,Y,A,-,N,,,,,,,,,,N,2,0,1,2,A,-,03,22350,,N,D,C,A,A,H,-,A,A,0,,,Y,,Y,,C,02,1,0,0,0,0,0,0,0,1,"- ","- ",37.986640930175781,-122.58110809326172,MARIN,"SAN ANSELMO",-122.58112335205078,37.986629486083984
8716650,2018,2018-10-23,2102,2018-09-21,2138,026,,5,5,2,2102,0,0,0,,0,,"REDWOOD HWY","WORNUM AV",12.00,S,N,A,-,N,,,,,,,,,,Y,3,0,1,1,A,-,01,23152,F,N,E,I,A,A,H,-,C,A,0,,,,,Y,Y,A,01,0,1,0,0,0,0,0,0,0,"- ","- ",37.935001373291016,-122.51570892333984,MARIN,"CORTE MADERA",-122.51570129394531,37.935829162597656
8716654,2018,2018-10-23,2104,2018-09-15,1525,075,1C,6,5,3,2104,0,0,0,,0,003,"EAST SIR FRANCIS DRAKE BL","LARKSPUR LANDING CR",466.00,E,N,A,-,N,,,,,,,,,,N,2,0,4,2,A,-,05,21460,,N,A,D,A,A,H,-,A,D,0,,,,,Y,,A,01,3,1,0,0,0,0,0,0,0,"- ","- ",,,MARIN,LARKSPUR,-122.51016998291016,37.946456909179688
8716698,2018,2018-10-23,2102,2018-09-13,1701,087,2A,4,5,2,2102,0,0,0,,0,002,"REDWOOD AV","WILLOW AV",135.00,E,N,A,-,N,,,,,,,,,,N,3,0,1,2,A,-,03,22350,,N,A,G,A,A,H,-,A,D,0,,Y,,,Y,,L,04,0,1,0,0,0,0,1,0,0,"- ","- ",37.927639007568359,-122.52771759033203,MARIN,"CORTE MADERA",-122.52775573730469,37.927837371826172
8718956,2018,2019-01-10,2109,2018-10-16,2228,527,26,2,5,5,2109,0,0,0,,0,004,"2ND ST","IRWIN ST",0.00,,Y,A,-,Y,MRN,4,101,-,-,10.676,R,4,N,N,3,0,1,2,A,-,01,23152,,N,B,C,A,A,H,-,C,A,0,,,,,Y,Y,A,07,0,1,0,0,0,0,0,0,0,"- ","- ",37.970821380615234,-122.52073669433594,MARIN,"SAN RAFAEL",-122.52027893066406,37.968490600585938
8719036,2018,2018-11-09,2109,2018-09-27,1656,537,46,4,5,5,2109,0,0,0,,0,,"LAS GALLINAS AV","MERRYDALE RD",60.00,N,N,A,-,N,,,,,,,,,,N,4,0,1,3,A,-,09,21804,A,N,D,C,A,A,H,-,A,D,0,,,,,Y,,A,01,0,0,1,0,0,0,0,0,0,"- ","- ",38.004730224609375,-122.54086303710938,MARIN,"SAN RAFAEL",-122.54200744628906,38.004077911376953
8719742,2018,2018-10-25,2109,2018-09-30,1317,513,7,7,5,5,2109,0,0,0,,0,,"MISSION AV","B ST",6.00,W,N,A,-,N,,,,,,,,,,N,2,0,1,2,A,-,10,21950,A,N,G,B,B,A,H,-,A,A,0,Y,,,,Y,,-,,1,0,0,0,1,0,0,0,0,"- ","- ",37.9752197265625,-122.52912902832031,MARIN,"SAN RAFAEL",-122.52927398681641,37.974952697753906
8721480,2018,2018-11-08,2102,2018-06-22,1701,098,2,5,5,2,2102,0,0,0,,0,001,"PARADISE DR","VERONA PL",278.00,W,N,A,-,N,,,,,,,,,,N,3,0,1,1,A,-,03,22350,A,N,E,J,A,A,H,-,A,D,0,,Y,,,Y,,L,04,0,1,0,0,0,0,1,0,0,"- ","- ",,,MARIN,"CORTE MADERA",-122.50039672851562,37.919673919677734
8721700,2018,2018-10-26,2106,2018-10-16,0727,NP0352,13041,2,5,4,2106,0,0,0,,0,NP4,"DIABLO AV","NOVATO BL",0.00,,Y,A,-,N,,,,,,,,,,Y,4,0,1,2,A,-,03,22350,,N,C,C,A,A,H,-,A,A,0,,,,,Y,,A,01,0,0,1,0,0,0,0,0,0,"- ","- ",,,MARIN,NOVATO,-122.57325744628906,38.103168487548828
8721837,2018,2018-11-05,2106,2018-10-10,0414,NP0412,13012,3,5,4,2106,0,0,0,,0,NP1,"GRANT AV","7TH ST",256.00,W,N,A,-,N,,,,,,,,,,Y,4,0,1,2,A,-,08,22107,,N,B,E,A,A,H,-,C,D,0,,,Y,,Y,,A,01,0,0,1,0,0,0,0,0,0,"- ","- ",,,MARIN,NOVATO,-122.57918548583984,38.109207153320312
8722928,2018,2018-11-02,2109,2018-10-16,1959,551,15,2,5,5,2109,0,0,0,,0,002,"MISSION AV","HETHERTON ST",0.00,,Y,A,-,N,,,101,,,,,,,Y,4,0,2,2,A,-,12,21453,,N,D,C,A,A,H,-,C,A,0,,,,,Y,,A,01,0,0,2,0,0,0,0,0,0,"- ","- ",37.9739990234375,-122.52147674560547,MARIN,"SAN RAFAEL",-122.52124786376953,37.973926544189453
8723459,2018,2018-11-07,2103,2018-06-03,0934,164,WILLO,7,5,2,2103,0,0,0,,0,PAT,"SIR FRANCIS DRAKE BL","PASTORI AV",30.00,W,N,A,-,N,,,,,,,,,,N,3,0,1,2,A,-,06,21750,A,N,B,G,A,A,H,-,A,A,0,,Y,,,Y,,L,04,0,1,0,0,0,0,1,0,0,"- ","- ",37.986648559570312,-122.58242797851562,MARIN,FAIRFAX,-122.58255767822266,37.986671447753906
8723464,2018,2018-11-07,2103,2018-07-04,1632,156,WILLO,3,5,2,2103,0,0,0,,0,PAT,"SIR FRANCIS DRAKE BL","PASTORI AV",462.00,W,N,A,-,N,,,,,,,,,,N,3,0,2,3,B,-,22,,,N,C,C,A,A,H,-,A,D,0,,,,,Y,,A,07,0,1,1,0,0,0,0,0,0,"- ","- ",37.987010955810547,-122.58454132080078,MARIN,FAIRFAX,-122.58404541015625,37.986686706542969
8723926,2018,2018-11-20,2109,2018-11-06,1308,616,8,2,5,5,2109,0,0,0,,0,001,"MARQUARD AV","2ND ST",0.00,,Y,A,-,N,,,,,,,,,,N,3,0,1,2,A,-,03,22350,,N,C,C,A,A,H,-,A,A,0,,,,,Y,,A,01,0,1,0,0,0,0,0,0,0,"- ","- ",37.9739990234375,-122.54100036621094,MARIN,"SAN RAFAEL",-122.54139709472656,37.974079132080078
8723930,2018,2018-11-21,2109,2018-11-08,1529,566,5,4,5,5,2109,0,0,0,,0,001,"4TH ST","ROSS VALLEY DR",30.00,E,N,A,-,N,,,,,,,,,,N,3,0,1,2,A,-,03,22350,,N,C,C,A,A,H,-,A,A,0,,,,,Y,,A,01,0,1,0,0,0,0,0,0,0,"- ","- ",37.976688385009766,-122.55023956298828,MARIN,"SAN RAFAEL",-122.55027008056641,37.976203918457031
8723934,2018,2018-11-20,2109,2018-11-06,1827,527,29,2,5,5,2109,0,0,0,,0,004,"4TH ST","GRAND AV",0.00,,Y,A,-,N,,,,,,,,,,N,4,0,1,1,A,-,00,16001,,N,E,I,A,A,H,-,C,D,0,,,,,Y,,A,07,0,0,1,0,0,0,0,0,0,"- ","- ",37.971000671386719,-122.51000213623047,MARIN,"SAN RAFAEL",-122.5186767578125,37.971958160400391
8724516,2018,2018-10-23,2106,2018-09-27,0737,NP0386,13011,4,5,4,2106,0,0,0,,0,NP1,"CENTER RD","WILSON AV",12.00,E,N,A,-,N,,,,,,,,,,N,4,0,1,2,A,-,03,22350,,N,C,C,A,A,H,-,A,A,0,,,,,Y,,A,01,0,0,1,0,0,0,0,0,0,"- ","- ",,,MARIN,NOVATO,-122.59326171875,38.108394622802734
8724706,2018,2018-10-29,2106,2018-10-07,1021,NP0443,13032,7,5,4,2106,0,0,0,,0,NP3,"IGNACIO BL","LAURELWOOD DR",0.00,,Y,A,-,N,,,,,,,,,,Y,2,0,1,2,D,-,00,,,N,D,C,A,A,H,-,A,A,0,,,,,Y,,-,"- ",1,0,0,0,0,0,0,0,0,"- ","- ",,,MARIN,NOVATO,-122.56411743164062,38.071418762207031
8724718,2018,2018-10-24,2106,2018-10-05,1444,NP0373,13041,5,5,4,2106,0,0,0,,0,NP4,"SOUTH NOVATO BL","ROWLAND BL",20.00,N,N,A,-,N,,,,,,,,,,N,4,0,1,2,A,-,04,21703,,N,C,C,A,A,H,-,A,A,0,,,,,Y,,-,,0,0,1,0,0,0,0,0,0,"- ","- ",,,MARIN,NOVATO,-122.56520843505859,38.087974548339844
8724967,2018,2018-10-26,2109,2018-10-15,1316,616,36,1,5,5,2109,0,0,0,,0,002,"LINCOLN AV","IRWIN ST",0.00,,Y,A,-,N,,,,,,,,,,N,3,0,1,2,A,-,09,21801,A,N,D,C,A,A,H,-,A,D,0,,,,,Y,,D,73,0,1,0,0,0,0,0,0,0,"- ","- ",37.967628479003906,-122.52236938476562,MARIN,"SAN RAFAEL",-122.52175140380859,37.967430114746094
8725036,2018,2018-10-31,2109,2018-10-05,1112,575,46,5,5,5,2109,0,0,0,,0,,"MANUEL T FREITAS PKWY","DEL PRESIDIO BL",35.00,E,N,A,-,N,,,,,,,,,,N,4,0,1,2,A,-,09,21803,A,N,D,C,A,A,H,-,B,A,0,,,,,Y,,A,01,0,0,1,0,0,0,0,0,0,"- ","- ",38.007289886474609,-122.54393768310547,MARIN,"SAN RAFAEL",-122.54380798339844,38.007251739501953
8725266,2018,2018-10-24,2109,2018-10-14,1449,526,57,7,5,5,2109,0,0,0,,0,005,"LINCOLN AV","FAIR DR",300.00,N,N,A,-,N,,,,,,,,,,Y,3,0,1,1,A,-,08,22107,,N,E,I,A,A,H,-,A,D,0,,,,,Y,,A,01,0,1,0,0,0,0,0,0,0,"- ","- ",37.989238739013672,-122.52841186523438,MARIN,"SAN RAFAEL",-122.52838134765625,37.989181518554688
8725433,2018,2018-10-26,2109,2018-10-11,1439,534,46,4,5,5,2109,0,0,0,,0,005,"DEL PRESIDIO BL","MANUEL T FREITAS PKWY",0.00,,Y,A,-,N,,,,,,,,,,N,3,0,1,2,A,-,03,22350,,N,C,C,A,A,H,-,A,A,0,,,,,Y,,A,01,0,1,0,0,0,0,0,0,0,"- ","- ",38.007289886474609,-122.54393768310547,MARIN,"SAN RAFAEL",-122.54392242431641,38.007289886474609
8725461,2018,2018-10-26,2109,2018-10-08,0613,499,30,1,5,5,2109,0,0,0,,0,004,"POINT SAN PEDRO","MOORING RD",0.00,,Y,A,-,N,,,,,,,,,,N,4,0,1,3,A,-,08,22107,,M,B,E,A,A,H,-,C,D,0,,,,,Y,,A,08,0,0,1,0,0,0,0,0,0,"- ","- ",37.969081878662109,-122.50437927246094,MARIN,"SAN RAFAEL",-122.51023101806641,37.968059539794922
8726269,2018,2018-11-13,2103,2018-08-06,1621,153,WEST,1,5,2,2103,0,0,0,,0,PAT,"SIR FRANCIS DRAKE BL","JUNE CT",528.00,W,N,A,-,N,,,,,,,,,,N,2,0,1,1,A,-,03,22350,,N,F,A,A,A,B,-,A,D,0,,Y,,,Y,,L,04,1,0,0,0,0,0,1,0,0,"- ","- ",37.997219085693359,-122.59963226318359,MARIN,FAIRFAX,-122.60086822509766,37.999496459960938
8726273,2018,2018-11-07,2103,2018-08-04,1921,106,DNTN,6,5,2,2103,0,0,0,,0,PAT,BROADWAY,"PACHECO AV",306.00,W,N,A,-,N,,,,,,,,,,N,3,0,3,2,A,-,04,21703,,N,C,C,A,A,H,-,A,D,0,,,,,Y,,A,01,0,2,1,0,0,0,0,0,0,"- ","- ",37.986801147460938,-122.58827972412109,MARIN,FAIRFAX,-122.58827209472656,37.986991882324219
8726997,2018,2018-11-09,2106,2018-08-26,2210,NP0431,N301,7,5,4,2106,0,0,0,,0,NP3,"ALAMEDA DE LA LOMA","CALLE ARBOLEDA",0.00,,Y,A,-,N,,,,,,,,,,Y,4,0,1,2,A,-,09,21804,A,N,D,C,A,A,H,-,C,D,0,,,,,Y,,A,01,0,0,1,0,0,0,0,0,0,"- ","- ",,,MARIN,NOVATO,-122.54125213623047,38.064079284667969