CASE_ID,ACCIDENT_YEAR,PROC_DATE,JURIS,COLLISION_DATE,COLLISION_TIME,OFFICER_ID,REPORTING_DISTRICT,DAY_OF_WEEK,CHP_SHIFT,POPULATION,CNTY_CITY_LOC,SPECIAL_COND,BEAT_TYPE,CHP_BEAT_TYPE,CITY_DIVISION_LAPD,CHP_BEAT_CLASS,BEAT_NUMBER,PRIMARY_RD,SECONDARY_RD,DISTANCE,DIRECTION,INTERSECTION,WEATHER_1,WEATHER_2,STATE_HWY_IND,CALTRANS_COUNTY,CALTRANS_DISTRICT,STATE_ROUTE,ROUTE_SUFFIX,POSTMILE_PREFIX,POSTMILE,LOCATION_TYPE,RAMP_INTERSECTION,SIDE_OF_HWY,TOW_AWAY,COLLISION_SEVERITY,NUMBER_KILLED,NUMBER_INJURED,PARTY_COUNT,PRIMARY_COLL_FACTOR,PCF_CODE_OF_VIOL,PCF_VIOL_CATEGORY,PCF_VIOLATION,PCF_VIOL_SUBSECTION,HIT_AND_RUN,TYPE_OF_COLLISION,MVIW,PED_ACTION,ROAD_SURFACE,ROAD_COND_1,ROAD_COND_2,LIGHTING,CONTROL_DEVICE,CHP_ROAD_TYPE,PEDESTRIAN_ACCIDENT,BICYCLE_ACCIDENT,MOTORCYCLE_ACCIDENT,TRUCK_ACCIDENT,NOT_PRIVATE_PROPERTY,ALCOHOL_INVOLVED,STWD_VEHTYPE_AT_FAULT,CHP_VEHTYPE_AT_FAULT,COUNT_SEVERE_INJ,COUNT_VISIBLE_INJ,COUNT_COMPLAINT_PAIN,COUNT_PED_KILLED,COUNT_PED_INJURED,COUNT_BICYCLIST_KILLED,COUNT_BICYCLIST_INJURED,COUNT_MC_KILLED,COUNT_MC_INJURED,PRIMARY_RAMP,SECONDARY_RAMP,LATITUDE,LONGITUDE,COUNTY,CITY,POINT_X,POINT_Y
8727085,2018,2018-11-09,2103,2018-10-06,1228,2103,DNTN,6,5,2,2103,0,0,0,,0,PAT,"SIR FRANCIS DRAKE BL","TAYLOR DR",13.00,N,N,A,-,N,,,,,,,,,,N,3,0,1,2,A,-,03,22350,,N,C,C,A,A,H,-,A,A,0,,,,,Y,,A,01,0,1,0,0,0,0,0,0,0,"- ","- ",37.986808776855469,-122.58804321289062,MARIN,FAIRFAX,-122.58815765380859,37.987285614013672
8727860,2018,2018-11-05,2106,2018-09-15,1830,NP0323,13043,6,5,4,2106,0,0,0,,0,NP4,"3RD ST","VALLEJO AV",0.00,,Y,A,-,N,,,,,,,,,,Y,4,0,2,2,A,-,01,23152,,N,D,C,A,A,H,-,A,D,0,,,,,Y,Y,A,01,0,0,2,0,0,0,0,0,0,"- ","- ",,,MARIN,NOVATO,-122.57289123535156,38.1102294921875
8729292,2018,2018-11-14,2105,2018-10-27,1348,MV6233,90003,6,5,3,2105,0,0,0,,0,MV2,"EAST BLITHEDALE AV","LOMITA DR",740.00,,N,A,-,N,,,,,,,,,,Y,4,0,1,3,A,-,03,22350,,N,C,C,A,A,H,-,A,A,0,,,,,Y,,-,,0,0,1,0,0,0,0,0,0,"- ","- ",,,MARIN,"MILL VALLEY",-122.52651977539062,37.900798797607422
8731945,2018,2018-11-14,2109,2018-10-24,1441,592,22,3,5,5,2109,0,0,0,,0,003,"BELLAM BL","BELLAM BL 141",0.00,,Y,A,-,N,,,,,,,,,,N,3,0,1,2,A,-,"- ",,,N,D,G,A,A,H,-,A,D,0,,Y,,,Y,,-,"- ",0,1,0,0,0,0,1,0,0,"- ","- ",37.960990905761719,-122.50359344482422,MARIN,"SAN RAFAEL",-122.503471,37.961095999999998
8734132,2018,2018-11-19,2109,2018-10-18,1437,595,39,4,5,5,2109,0,0,0,,0,,"DU BOIS ST","RICE DR",0.00,,Y,A,-,N,,,,,,,,,,N,3,0,1,2,A,-,12,22450,A,N,A,C,A,A,H,-,A,D,0,,,,,Y,,A,01,0,1,0,0,0,0,0,0,0,"- ","- ",37.965778350830078,-122.51954650878906,MARIN,"SAN RAFAEL",-122.51953125,37.965778350830078
8734136,2018,2019-01-11,2109,2018-10-26,1943,583,0,5,5,5,2109,0,0,0,,0,003,"BELLAM BL","RT 101",0.00,,Y,A,-,Y,MRN,4,580,-,-,4.610,R,4,W,N,3,0,4,2,A,-,12,21453,A,N,D,C,A,A,H,-,C,A,0,,,,,Y,,D,72,0,4,0,0,0,0,0,0,0,"- ",NO,37.960289001464844,-122.50528717041016,MARIN,"SAN RAFAEL",-122.50845336914062,37.961841583251953
8735271,2018,2018-11-07,2106,2018-10-25,1355,NP0442,2106,4,5,4,2106,0,0,0,,0,SO21,"NOVATO BL","7TH ST",265.00,W,N,A,-,N,,,,,,,,,,N,4,0,1,2,A,-,08,22107,,N,C,C,A,A,H,-,A,D,0,,,,,Y,,-,,0,0,1,0,0,0,0,0,0,"- ","- ",,,MARIN,NOVATO,-122.57978057861328,38.106616973876953
8735279,2018,2018-11-07,2106,2018-10-13,2104,NP0429,3302,6,5,4,2106,0,0,0,,0,SO33,"ALAMEDA DEL PRADO","DUSEL CT",95.00,S,N,A,-,N,,,,,,,,,,Y,3,0,2,3,A,-,01,23152,A,N,B,B,A,A,H,-,D,D,0,,,,,Y,Y,-,,0,1,1,0,0,0,0,0,0,"- ","- ",,,MARIN,NOVATO,-122.53189849853516,38.058952331542969
8735460,2018,2018-11-27,2109,2018-11-01,1900,591,29,4,5,5,2109,0,0,0,,0,004,"GRAND AV","2ND ST",0.00,,Y,A,-,N,,,,,,,,,,Y,4,0,2,2,A,-,09,21801,A,F,D,C,A,A,H,-,C,A,0,,,,,Y,,A,01,0,0,2,0,0,0,0,0,0,"- ","- ",37.970348358154297,-122.51894378662109,MARIN,"SAN RAFAEL",-122.51898956298828,37.970310211181641
8735464,2018,2018-11-20,2109,2018-11-06,2100,500,35,2,5,5,2109,0,0,0,,0,001,"1ST ST","B ST",0.00,,Y,A,-,N,,,,,,,,,,N,4,0,1,2,A,-,10,21950,,F,G,B,B,A,H,-,C,D,0,Y,,,,Y,,-,,0,0,1,0,1,0,0,0,0,"- ","- ",37.969589233398438,-122.52924346923828,MARIN,"SAN RAFAEL",-122.52993011474609,37.970291137695312
8737245,2018,2019-01-11,2109,2018-10-17,1415,537,46,3,5,5,2109,0,0,0,,0,005,"NORTHGATE DR","FAISAN DR",100.00,N,N,A,-,N,,,,,,,,,,N,4,0,1,2,A,-,09,21804,,N,D,C,A,A,H,-,A,D,0,,,,,Y,,A,01,0,0,1,0,0,0,0,0,0,"- ","- ",38.006710052490234,-122.54560852050781,MARIN,"SAN RAFAEL",-122.54627227783203,38.001804351806641
8737563,2018,2018-11-30,2106,2018-10-18,1842,NP0448,13033,4,5,4,2106,0,0,0,,0,NP3,"SUNSET PKWY","SHON DR",336.00,E,N,A,-,N,,,,,,,,,,N,3,0,1,1,A,-,03,22350,,N,H,I,A,A,H,-,A,D,0,,Y,,,Y,,L,04,0,1,0,0,0,0,1,0,0,"- ","- ",,,MARIN,NOVATO,-122.56678771972656,38.080028533935547
8737792,2018,2019-02-14,2106,2018-10-13,0939,NP0386,13032,6,5,4,2106,0,0,0,,0,NP3,"IGNACIO BL","FAIRWAY DR",438.00,W,N,A,-,N,,,,,,,,,,Y,4,0,1,3,C,-,18,,,N,B,E,A,A,H,-,A,D,0,,,,,Y,,-,"- ",0,0,1,0,0,0,0,0,0,"- ","- ",,,MARIN,NOVATO,-122.55479431152344,38.069004058837891
8737989,2018,2018-11-28,2106,2018-10-30,1435,NP0420,13042,2,5,4,2106,0,0,0,,0,NP4,"7TH ST","GRANT AV",262.00,S,N,A,-,N,,,,,,,,,,N,4,0,1,2,A,-,09,21801,A,N,B,C,A,A,H,-,A,D,0,,,,,Y,,A,01,0,0,1,0,0,0,0,0,0,"- ","- ",,,MARIN,NOVATO,-122.57835388183594,38.108455657958984
8738163,2018,2019-02-12,2109,2018-11-13,2008,518,20,2,5,5,2109,0,0,0,,0,003,"BELLAM BL","EAST FRANCISCO BL",0.00,,Y,A,-,N,,,580,,,,,,,Y,4,0,1,2,A,-,12,21453,A,N,A,C,A,A,H,-,C,A,0,,,,,Y,,-,"- ",0,0,1,0,0,0,0,0,0,"- ","- ",37.95989990234375,-122.50447082519531,MARIN,"SAN RAFAEL",-122.50478363037109,37.959529876708984
8738238,2018,2019-01-23,2109,2018-11-06,1453,627,31,2,5,5,2109,0,0,0,,0,004,"POINT SAN PEDRO RD","LOCH LOMOND DR",0.00,,Y,A,-,N,,,,,,,,,,Y,3,0,3,2,A,-,09,21801,A,N,D,C,A,A,H,-,A,A,0,,,,Y,Y,,A,01,0,1,2,0,0,0,0,0,0,"- ","- ",37.974388122558594,-122.48457336425781,MARIN,"SAN RAFAEL",-122.48452758789062,37.974330902099609
8738378,2018,2019-01-22,2109,2018-11-04,1112,524,33,7,5,5,2109,0,0,0,,0,,"POINT SAN PEDRO","CANTERA WY",750.00,W,N,A,-,N,,,,,,,,,,N,4,0,1,1,A,-,08,22107,,N,H,I,A,A,G,H,A,A,0,,Y,,,Y,,L,04,0,0,1,0,0,0,1,0,0,"- ","- ",37.990478515625,-122.45783996582031,MARIN,"SAN RAFAEL",-122.45936584472656,37.988933563232422
8738382,2018,2019-01-15,2109,2018-11-02,2254,604,7,5,5,5,2109,0,0,0,,0,001,"D ST","2ND ST",0.00,,Y,A,-,N,,,,,,,,,,Y,3,0,1,2,A,-,12,21453,A,N,D,C,A,A,H,-,C,A,0,,,,,Y,Y,-,,0,1,0,0,0,0,0,0,0,"- ","- ",37.971549987792969,-122.53231048583984,MARIN,"SAN RAFAEL",-122.53231048583984,37.971561431884766
8738750,2018,2019-01-10,2109,2018-11-05,1520,627,20,1,5,5,2109,0,0,0,,0,003,"BELLAM BL","RT 101",0.00,,Y,A,-,Y,MRN,4,101,-,-,4.610,R,1,S,N,4,0,1,2,A,-,05,21650,1,M,H,G,A,A,H,-,A,A,0,,Y,,,Y,,L,04,0,0,1,0,0,0,1,0,0,"- ",NO,37.960590362548828,-122.50483703613281,MARIN,"SAN RAFAEL",-122.51685333251953,37.887081146240234
8739584,2018,2018-12-13,2109,2018-11-18,1327,616,46,7,5,5,2109,0,0,0,,0,005,"DEL PRESIDIO BL","FREITAS PKWY",0.00,,Y,A,-,N,,,,,,,,,,N,4,0,1,2,A,-,17,21461,,N,D,C,A,A,H,-,A,A,0,,,,,Y,,A,01,0,0,1,0,0,0,0,0,0,"- ","- ",38.007289886474609,-122.54393768310547,MARIN,"SAN RAFAEL",-122.543938,38.007289999999998
8740267,2018,2018-11-28,2109,2018-11-05,0940,433,32,1,5,5,2109,0,0,0,,0,,"W CASTLEWOOD DR","KNIGHT DR",125.00,W,N,A,-,N,,,,,,,,,,N,4,0,2,2,A,-,21,22106,,N,D,C,A,A,H,-,A,D,0,,,,,Y,,A,01,0,0,2,0,0,0,0,0,0,"- ","- ",37.98468017578125,-122.47855377197266,MARIN,"SAN RAFAEL",-122.47838592529297,37.984546661376953
8742319,2018,2019-01-28,2106,2018-11-21,1000,NP0352,13012,3,5,4,2106,0,0,0,,0,NP1,"REDWOOD BL","GRANT AV",354.00,S,N,C,-,N,,,,,,,,,,N,3,0,1,2,A,-,11,21456,B,N,G,B,C,B,H,-,A,A,0,Y,,,,Y,Y,N,60,0,1,0,0,1,0,0,0,0,"- ","- ",,,MARIN,NOVATO,-122.57076263427734,38.106643676757812
8744207,2018,2018-11-28,2106,2018-11-01,1426,NP0388,13030,4,5,4,2106,0,0,0,,0,NP3,"BEL MARIN KEYS BL","NAVE DR",120.00,E,N,A,-,N,,,,,,,,,,Y,4,0,3,2,A,-,07,21658,A,N,D,C,A,A,H,-,A,D,0,,,,,Y,,A,01,0,0,3,0,0,0,0,0,0,"- ","- ",,,MARIN,NOVATO,-122.53650665283203,38.066692352294922
8744211,2018,2019-01-11,2106,2018-11-06,1543,NP0352,13021,2,5,4,2106,0,0,0,,0,NP2,"ROWLAND BL","RT 101",47.00,W,N,A,-,Y,MRN,4,101,-,-,19.958,R,4,N,Y,4,0,1,2,A,-,03,22350,,N,C,C,A,A,H,-,A,A,0,,,,,Y,,A,01,0,0,1,0,0,0,0,0,0,"- ",NF,,,MARIN,NOVATO,-122.55635070800781,38.089736938476562
8745041,2018,2019-02-20,2109,2018-11-18,1225,616,0,7,5,5,2109,0,0,0,,0,003,"BELLAM BL","RT 580",0.00,,Y,A,-,Y,MRN,4,580,-,-,4.622,R,4,E,N,3,0,1,2,A,-,10,21950,,N,H,G,A,A,H,-,A,A,0,,Y,,,Y,,A,01,0,1,0,0,0,0,1,0,0,"- ","- ",37.960289001464844,-122.50528717041016,MARIN,"SAN RAFAEL",-122.50901794433594,37.961830139160156
8745570,2018,2018-12-28,2106,2018-11-09,0656,NP0419,13021,5,5,4,2106,0,0,0,,0,NP2,"DIABLO AV","1ST ST",0.00,,Y,A,-,N,,,,,,,,,,N,4,0,1,2,A,-,21,22106,,N,D,G,A,A,-,-,A,D,0,,Y,,,Y,,A,01,0,0,1,0,0,0,1,0,0,"- ","- ",,,MARIN,NOVATO,-122.571691,38.104362000000002
8746160,2018,2018-12-03,2106,2018-10-30,1402,NP0399,13042,2,5,4,2106,0,0,0,,0,NP4,"ROWLAND BL","REDWOOD BL",12.00,E,N,A,-,N,,,,,,,,,,N,3,0,2,2,A,-,03,22350,,N,C,C,A,A,H,-,A,A,0,,,,,Y,,-,,0,1,1,0,0,0,0,0,0,"- ","- ",,,MARIN,NOVATO,-122.56183624267578,38.090511322021484
8746217,2018,2019-01-26,2106,2018-11-06,1810,NP0412,13032,2,5,4,2106,0,0,0,,0,NP3,"ALAMEDA DEL PRADO","NAVE DR",0.00,,Y,A,-,N,,,,,,,,,,N,4,0,1,2,A,-,10,21950,A,F,G,B,B,A,H,-,B,D,0,Y,,,,Y,,A,01,0,0,1,0,1,0,0,0,0,"- ","- ",,,MARIN,NOVATO,-122.53359985351562,38.048358917236328
8746221,2018,2019-01-26,2106,2018-11-06,1800,NP0415,13041,2,5,4,2106,0,0,0,,0,NP4,"DIABLO AV","CENTER RD",6.00,N,N,A,-,N,,,,,,,,,,N,4,0,1,2,A,-,10,21950,A,N,G,B,B,A,H,-,C,A,0,Y,,,,Y,,A,01,0,0,1,0,1,0,0,0,0,"- ","- ",,,MARIN,NOVATO,-122.57530975341797,38.100383758544922
8747210,2018,2018-12-07,2109,2018-11-11,1854,609,23,7,5,5,2109,0,0,0,,0,003,"SHORELINE PKWY","KERNER BL",327.00,E,N,A,-,N,,,,,,,,,,N,4,0,1,2,A,-,09,21804,A,N,D,C,A,A,H,-,A,D,0,,,,,Y,,A,01,0,0,1,0,0,0,0,0,0,"- ","- ",37.953010559082031,-122.492919921875,MARIN,"SAN RAFAEL",-122.49279022216797,37.951869964599609
8747281,2018,2019-01-10,2106,2018-11-11,1448,NP0420,13032,7,5,4,2106,0,0,0,,0,NP3,"ALAMEDA DEL PRADO","CLAY CT",324.00,N,N,A,-,N,,,,,,,,,,N,4,0,1,2,A,-,09,21802,A,N,C,C,A,A,H,-,A,A,0,,,,,Y,,D,22,0,0,1,0,0,0,0,0,0,"- ","- ",,,MARIN,NOVATO,-122.53311157226562,38.049163818359375
8747353,2018,2019-01-09,2109,2018-11-14,1736,527,7,3,5,5,2109,0,0,0,,0,001,"5TH AV","E ST",128.00,E,N,A,-,N,,,,,,,,,,Y,3,0,2,2,A,-,08,22107,,N,A,C,A,A,H,-,C,D,0,,,,,Y,Y,A,01,0,2,0,0,0,0,0,0,0,"- ","- ",37.974681854248047,-122.53312683105469,MARIN,"SAN RAFAEL",-122.53266906738281,37.974586486816406
8747357,2018,2019-01-09,2109,2018-11-16,1423,628,7,5,5,5,2109,0,0,0,,0,001,"4TH ST","G ST",0.00,,Y,A,-,N,,,,,,,,,,Y,3,0,1,2,A,-,09,21804,A,N,D,D,A,A,H,-,A,A,0,,,,,Y,,A,01,0,1,0,0,0,0,0,0,0,"- ","- ",37.97406005859375,-122.53740692138672,MARIN,"SAN RAFAEL",-122.53746795654297,37.974079132080078
8747443,2018,2018-12-28,2109,2018-11-06,1555,616,19,2,5,5,2109,0,0,0,,0,003,"MEDWAY AV","CANAL ST",16.00,S,N,A,-,N,,,,,,,,,,N,2,0,1,2,A,-,11,21955,,N,G,B,D,A,H,-,A,D,0,Y,,,,Y,,N,60,1,0,0,0,1,0,0,0,0,"- ","- ",37.965198516845703,-122.50829315185547,MARIN,"SAN RAFAEL",-122.50833892822266,37.965137481689453
8752550,2018,2019-01-18,2109,2018-11-25,1741,575,32,7,5,5,2109,0,0,0,,0,,"POINT SAN PEDRO RD","KNIGHT DR",19.00,S,N,A,-,N,,,,,,,,,,N,4,0,1,2,A,-,09,21802,A,N,D,C,A,A,H,-,C,A,0,,,,,Y,,A,01,0,0,1,0,0,0,0,0,0,"- ","- ",37.981281280517578,-122.473876953125,MARIN,"SAN RAFAEL",-122.47403717041016,37.981307983398438
8753063,2018,2019-01-26,2109,2018-12-06,1830,268,20,4,5,5,2109,0,0,0,,0,003,"BELLAM BL","LISBON ST",0.00,,Y,A,-,N,,,,,,,,,,N,2,0,1,2,A,-,05,21650,,N,H,G,A,A,H,-,C,A,0,,Y,,,Y,,L,04,1,0,0,0,0,0,1,0,0,"- ","- ",37.960990905761719,-122.50359344482422,MARIN,"SAN RAFAEL",-122.50360107421875,37.9610595703125
8753067,2018,2019-01-26,2109,2018-12-07,0729,534,48,5,5,5,2109,0,0,0,,0,006,"DEL GANADO RD","LAS RAPOSA RD",0.00,,Y,A,-,N,,,,,,,,,,N,3,0,1,2,A,-,03,22350,,N,C,G,A,A,H,-,A,D,0,,Y,,,Y,,A,01,0,1,0,0,0,0,1,0,0,"- ","- ",38.014778137207031,-122.56170654296875,MARIN,"SAN RAFAEL",-122.56169891357422,38.014839172363281
8753740,2018,2019-01-31,2110,2018-12-10,1323,SP5240,10001,1,5,2,2110,0,0,0,,0,SP2,"HARBOR DR","LIGHT POLE 450P",80.00,W,N,A,-,N,,,,,,,,,,N,3,0,2,3,A,-,09,21804,A,N,D,C,A,-,H,-,A,D,0,,,,,Y,,A,01,0,1,1,0,0,0,0,0,0,"- ","- ",,,MARIN,SAUSALITO,,
8756528,2018,2019-01-30,2106,2018-12-07,1730,NP0387,13041,5,5,4,2106,0,0,0,,0,NP4,"NOVATO BL","FAWN CT",13.00,E,N,A,-,N,,,,,,,,,,N,4,0,2,2,A,-,03,22350,,N,C,C,A,A,H,-,C,D,0,,,,,Y,,A,01,0,0,2,0,0,0,0,0,0,"- ","- ",,,MARIN,NOVATO,-122.57683563232422,38.105255126953125
8756531,2018,2018-12-21,2108,2018-11-16,0945,094,3,5,5,3,2108,0,0,0,,0,004,"SAN ANSELMO AV","TUNSTEAD AV",0.00,,Y,A,-,N,,,,,,,,,,N,3,0,1,2,A,-,09,21802,A,N,H,G,A,A,H,-,A,A,0,,Y,,,Y,,A,07,0,1,0,0,0,0,1,0,0,"- ","- ",37.974361419677734,-122.56217956542969,MARIN,"SAN ANSELMO",-122.5623779296875,37.974449157714844
8756535,2018,2019-01-08,2104,2018-11-12,1345,103,1B,1,5,3,2104,0,0,0,,0,003,"VIA CASITAS","VIA HOLON",195.00,N,N,A,-,N,,,,,,,,,,N,3,0,1,2,A,-,05,21650,A,N,D,G,A,A,H,-,A,A,0,,Y,,,Y,,L,04,0,1,0,0,0,0,1,0,0,"- ","- ",37.945640563964844,-122.53234100341797,MARIN,LARKSPUR,-122.53120422363281,37.946453094482422
8758464,2018,2018-12-18,2104,2018-10-13,2139,100,1,6,5,3,2104,0,0,0,,0,002,"DOHERTY DR","ROSE LN",0.00,,Y,A,-,N,,,,,,,,,,Y,3,0,6,2,A,-,03,22350,,N,C,C,A,A,H,-,C,D,0,,,,,Y,,A,01,0,6,0,0,0,0,0,0,0,"- ","- ",37.937999725341797,-122.53008270263672,MARIN,LARKSPUR,-122.530528,37.938096999999999
8758468,2018,2018-12-18,2104,2018-10-30,0715,103,1,2,5,3,2104,0,0,0,,0,002,"MAGNOLIA AV","WARD ST",0.00,,Y,A,-,N,,,,,,,,,,N,3,0,1,2,A,-,09,21801,A,N,D,C,A,A,H,-,A,A,0,,,,,Y,,A,01,0,1,0,0,0,0,0,0,0,"- ","- ",37.936000823974609,-122.53500366210938,MARIN,LARKSPUR,-122.53518676757812,37.936058044433594
8758472,2018,2018-12-18,2108,2018-10-30,1212,094,3,2,5,3,2108,0,0,0,,0,004,"SIR FRANCIS DRAKE BL","SAUNDERS AV",22.00,W,N,A,-,N,,,,,,,,,,N,3,0,1,2,A,-,10,21950,A,N,G,B,B,A,H,-,A,A,0,Y,,,,Y,,A,01,0,1,0,0,1,0,0,0,0,"- ","- ",37.983001708984375,-122.57050323486328,MARIN,"SAN ANSELMO",-122.57047271728516,37.983264923095703
8758645,2018,2018-12-19,2108,2018-09-25,1305,094,3,2,5,3,2108,0,0,0,,0,004,"BUTTERFIELD RD","KENRICK DR",56.00,S,N,A,-,N,,,,,,,,,,N,3,0,1,1,A,-,03,22350,,N,E,J,A,A,A,-,A,D,0,,Y,,,Y,,L,04,0,1,0,0,0,0,1,0,0,"- ","- ",37.994998931884766,-122.57700347900391,MARIN,"SAN ANSELMO",-122.57666778564453,37.995941162109375
8758649,2018,2018-12-19,2104,2018-09-16,1147,094,1,7,5,3,2104,0,0,0,,0,002,"DOHERTY DR","ROSE LN",252.00,E,N,A,-,N,,,,,,,,,,N,3,0,1,1,A,-,03,22350,,N,E,J,A,A,B,-,A,D,0,,Y,,,Y,,L,04,0,1,0,0,0,0,1,0,0,"- ","- ",37.937999725341797,-122.53050231933594,MARIN,LARKSPUR,-122.529686,37.938101000000003
8758681,2018,2018-12-20,2108,2018-09-26,2157,026,3,3,5,3,2108,0,0,0,,0,004,"SIR FRANCIS DRAKE BL","SAN FRANCISCO BL",238.00,E,N,A,-,N,,,,,,,,,,Y,2,0,2,2,A,-,09,21804,A,N,D,C,A,A,H,-,C,D,0,,,,,Y,,A,01,1,0,1,0,0,0,0,0,0,"- ","- ",37.981998443603516,-122.56700134277344,MARIN,"SAN ANSELMO",-122.56827545166016,37.981922149658203
8758685,2018,2019-01-11,2104,2018-09-30,1715,057,,7,5,3,2104,0,0,0,,0,,"EAST SIR FRANCIS DRAKE BL","RT 101",12.00,W,N,A,-,N,,,,,,,,,,Y,4,0,1,2,A,-,03,22350,,N,C,C,A,A,H,-,A,A,0,,,,,Y,,A,01,0,0,1,0,0,0,0,0,0,"- ","- ",37.944999694824219,-122.50700378417969,MARIN,LARKSPUR,-122.51502990722656,37.944534301757812
8758817,2018,2018-12-21,2108,2018-11-18,1750,036,3,7,5,3,2108,0,0,0,,0,004,"RED HILL AV","FORBES AV",85.00,E,N,F,-,N,,,,,,,,,,N,3,0,1,1,C,-,18,,,N,H,H,A,A,H,-,D,D,0,,,Y,,Y,,-,"- ",0,1,0,0,0,0,0,0,1,"- ","- ",37.976711273193359,-122.55290222167969,MARIN,"SAN ANSELMO",-122.55255126953125,37.976673126220703
8759019,2018,2019-01-29,2108,2018-12-04,1844,098,3,2,5,3,2108,0,0,0,,0,004,"RED HILL AV","ESSEX ST",59.00,E,N,B,C,N,,,,,,,,,,N,3,0,1,2,A,-,03,22350,,N,C,C,A,B,H,-,C,D,0,,,,,Y,,A,01,0,1,0,0,0,0,0,0,0,"- ","- ",37.976570129394531,-122.55895233154297,MARIN,"SAN ANSELMO",-122.55878448486328,37.976535797119141
8759046,2018,2018-12-21,2117,2018-09-15,1255,057,2A,6,5,2,2102,0,0,0,,0,002,"TAMAL VISTA BL","TAMAL PLAZA DR",172.00,N,N,A,-,N,,,,,,,,,,N,4,0,1,2,A,-,21,22106,,N,C,C,A,A,H,-,A,D,0,,,,,Y,,A,07,0,0,1,0,0,0,0,0,0,"- ","- ",37.935211181640625,-122.51864624023438,MARIN,"CORTE MADERA",-122.51876831054688,37.935676574707031
8759078,2018,2018-12-19,2104,2018-10-07,1755,036,1C,7,5,3,2104,0,0,0,,0,003,"SIR FRANCIS DRAKE BL","LARKSPUR LANDING CIR",425.00,E,N,A,-,N,,,,,,,,,,Y,3,0,1,2,A,-,03,22350,,N,E,I,A,A,H,-,A,D,0,,,,,Y,,D,22,0,1,0,0,0,0,0,0,0,"- ","- ",37.946998596191406,-122.50800323486328,MARIN,LARKSPUR,-122.51029968261719,37.946414947509766
8759082,2018,2018-12-19,2104,2018-11-04,1150,104,,7,5,3,2104,0,0,0,,0,,"MAGNOLIA AV","WARD ST",11.00,E,N,A,-,N,,,,,,,,,,N,3,0,1,2,A,-,10,21950,A,N,G,B,B,A,H,-,A,A,0,Y,,,,Y,,D,23,0,1,0,0,1,0,0,0,0,"- ","- ",37.936000823974609,-122.53500366210938,MARIN,LARKSPUR,-122.53517913818359,37.936088562011719
8760589,2018,2019-01-29,2109,2018-12-12,1737,500,10,3,5,5,2109,0,0,0,,0,001,"2ND ST","SHAVER ST",0.00,,Y,A,-,N,,,,,,,,,,Y,3,0,1,2,A,-,12,21453,A,N,D,C,A,A,H,-,C,A,0,,,Y,,Y,,A,01,0,1,0,0,0,0,0,0,1,"- ","- ",37.971809387207031,-122.53489685058594,MARIN,"SAN RAFAEL",-122.53486633300781,37.971828460693359
8760593,2018,2019-01-29,2109,2018-12-12,1831,500,11,3,5,5,2109,0,0,0,,0,001,"D ST","WOLFE AV",733.00,S,N,A,-,N,,,,,,,,,,Y,3,0,1,1,A,-,08,22107,,N,F,A,A,A,H,-,C,D,0,,,,,Y,,A,01,0,1,0,0,0,0,0,0,0,"- ","- ",37.962841033935547,-122.53294372558594,MARIN,"SAN RAFAEL",-122.53285980224609,37.962791442871094
8760901,2018,2019-01-11,2103,2018-11-26,1500,156,DNTN,1,5,2,2103,0,0,0,,0,PAT,BROADWAY,"BOLINAS RD",0.00,,Y,A,-,N,,,,,,,,,,N,3,0,1,2,A,-,11,21950,B,N,G,B,B,A,H,-,A,A,0,Y,,,,Y,Y,N,60,0,1,0,0,1,0,0,0,0,"- ","- ",37.986949920654297,-122.58908843994141,MARIN,FAIRFAX,-122.58889007568359,37.987049102783203
8760951,2018,2019-01-17,2109,2018-12-07,0811,606,19,5,5,5,2109,0,0,0,,0,003,"HARBOR ST","MILL ST",0.00,,Y,A,-,N,,,,,,,,,,Y,2,0,3,3,A,-,09,21804,A,N,D,C,F,A,H,-,A,D,0,Y,,,,Y,,D,22,1,1,1,0,1,0,0,0,0,"- ","- ",37.965789794921875,-122.51384735107422,MARIN,"SAN RAFAEL",-122.51262664794922,37.966510772705078
8761068,2018,2019-01-30,2103,2018-12-20,1736,156,DNTN,4,5,2,2103,0,0,0,,0,PAT,BROADWAY,"PACHECO AV",119.00,W,N,A,-,N,,,,,,,,,,N,3,0,1,2,A,-,21,22106,,N,H,G,A,A,H,-,C,D,0,,Y,,,Y,,L,04,0,1,0,0,0,0,1,0,0,"- ","- ",37.986640930175781,-122.58748626708984,MARIN,FAIRFAX,-122.58763122558594,37.986930847167969
8761524,2018,2019-01-12,2109,2018-12-26,2214,551,10,3,5,5,2109,0,0,0,,0,,"CLORINDA AV","LOS ROBLES DR",51.00,W,N,A,-,N,,,,,,,,,,Y,3,0,1,2,A,-,03,22350,,N,D,C,A,A,H,-,C,D,0,,,,,Y,,A,01,0,1,0,0,0,0,0,0,0,"- ","- ",37.968368530273438,-122.54078674316406,MARIN,"SAN RAFAEL",-122.54058837890625,37.968402862548828
8761532,2018,2019-01-12,2109,2018-12-30,1252,627,26,7,5,5,2109,0,0,0,,0,004,"3RD ST","GRAND AV",0.00,,Y,A,-,N,,,,,,,,,,N,3,0,1,2,A,-,10,21950,A,N,G,B,B,A,H,-,A,A,0,Y,,,,Y,,A,01,0,1,0,0,1,0,0,0,0,"- ","- ",37.970970153808594,-122.51882934570312,MARIN,"SAN RAFAEL",-122.51886749267578,37.970970153808594
8761540,2018,2019-01-12,2109,2018-12-29,1722,615,50,6,5,5,2109,0,0,0,,0,005,"MANUEL T FREITAS PKWY","LAS GALLINAS AV",0.00,,Y,A,-,N,,,,,,,,,,N,3,0,1,2,A,-,11,21955,,N,G,B,D,A,H,-,C,A,0,Y,,,,Y,,N,60,0,1,0,0,1,0,0,0,0,"- ","- ",38.009658813476562,-122.54894256591797,MARIN,"SAN RAFAEL",-122.54904937744141,38.009441375732422