CASE_ID,ACCIDENT_YEAR,PROC_DATE,JURIS,COLLISION_DATE,COLLISION_TIME,OFFICER_ID,REPORTING_DISTRICT,DAY_OF_WEEK,CHP_SHIFT,POPULATION,CNTY_CITY_LOC,SPECIAL_COND,BEAT_TYPE,CHP_BEAT_TYPE,CITY_DIVISION_LAPD,CHP_BEAT_CLASS,BEAT_NUMBER,PRIMARY_RD,SECONDARY_RD,DISTANCE,DIRECTION,INTERSECTION,WEATHER_1,WEATHER_2,STATE_HWY_IND,CALTRANS_COUNTY,CALTRANS_DISTRICT,STATE_ROUTE,ROUTE_SUFFIX,POSTMILE_PREFIX,POSTMILE,LOCATION_TYPE,RAMP_INTERSECTION,SIDE_OF_HWY,TOW_AWAY,COLLISION_SEVERITY,NUMBER_KILLED,NUMBER_INJURED,PARTY_COUNT,PRIMARY_COLL_FACTOR,PCF_CODE_OF_VIOL,PCF_VIOL_CATEGORY,PCF_VIOLATION,PCF_VIOL_SUBSECTION,HIT_AND_RUN,TYPE_OF_COLLISION,MVIW,PED_ACTION,ROAD_SURFACE,ROAD_COND_1,ROAD_COND_2,LIGHTING,CONTROL_DEVICE,CHP_ROAD_TYPE,PEDESTRIAN_ACCIDENT,BICYCLE_ACCIDENT,MOTORCYCLE_ACCIDENT,TRUCK_ACCIDENT,NOT_PRIVATE_PROPERTY,ALCOHOL_INVOLVED,STWD_VEHTYPE_AT_FAULT,CHP_VEHTYPE_AT_FAULT,COUNT_SEVERE_INJ,COUNT_VISIBLE_INJ,COUNT_COMPLAINT_PAIN,COUNT_PED_KILLED,COUNT_PED_INJURED,COUNT_BICYCLIST_KILLED,COUNT_BICYCLIST_INJURED,COUNT_MC_KILLED,COUNT_MC_INJURED,PRIMARY_RAMP,SECONDARY_RAMP,LATITUDE,LONGITUDE,COUNTY,CITY,POINT_X,POINT_Y
8889503,2019,2019-07-12,2105,2019-06-09,1506,MV6217,90001,7,5,3,2105,0,0,0,,0,MV2,"MILLER AV","GOMEZ WY",298.00,N,N,A,-,N,,,,,,,,,,N,4,0,1,2,A,-,08,22107,,N,D,G,A,A,H,-,A,A,0,,Y,,,Y,,A,01,0,0,1,0,0,0,1,0,0,"- ","- ",,,MARIN,"MILL VALLEY",-122.53167724609375,37.893459320068359
8890015,2019,2019-07-16,2106,2019-06-06,1354,NP0303,13030,4,5,4,2106,0,0,0,,0,NP3,"NAVE DR","BEL MARIN KEYS BL",0.00,,Y,A,-,N,,,,,,,,,,N,4,0,1,2,A,-,08,22107,,N,B,C,A,A,H,-,A,A,0,,,,,Y,,A,01,0,0,1,0,0,0,0,0,0,"- ","- ",,,MARIN,NOVATO,-122.53682708740234,38.066478729248047
8890479,2019,2019-07-18,2106,2019-06-29,1111,NP0386,13012,6,5,4,2106,0,0,0,,0,NP1,"7TH ST","GRANT AV",388.00,S,N,A,-,N,,,,,,,,,,Y,3,0,2,1,A,-,08,22107,,N,E,I,A,A,H,-,A,D,0,,,,,Y,,A,01,0,1,1,0,0,0,0,0,0,"- ","- ",,,MARIN,NOVATO,-122.57836151123047,38.108108520507812
8890645,2019,2019-08-28,2106,2019-06-13,0740,NP0458,13042,4,5,4,2106,0,0,0,,0,NP4,"ROWLAND BL","RT 101",0.00,,Y,A,-,Y,MRN,4,101,-,R,20.424,R,4,S,Y,3,0,3,5,A,-,12,21453,A,N,D,C,A,A,H,-,A,A,0,,,,,Y,,D,22,0,2,1,0,0,0,0,0,0,"- ",SF,,,MARIN,NOVATO,-122.56134033203125,38.095161437988281
8890998,2019,2019-07-16,2106,2019-06-26,1747,NP0413,13012,3,5,4,2106,0,0,0,,0,NP1,"GRANT AV","7TH ST",432.00,W,N,A,-,N,,,,,,,,,,N,4,0,1,2,A,-,21,22106,,N,B,C,A,A,H,-,A,D,0,,,,,Y,,A,01,0,0,1,0,0,0,0,0,0,"- ","- ",,,MARIN,NOVATO,-122.57980346679688,38.109233856201172
8891806,2019,2020-01-10,2109,2019-10-08,1037,627,14,2,5,5,2109,0,0,0,,0,002,"MISSION AV","NYE ST",0.00,,Y,A,-,N,,,,,,,,,,N,3,0,1,2,A,-,10,21950,A,N,A,B,E,A,H,-,A,D,0,Y,,,,Y,,A,01,0,1,0,0,1,0,0,0,0,"- ","- ",37.974578857421875,-122.52509307861328,MARIN,"SAN RAFAEL",-122.52507019042969,37.97454833984375
8891810,2019,2020-01-10,2109,2019-10-07,1814,595,17,1,5,5,2109,0,0,0,,0,002,"HETHERTON ST","3RD ST",84.00,N,N,A,-,N,,,,,,,,,,N,4,0,1,2,A,-,03,22350,,N,C,C,A,A,H,-,A,A,0,,,,,Y,,A,01,0,0,1,0,0,0,0,0,0,"- ","- ",37.971408843994141,-122.52223205566406,MARIN,"SAN RAFAEL",-122.52217102050781,37.971652984619141
8891814,2019,2020-01-10,2109,2019-10-09,1735,518,7,3,5,5,2109,0,0,0,,0,001,"4TH ST","EL CAMINO AV",106.00,W,N,A,-,N,,,,,,,,,,Y,3,0,2,3,A,-,03,22350,,N,A,C,A,A,H,-,A,D,0,,,,,Y,,A,07,0,2,0,0,0,0,0,0,0,"- ","- ",37.973991394042969,-122.53978729248047,MARIN,"SAN RAFAEL",-122.53975677490234,37.974246978759766
8892608,2019,2019-08-05,2110,2019-07-11,1504,SP5234,10001,4,5,2,2110,0,0,0,,0,SP2,BRIDGEWAY,"LOCUST ST",0.00,,Y,A,-,N,,,,,,,,,,N,3,0,1,2,A,-,06,21755,,N,B,G,A,A,H,-,A,D,0,,Y,,,Y,,L,04,0,1,0,0,0,0,1,0,0,"- ","- ",,,MARIN,SAUSALITO,-122.48673248291016,37.859981536865234
8895361,2019,2019-07-15,2105,2019-06-18,1627,MV6206,MV9,2,5,3,2105,0,0,0,,0,MV1,"EAST BLITHEDALE AV","GROVE ST",125.00,W,N,A,-,N,,,,,,,,,,Y,4,0,1,3,A,-,03,22350,,N,C,C,C,A,H,-,A,A,0,Y,,Y,,Y,,C,02,0,0,1,0,0,0,0,0,0,"- ","- ",,,MARIN,"MILL VALLEY",-122.54365539550781,37.905014038085938
8896016,2019,2019-11-27,2111,2019-06-30,1805,TP7338,12001,7,5,2,2111,0,0,0,,0,TP1,"TIBURON BL","ROCKHILL RD",0.00,,Y,A,-,Y,MRN,4,131,-,-,2.720,H,-,W,N,4,0,1,2,A,-,03,22350,,N,C,C,A,A,H,-,A,A,0,,,,,Y,,A,01,0,0,1,0,0,0,0,0,0,"- ","- ",37.532039642333984,-122.28397369384766,MARIN,TIBURON,-122.47812652587891,37.889488220214844
8898551,2019,2019-07-18,2110,2019-06-15,1426,SP5253,10006,6,5,2,2110,0,0,0,,0,SP2,BRIDGEWAY,"TURNEY ST",0.00,,Y,A,-,N,,,,,,,,,,N,4,0,1,2,A,-,08,22107,,N,D,G,A,A,H,-,A,D,0,,Y,,,Y,,L,04,0,0,1,0,0,0,1,0,0,"- ","- ",,,MARIN,SAUSALITO,-122.48583221435547,37.859569549560547
8899645,2019,2019-08-01,2106,2019-07-12,0916,NP0386,13011,5,5,4,2106,0,0,0,,0,NP1,"WILSON AV","MONTE VISTA",0.00,,Y,A,-,N,,,,,,,,,,N,4,0,1,2,A,-,09,21802,A,N,H,G,A,A,H,-,A,A,0,,Y,,,Y,,A,01,0,0,1,0,0,0,1,0,0,"- ","- ",,,MARIN,NOVATO,-122.59205627441406,38.110141754150391
8899677,2019,2019-08-01,2106,2019-07-08,1916,NP0399,13040,1,5,4,2106,0,0,0,,0,NP4,"ROWLAND BL","LEAFWOOD DR",17.00,W,N,A,-,N,,,,,,,,,,N,2,0,1,2,A,-,10,21954,B,N,G,B,D,A,H,-,A,A,0,Y,,,,Y,,A,01,1,0,0,0,1,0,0,0,0,"- ","- ",,,MARIN,NOVATO,-122.56307983398438,38.089588165283203
8900579,2019,2019-07-26,2106,2019-06-27,1305,0415,13041,4,5,4,2106,0,0,0,,0,NP4,"HOTCHKIN DR","DEL MAR AV",90.00,E,N,A,-,N,,,,,,,,,,Y,3,0,1,1,A,-,21,22106,,N,H,I,A,A,H,-,A,D,0,,,,,Y,,A,01,0,1,0,0,0,0,0,0,0,"- ","- ",,,MARIN,NOVATO,-122.57748413085938,38.099628448486328
8900583,2019,2019-07-26,2106,2019-06-28,2103,NP0458,13020,5,5,4,2106,0,0,0,,0,NP2,"OLIVE AV","DEER ISLAND LN",266.00,E,N,A,-,N,,,,,,,,,,Y,4,0,1,1,C,-,18,,,N,E,I,A,A,H,-,D,D,0,,,,,Y,,-,"- ",0,0,1,0,0,0,0,0,0,"- ","- ",,,MARIN,NOVATO,-122.5411376953125,38.104232788085938
8904536,2019,2019-09-09,2109,2019-08-08,1032,629,41,4,5,5,2109,0,0,0,,0,003,"BELLAM BL","RT 580",226.00,W,N,A,-,N,,,580,,,,,,,N,3,0,1,2,A,-,09,21801,,N,D,D,A,A,H,-,A,D,0,,,Y,,Y,,-,,0,1,0,0,0,0,0,0,1,"- ",WO,37.959140777587891,-122.50554656982422,MARIN,"SAN RAFAEL",-122.50515747070312,37.959621429443359
8905898,2019,2019-09-03,2110,2019-07-18,1720,SP5266,10001,4,5,2,2110,0,0,0,,0,SP2,BRIDGEWAY,"COLOMA ST",0.00,,Y,B,-,N,,,,,,,,,,N,4,0,1,2,A,-,08,22107,,N,B,C,A,A,H,-,A,A,0,,,,,Y,,A,01,0,0,1,0,0,0,0,0,0,"- ","- ",,,MARIN,SAUSALITO,-122.50260162353516,37.86859130859375
8906646,2019,2019-08-05,2109,2019-07-10,1923,613,26,3,5,5,2109,0,0,0,,0,,"3RD ST","GRAND AV",0.00,,Y,A,-,N,,,,,,,,,,N,3,0,1,2,A,-,10,21950,A,N,G,B,B,A,H,-,A,A,0,Y,,,,Y,,A,01,0,1,0,0,1,0,0,0,0,"- ","- ",37.970348358154297,-122.51894378662109,MARIN,"SAN RAFAEL",-122.51886749267578,37.970970153808594
8906682,2019,2019-08-05,2109,2019-07-15,1616,623,7,1,5,5,2109,0,0,0,,0,002,"B ST","4TH ST",0.00,,Y,A,-,N,,,,,,,,,,N,3,0,1,2,A,-,10,21950,A,N,G,B,B,A,H,-,A,A,0,Y,,,,Y,,A,01,0,1,0,0,1,0,0,0,0,"- ","- ",37.973270416259766,-122.52947998046875,MARIN,"SAN RAFAEL",-122.529541015625,37.973289489746094
8911125,2019,2020-06-04,2109,2019-12-29,2243,583,26,7,5,5,2109,0,0,0,,0,004,"5TH AV","IRWIN ST",302.00,E,N,C,-,N,,,,,,,,,,Y,1,1,0,2,C,-,18,,,N,F,E,A,B,H,-,C,D,0,,,,,Y,,-,"- ",0,0,0,0,0,0,0,0,0,"- ","- ",37.972980499267578,-122.52047729492188,MARIN,"SAN RAFAEL",-122.51942443847656,37.972862243652344
8911132,2020,2022-06-11,2103,2020-02-05,0832,156,DEERP,3,5,2,2103,0,0,0,,0,PAT,"CREEK RD","BLACKBERRY LN",126.00,N,N,A,-,N,,,,,,,,,,N,1,1,0,2,A,-,05,21650,,N,B,C,A,A,H,-,A,D,0,,,Y,,Y,,A,07,0,0,0,0,0,0,0,1,0,"- ","- ",37.982730865478516,-122.59078979492188,MARIN,FAIRFAX,-122.59055328369141,37.982990264892578
8911424,2020,2020-08-12,2109,2020-07-03,1901,572,58,5,5,5,2109,0,0,0,,0,005,"NORTH SAN PEDRO RD","LOS RANCHITOS RD",110.00,E,N,A,-,N,,,,,,,,,,N,1,1,0,2,A,-,12,22451,A,N,H,F,A,A,H,-,A,A,0,,Y,,,Y,,L,04,0,0,0,0,0,1,0,0,0,"- ","- ",37.992378234863281,-122.53549194335938,MARIN,"SAN RAFAEL",-122.53534698486328,37.992591857910156
8912108,2019,2019-09-05,2110,2019-08-06,1128,SP5240,10001,2,5,2,2110,0,0,0,,0,SP2,BRIDGEWAY,"COLOMA ST",0.00,,Y,A,-,N,,,,,,,,,,N,2,0,1,2,A,-,01,23152,A,M,C,C,A,A,H,-,A,A,0,,,Y,,Y,Y,C,02,1,0,0,0,0,0,0,0,0,"- ","- ",,,MARIN,SAUSALITO,-122.50260162353516,37.86859130859375
8912374,2019,2019-08-16,2105,2019-07-29,1620,MV6209,90003,1,5,3,2105,0,0,0,,0,MV2,"EAST BLITHEDALE AV","KIPLING DR",430.00,W,N,A,-,N,,,,,,,,,,N,4,0,1,2,A,-,03,22350,,N,C,C,A,A,H,-,A,A,0,,,Y,,Y,,C,02,0,0,1,0,0,0,0,0,0,"- ","- ",,,MARIN,"MILL VALLEY",-122.52048492431641,37.903789520263672
8913842,2019,2019-08-12,2109,2019-07-26,0934,628,46,5,5,5,2109,0,0,0,,0,005,"MANUEL T FREITAS PKWY","DEL PRESIDIO BL",0.00,,Y,A,-,N,,,,,,,,,,Y,3,0,1,2,A,-,08,22107,,N,D,C,A,A,H,-,A,A,0,,,,,Y,,A,01,0,1,0,0,0,0,0,0,0,"- ","- ",38.007289886474609,-122.54393768310547,MARIN,"SAN RAFAEL",-122.54392242431641,38.007289886474609
8913853,2019,2019-08-08,2106,2019-07-04,2251,NP0403,13032,4,5,4,2106,0,0,0,,0,NP3,"LOS ROBLES RD","ALAMEDA DEL PRADO",167.00,W,N,A,-,N,,,,,,,,,,Y,4,0,1,2,A,-,08,22107,,M,A,E,A,A,H,-,C,D,0,,,Y,,Y,,A,01,0,0,1,0,0,0,0,0,0,"- ","- ",,,MARIN,NOVATO,-122.53271484375,38.059261322021484
8914754,2019,2019-08-14,2109,2019-07-30,2222,551,21,2,5,5,2109,0,0,0,,0,003,"KERNER BL","NOVATO ST",247.00,N,N,A,-,N,,,,,,,,,,Y,3,0,1,2,A,-,01,23152,A,N,B,C,A,A,H,-,C,D,0,,,,,Y,Y,A,01,0,1,0,0,0,0,0,0,0,"- ","- ",37.964008331298828,-122.50200653076172,MARIN,"SAN RAFAEL",-122.50148773193359,37.964199066162109
8914758,2019,2019-08-14,2109,2019-07-24,1826,571,16,3,5,5,2109,0,0,0,,0,002,"A ST","2ND ST",0.00,,Y,A,-,N,,,,,,,,,,Y,4,0,1,2,A,-,09,21800,B,N,A,C,A,A,H,-,A,A,0,,,Y,,Y,,A,01,0,0,1,0,0,0,0,0,1,"- ","- ",37.971240997314453,-122.52866363525391,MARIN,"SAN RAFAEL",-122.52854156494141,37.971179962158203
8915044,2019,2019-08-22,2110,2019-07-27,1800,SP5266,10009,6,5,2,2110,0,0,0,,0,SP2,BRIDGEWAY,"HARBOR DR",100.00,N,N,A,-,N,,,,,,,,,,N,4,0,1,2,A,-,11,21956,,N,G,B,E,A,H,-,A,D,0,Y,,,,Y,,N,60,0,0,1,0,1,0,0,0,0,"- ","- ",,,MARIN,SAUSALITO,-122.50105285644531,37.867122650146484
8921038,2019,2019-08-29,2109,2019-08-12,0751,631,17,1,5,5,2109,0,0,0,,0,002,"3RD ST","HETHERTON ST",0.00,,Y,A,-,N,,,,,,,,,,Y,4,0,1,2,A,-,12,21453,A,N,D,C,A,A,H,-,A,A,0,,,,,Y,,A,01,0,0,1,0,0,0,0,0,0,"- ","- ",37.971500396728516,-122.5223388671875,MARIN,"SAN RAFAEL",-122.52223968505859,37.971431732177734
8921385,2019,2019-09-06,2109,2019-08-07,0841,630,17,3,5,5,2109,0,0,0,,0,002,"2ND ST","HETHERTON ST",0.00,,Y,A,-,N,,,,,,,,,,N,4,0,1,2,A,-,12,21453,A,N,D,C,A,A,H,-,A,A,0,,,,,Y,,A,01,0,0,1,0,0,0,0,0,0,"- ","- ",37.980579376220703,-122.52236175537109,MARIN,"SAN RAFAEL",-122.52236175537109,37.970569610595703
8921956,2019,2019-08-27,2109,2019-08-15,1251,595,10,4,5,5,2109,0,0,0,,0,001,"E ST","1ST ST",0.00,,Y,A,-,N,,,,,,,,,,N,3,0,1,2,A,-,09,21802,A,N,D,C,A,A,H,-,A,A,0,,,,,Y,,A,01,0,1,0,0,0,0,0,0,0,"- ","- ",37.970920562744141,-122.53373718261719,MARIN,"SAN RAFAEL",-122.53372192382812,37.970901489257812
8921989,2019,2019-08-28,2109,2019-08-19,0943,541,45,1,5,5,2109,0,0,0,,0,005,"GOLDEN HINDE BL","DEVON DR",50.00,S,N,A,-,N,,,,,,,,,,Y,4,0,1,1,A,-,08,22107,,N,E,I,A,A,H,-,A,D,0,,,,,Y,,A,08,0,0,1,0,0,0,0,0,0,"- ","- ",37.997310638427734,-122.54762268066406,MARIN,"SAN RAFAEL",-122.5474853515625,37.997489929199219
8924412,2019,2019-10-28,2106,2019-08-01,0830,386,N401,4,5,4,2106,0,0,0,,0,NP4,"GRANT AV","3RD ST",90.00,E,N,A,-,N,,,,,,,,,,,4,0,1,2,A,-,21,22106,,N,H,C,A,A,H,-,A,A,0,,,,,Y,,A,01,0,0,1,0,0,0,0,0,0,"- ","- ",38.108211517333984,-122.57343292236328,MARIN,NOVATO,-122.57328796386719,38.108158111572266
8924591,2019,2019-11-23,2106,2019-07-24,1330,419,,3,5,4,2106,0,0,0,,0,,"SOUTH NOVATO BL","STONE DR",611.00,S,N,A,-,N,,,,,,,,,,N,4,0,1,1,A,-,08,22107,,N,E,I,A,A,H,-,A,D,0,,,,,Y,,A,01,0,0,1,0,0,0,0,0,0,"- ","- ",38.077659606933594,-122.55841064453125,MARIN,NOVATO,-122.55572509765625,38.077518463134766
8924627,2019,2019-11-23,2106,2019-07-23,1700,399,,2,5,4,2106,0,0,0,,0,NP1,"VALLEJO AV","1ST ST",0.00,,Y,A,-,N,,,,,,,,,,,3,0,1,2,A,-,09,21802,A,N,D,C,A,A,H,-,A,A,0,,,,,Y,,A,01,0,1,0,0,0,0,0,0,0,"- ","- ",38.109691619873047,-122.57035827636719,MARIN,NOVATO,-122.57051086425781,38.109748840332031
8925006,2019,2019-08-29,2109,2019-08-20,0000,527,15,2,5,5,2109,0,0,0,,0,002,"MISSION AV","LINCOLN AV",0.00,,Y,A,-,N,,,,,,,,,,Y,3,0,2,2,A,-,01,23153,F,F,C,C,A,A,H,-,B,A,0,,,,,Y,,A,01,0,2,0,0,0,0,0,0,0,"- ","- ",37.974300384521484,-122.52340698242188,MARIN,"SAN RAFAEL",-122.52340698242188,37.974300384521484
8925249,2019,2019-08-27,2109,2019-07-17,1506,513,26,3,5,5,2109,0,0,0,,0,,"MISSION AV","IRWIN ST",0.00,,Y,A,-,N,,,101,,,,,,,Y,3,0,1,2,A,-,09,21801,A,N,A,C,A,A,H,-,A,A,0,,,,,Y,,-,,0,1,0,0,0,0,0,0,0,"- ","- ",37.973831176757812,-122.52028656005859,MARIN,"SAN RAFAEL",-122.52097320556641,37.974018096923828
8925328,2019,2019-08-29,2109,2019-08-08,1615,476,26,4,5,5,2109,0,0,0,,0,004,"MISSION AV","GRAND AV",0.00,,Y,A,-,N,,,,,,,,,,N,4,0,1,2,A,-,10,21950,A,N,G,B,B,A,H,-,A,D,0,Y,,,,Y,,A,01,0,0,1,0,1,0,0,0,0,"- ","- ",37.973628997802734,-122.51840209960938,MARIN,"SAN RAFAEL",-122.5184326171875,37.973598480224609
8925655,2019,2019-09-04,2109,2019-08-23,0737,635,11,5,5,5,2109,0,0,0,,0,001,"D ST","TAYLOR ST",15.00,S,N,A,-,N,,,,,,,,,,Y,4,0,1,2,A,-,03,22350,,N,C,C,A,A,H,-,A,D,0,,,,,Y,,A,01,0,0,1,0,0,0,0,0,0,"- ","- ",37.967689514160156,-122.53291320800781,MARIN,"SAN RAFAEL",-122.53280639648438,37.968299865722656
8925659,2019,2019-09-04,2109,2019-08-21,1845,613,39,3,5,5,2109,0,0,0,,0,,"DU BOIS ST","ANDERSON DR",21.00,S,N,A,-,N,,,,,,,,,,N,3,0,1,2,A,-,04,21703,,N,C,C,A,A,H,-,A,A,0,,,,,Y,,A,01,0,1,0,0,0,0,0,0,0,"- ","- ",37.963890075683594,-122.5169677734375,MARIN,"SAN RAFAEL",-122.51728057861328,37.963554382324219
8925663,2019,2019-09-04,2109,2019-08-23,0950,476,39,5,5,5,2109,0,0,0,,0,003,"FRANCISCO BL WEST","RICE DR",930.00,S,N,A,-,N,,,,,,,,,,N,3,0,1,2,A,-,00,21650,I,N,D,G,A,A,H,-,A,D,0,,Y,,,Y,,L,04,0,1,0,0,0,0,1,0,0,"- ","- ",37.965068817138672,-122.51570892333984,MARIN,"SAN RAFAEL",-122.51585388183594,37.965450286865234
8925667,2019,2019-09-04,2109,2019-08-26,0823,538,7,1,5,5,2109,0,0,0,,0,001,"C ST","2ND ST",0.00,,Y,A,-,N,,,,,,,,,,N,4,0,1,2,A,-,10,21950,,N,G,B,B,A,H,-,B,A,0,Y,,,,Y,,A,01,0,0,1,0,1,0,0,0,0,"- ","- ",37.971431732177734,-122.53103637695312,MARIN,"SAN RAFAEL",-122.53102874755859,37.971431732177734
8931414,2019,2019-09-18,2109,2019-08-14,1656,604,20,3,5,5,2109,0,0,0,,0,003,"BELLAM BL","LISBON ST",0.00,,Y,A,-,N,,,,,,,,,,Y,4,0,1,2,A,-,09,21801,A,N,D,C,A,A,H,-,A,A,0,,,,,Y,,D,22,0,0,1,0,0,0,0,0,0,"- ","- ",37.961109161376953,-122.50364685058594,MARIN,"SAN RAFAEL",-122.50360107421875,37.9610595703125
8931422,2019,2019-09-18,2106,2019-08-09,1327,299,,5,5,4,2106,0,0,0,,0,NP4,"SOUTH NOVATO BL","DIABLO AV",182.00,S,N,A,-,N,,,,,,,,,,Y,4,0,1,3,A,-,03,22350,,N,C,C,A,A,H,-,A,A,0,,,,,Y,,A,01,0,0,1,0,0,0,0,0,0,"- ","- ",,,MARIN,NOVATO,-122.57303619384766,38.102706909179688
8931448,2019,2019-10-02,2109,2019-08-30,1616,517,54,5,5,5,2109,0,0,0,,0,,"PROFESSIONAL CENTER PKWY","PROFESSIONAL CENTER PKWY 154",0.00,,N,A,-,N,,,,,,,,,,N,4,0,1,1,A,-,01,23152,A,N,E,I,A,A,H,-,A,D,0,,,,,Y,Y,A,07,0,0,1,0,0,0,0,0,0,"- ","- ",38.009601593017578,-122.536376953125,MARIN,"SAN RAFAEL",-122.53652599999999,38.009799000000001
8932069,2019,2019-09-23,2109,2019-08-27,0809,605,22,2,5,5,2109,0,0,0,,0,003,"KERNER BL","BELLAM BL",0.00,,Y,A,-,N,,,,,,,,,,Y,3,0,2,2,A,-,12,21453,A,N,D,C,A,A,H,-,A,A,0,,,,,Y,,A,01,0,2,0,0,0,0,0,0,0,"- ","- ",37.961479187011719,-122.50182342529297,MARIN,"SAN RAFAEL",-122.50186157226562,37.961578369140625
8932077,2019,2019-09-18,2109,2019-08-07,1903,621,20,3,5,5,2109,0,0,0,,0,003,"MEDWAY RD","BELVEDERE ST",0.00,,Y,A,-,N,,,,,,,,,,N,3,0,2,3,A,-,12,22450,A,F,G,B,B,A,H,-,A,A,0,Y,,,,Y,,D,73,0,2,0,0,2,0,0,0,0,"- ","- ",37.964950561523438,-122.50849914550781,MARIN,"SAN RAFAEL",-122.50850677490234,37.964939117431641
8932245,2019,2019-09-17,2109,2019-08-25,1300,613,33,7,5,5,2109,0,0,0,,0,004,"POINT SAN PEDRO RD","PEACOCK DR",780.00,E,N,A,-,N,,,,,,,,,,N,3,0,1,2,A,-,08,22107,,N,H,G,A,A,H,-,A,D,0,,Y,,,Y,,L,04,0,1,0,0,0,0,1,0,0,"- ","- ",37.983329772949219,-122.47234344482422,MARIN,"SAN RAFAEL",-122.46862030029297,37.984569549560547
8932265,2019,2019-09-17,2109,2019-08-28,0849,630,7,3,5,5,2109,0,0,0,,0,001,"2ND ST","D ST",0.00,,Y,A,-,N,,,,,,,,,,N,3,0,1,2,A,-,11,21106,,N,G,B,D,A,H,-,A,A,0,Y,,,,Y,,N,60,0,1,0,0,1,0,0,0,0,"- ","- ",37.971549987792969,-122.53231048583984,MARIN,"SAN RAFAEL",-122.53231048583984,37.971561431884766
8933010,2019,2019-10-07,2109,2019-09-05,1710,608,7,4,5,5,2109,0,0,0,,0,001,"3RD ST","B ST",0.00,,Y,A,-,N,,,,,,,,,,N,3,0,1,2,A,-,12,21453,A,N,D,C,A,A,H,-,A,A,0,,,,,Y,,A,01,0,1,0,0,0,0,0,0,0,"- ","- ",37.974819183349609,-122.53179168701172,MARIN,"SAN RAFAEL",-122.52967834472656,37.972301483154297
8933167,2019,2019-09-19,2103,2019-08-02,1439,169,DNTN,5,5,2,2103,0,0,0,,0,PAT,"SIR FRANCIS DRAKE BL","AZALEA AV",171.00,E,N,A,-,N,,,,,,,,,,N,3,0,1,2,A,-,04,21703,,N,C,C,A,A,H,-,A,D,0,,,,,Y,,A,01,0,1,0,0,0,0,0,0,0,"- ","- ",37.988548278808594,-122.59065246582031,MARIN,FAIRFAX,-122.59107971191406,37.988666534423828
8933196,2019,2019-09-19,2109,2019-08-27,0929,476,54,2,5,5,2109,0,0,0,,0,006,"CIVIC CENTER DR","MCINNIS PKY",210.00,N,N,A,-,N,,,,,,,,,,Y,3,0,1,2,A,-,01,23152,F,N,C,C,A,A,H,-,A,A,0,,,,,Y,,A,01,0,1,0,0,0,0,0,0,0,"- ","- ",38.003791809082031,-122.53858184814453,MARIN,"SAN RAFAEL",-122.53707885742188,38.002048492431641
8933200,2019,2019-09-19,2109,2019-08-07,1658,621,35,3,5,5,2109,0,0,0,,0,001,"A ST","1ST ST",0.00,,Y,A,-,N,,,,,,,,,,N,3,0,1,2,A,-,09,21804,A,N,D,C,A,A,H,-,A,D,0,,,,,Y,,A,01,0,1,0,0,0,0,0,0,0,"- ","- ",37.970680236816406,-122.52860260009766,MARIN,"SAN RAFAEL",-122.52861022949219,37.970691680908203
8936365,2019,2019-10-28,2106,2019-08-11,1843,399,,7,5,4,2106,0,0,0,,0,NP2,"OLIVE AV","RAILROAD AV",0.00,,Y,A,-,N,,,,,,,,,,,2,0,1,2,A,-,09,21801,A,N,H,G,A,A,H,-,B,D,0,,Y,,,Y,,A,01,1,0,0,0,0,0,1,0,0,"- ","- ",38.110538482666016,-122.56674957275391,MARIN,NOVATO,-122.56600952148438,38.110649108886719
8936369,2019,2019-10-28,2106,2019-08-20,1958,460,N209,2,5,4,2106,0,0,0,,0,NP2,"RAILROAD AV","OLIVE AV",3.00,S,N,A,-,N,,,,,,,,,,,3,0,1,2,A,-,10,21950,A,N,G,B,B,A,H,-,B,D,0,Y,,,,Y,,A,01,0,1,0,0,1,0,0,0,0,"- ","- ",38.110538482666016,-122.56674957275391,MARIN,NOVATO,-122.56600952148438,38.110641479492188
8936370,2019,2019-10-23,2106,2019-08-08,2218,449,N402,4,5,4,2106,0,0,0,,0,NP4,"REDWOOD BL","VALLEY OAK CT",9.00,S,N,A,-,N,,,,,,,,,,Y,3,0,2,3,A,-,03,22350,,N,A,E,A,A,H,-,C,D,0,,,,,Y,Y,A,01,0,1,1,0,0,0,0,0,0,"- ","- ",38.086311340332031,-122.55448913574219,MARIN,NOVATO,-122.55451965332031,38.086372375488281
8937992,2019,2019-10-01,2108,2019-07-31,0810,094,3,3,5,3,2108,0,0,0,,0,003,"CENTER BL","SAUNDERS AV",0.00,,Y,A,-,N,,,,,,,,,,N,3,0,1,2,A,-,09,21802,A,N,D,G,A,A,H,-,A,A,0,,Y,,,Y,,D,22,0,1,0,0,0,0,1,0,0,"- ","- ",37.979381561279297,-122.57183837890625,MARIN,"SAN ANSELMO",-122.57186126708984,37.979419708251953
8938000,2019,2020-01-09,2117,2019-08-15,0902,007,1,4,5,2,2102,0,0,0,,0,001,"PARADISE DR","HARBOR DR",62.00,W,N,A,-,N,,,,,,,,,,Y,3,0,2,2,A,-,03,22350,,N,C,C,A,A,H,-,A,D,0,,,,,Y,,D,22,0,2,0,0,0,0,0,0,0,"- ","- ",37.920398712158203,-122.50895690917969,MARIN,"CORTE MADERA",-122.50904083251953,37.920204162597656
8938358,2019,2019-09-25,2104,2019-09-13,1606,078,1D,5,5,3,2104,0,0,0,,0,001,"REDWOOD HWY","INDUSTRIAL WY",409.00,S,N,A,-,N,,,,,,,,,,Y,3,0,2,2,A,-,01,23153,A,N,B,C,A,A,H,-,A,A,0,,,,,Y,Y,A,08,0,1,1,0,0,0,0,0,0,"- ","- ",37.9368896484375,-122.51576995849609,MARIN,LARKSPUR,-122.51610565185547,37.937656402587891