CASE_ID,ACCIDENT_YEAR,PROC_DATE,JURIS,COLLISION_DATE,COLLISION_TIME,OFFICER_ID,REPORTING_DISTRICT,DAY_OF_WEEK,CHP_SHIFT,POPULATION,CNTY_CITY_LOC,SPECIAL_COND,BEAT_TYPE,CHP_BEAT_TYPE,CITY_DIVISION_LAPD,CHP_BEAT_CLASS,BEAT_NUMBER,PRIMARY_RD,SECONDARY_RD,DISTANCE,DIRECTION,INTERSECTION,WEATHER_1,WEATHER_2,STATE_HWY_IND,CALTRANS_COUNTY,CALTRANS_DISTRICT,STATE_ROUTE,ROUTE_SUFFIX,POSTMILE_PREFIX,POSTMILE,LOCATION_TYPE,RAMP_INTERSECTION,SIDE_OF_HWY,TOW_AWAY,COLLISION_SEVERITY,NUMBER_KILLED,NUMBER_INJURED,PARTY_COUNT,PRIMARY_COLL_FACTOR,PCF_CODE_OF_VIOL,PCF_VIOL_CATEGORY,PCF_VIOLATION,PCF_VIOL_SUBSECTION,HIT_AND_RUN,TYPE_OF_COLLISION,MVIW,PED_ACTION,ROAD_SURFACE,ROAD_COND_1,ROAD_COND_2,LIGHTING,CONTROL_DEVICE,CHP_ROAD_TYPE,PEDESTRIAN_ACCIDENT,BICYCLE_ACCIDENT,MOTORCYCLE_ACCIDENT,TRUCK_ACCIDENT,NOT_PRIVATE_PROPERTY,ALCOHOL_INVOLVED,STWD_VEHTYPE_AT_FAULT,CHP_VEHTYPE_AT_FAULT,COUNT_SEVERE_INJ,COUNT_VISIBLE_INJ,COUNT_COMPLAINT_PAIN,COUNT_PED_KILLED,COUNT_PED_INJURED,COUNT_BICYCLIST_KILLED,COUNT_BICYCLIST_INJURED,COUNT_MC_KILLED,COUNT_MC_INJURED,PRIMARY_RAMP,SECONDARY_RAMP,LATITUDE,LONGITUDE,COUNTY,CITY,POINT_X,POINT_Y
90089866,2015,2016-01-07,9350,2015-12-29,1750,013450,,2,2,9,2100,0,1,2,,1,080,"US 101 (S/B)","SAN ANTONIO RD",3696.00,S,N,A,-,Y,,,,,,,,,,Y,3,0,1,1,A,-,01,23152,E,N,E,I,A,A,H,-,D,D,0,,,,,Y,,A,07,0,1,0,0,0,0,0,0,0,"- ","- ",,,MARIN,UNINCORPORATED,-122.56821307,38.154842530000003
90089867,2016,2016-01-07,9350,2016-01-06,1040,013450,,3,1,9,2100,0,1,2,,1,060,"US 101 (N/B)","COLEMAN SCHOOL PED O/C",2640.00,N,N,B,C,Y,,,,,,,,,,Y,4,0,1,2,A,-,07,21658,A,N,B,C,A,B,H,-,A,D,0,,,,,Y,,A,07,0,0,1,0,0,0,0,0,0,"- ","- ",,,MARIN,UNINCORPORATED,,
90090785,2015,2016-01-07,9350,2015-12-22,1600,015765,,2,2,4,2106,0,1,2,,2,070,"US-101 S/B","NOVATO BLVD. OVERCROSSING S/EDGE",5047680.00,S,N,C,-,Y,,,101,,,,,,S,Y,3,0,1,1,A,-,01,23152,A,N,E,I,A,B,H,-,A,D,0,,,,,Y,Y,A,01,0,1,0,0,0,0,0,0,0,"- ","- ",38.075420000000001,-122.54194,MARIN,NOVATO,-122.54201587999999,38.075375209999997
90091892,2016,2016-01-11,9350,2016-01-02,1503,020201,,6,2,4,2106,0,1,2,,1,080,"US-101 SOUTHBOUND","DELONG AVE. OVER-CROSSING",500.00,N,N,B,-,Y,,,101,,,,,,S,Y,3,0,1,1,A,-,08,22107,,N,E,I,A,B,H,-,A,D,0,,,,,Y,,A,01,0,1,0,0,0,0,0,0,0,"- ","- ",38.105800000000002,-122.56292999999999,MARIN,NOVATO,-122.56273782,38.105874020000002
9009230,2019,2020-02-19,2109,2019-12-18,0648,635,19,3,5,5,2109,0,0,0,,0,003,"CANAL ST","FAIRFAX ST",10.00,N,N,C,-,N,,,,,,,,,,N,3,0,1,2,A,-,10,21950,A,F,G,B,B,B,H,-,B,D,0,Y,,,,Y,,A,01,0,1,0,0,1,0,0,0,0,"- ","- ",37.966320037841797,-122.5040283203125,MARIN,"SAN RAFAEL",-122.50460052490234,37.966361999511719
9009234,2019,2020-02-19,2109,2019-12-16,0818,635,23,1,5,5,2109,0,0,0,,0,003,"FRANCISCO BL E","GRANGE RD",0.00,,Y,A,-,N,,,,,,,,,,Y,3,0,1,2,A,-,03,22350,,N,C,C,A,A,H,-,A,D,0,,,,,Y,,-,,0,1,0,0,0,0,0,0,0,"- ","- ",37.945549011230469,-122.48872375488281,MARIN,"SAN RAFAEL",-122.48870086669922,37.945518493652344
9009284,2019,2020-01-03,2109,2019-12-23,1600,538,2,1,5,5,2109,0,0,0,,0,001,"ELIZABETH WY","CHESTNUT AV",621.00,N,N,A,-,N,,,,,,,,,,N,4,0,1,3,A,-,03,22350,,M,C,E,A,A,H,-,A,D,0,,,,,Y,,A,07,0,0,1,0,0,0,0,0,0,"- ","- ",37.983108520507812,-122.54025268554688,MARIN,"SAN RAFAEL",-122.54043579101562,37.98309326171875
90094011,2016,2016-01-13,9350,2016-01-06,1920,013346,,3,2,9,2100,0,3,5,,2,003,"REDWOOD HIGHWAY FRONTAGE RD N/B","DESILVA ISLAND DRIVE",120.00,N,N,B,-,N,,,,,,,,,,N,3,0,1,2,A,-,11,21954,A,N,G,B,D,B,H,-,D,D,0,Y,,,,Y,,N,60,0,1,0,0,1,0,0,0,0,"- ","- ",37.889180000000003,-122.51609999999999,MARIN,UNINCORPORATED,-122.51601934,37.888913860000002
90094430,2016,2016-01-13,9350,2016-01-05,1605,017201,,2,2,5,2109,0,1,2,,1,060,"US-101 N/B","MANUEL T FREITAS PKY",200.00,S,N,C,-,Y,,,101,,,,,,N,Y,4,0,2,1,A,-,08,22107,,N,E,I,A,B,H,-,A,D,0,,,,,Y,,D,22,0,0,2,0,0,0,0,0,0,"- ","- ",38.006749999999997,-122.54103000000001,MARIN,"SAN RAFAEL",-122.54119892,38.006669819999999
90095929,2015,2016-01-15,9350,2015-12-29,1340,013814,,2,1,9,2100,0,1,2,,1,080,"U.S. 101 N/B","GNOSS FIELD",200.00,S,N,A,-,Y,,,,,,,,,,Y,4,0,3,3,A,-,03,22350,,N,C,A,A,A,H,-,A,D,0,,,,,Y,,A,01,0,0,3,0,0,0,0,0,0,"- ","- ",38.138399999999997,-122.56401,MARIN,UNINCORPORATED,,
9009630,2019,2020-02-18,2105,2019-12-11,0954,MV6241,90003,3,5,3,2105,0,0,0,,0,MV2,"REDWOOD HWY FRNTG RD","HAMILTON DR",1600.00,S,N,C,-,N,,,,,,,,,,Y,4,0,1,2,A,-,09,21804,A,N,D,C,A,B,H,-,A,D,0,,,,,Y,,A,01,0,0,1,0,0,0,0,0,0,"- ","- ",,,MARIN,"MILL VALLEY",-122.51716613769531,37.887607574462891
90096368,2015,2016-01-15,9350,2015-12-31,0615,019678,,4,1,9,2100,0,1,3,,2,037,"SR-37 E/B","SONOMA COUNTY LINE",20.00,W,N,E,-,Y,,,37,,,,,,E,Y,4,0,1,2,C,-,18,,,N,E,I,A,C,H,-,D,D,0,,,,,Y,,-,"- ",0,0,1,0,0,0,0,0,0,"- ","- ",38.115519999999997,-122.50556,MARIN,UNINCORPORATED,-122.50555684,38.115515950000002
90096446,2016,2016-01-15,9350,2016-01-13,1005,014448,,3,1,9,2100,0,3,5,,2,004,"ALMONTE BLVD. E/B","STADIUM AVE.",386.00,E,N,A,B,N,,,,,,,,,,Y,4,0,1,3,A,-,21,22106,,N,D,C,A,B,H,-,A,D,0,,,,,Y,,A,01,0,0,1,0,0,0,0,0,0,"- ","- ",,,MARIN,UNINCORPORATED,-122.52795062,37.890347939999998
90096452,2016,2016-01-15,9350,2016-01-12,0805,017008,,2,1,5,2109,0,1,2,,1,060,"US-101 S/B","MERRYDALE OVERCROSSING",500.00,S,N,A,-,Y,,,101,,,,,,S,Y,4,0,1,3,A,-,03,22350,,N,C,C,A,A,H,-,A,D,0,,,,,Y,,A,01,0,0,1,0,0,0,0,0,0,"- ","- ",38.002020000000002,-122.5376,MARIN,"SAN RAFAEL",-122.53792925,38.001780719999999
90096459,2016,2016-01-15,9350,2016-01-04,1800,013450,,1,2,2,2102,0,1,2,,2,050,"US 101 (N/B)","TAMALPAIS DR",1584.00,N,N,B,C,Y,,,,,,,,,,Y,3,0,2,4,A,-,03,22350,,N,C,C,A,B,H,-,D,D,0,,,,,Y,,A,01,0,1,1,0,0,0,0,0,0,"- ","- ",,,MARIN,"CORTE MADERA",-122.51586168,37.930166870000001
90096465,2016,2016-01-15,9350,2016-01-05,1606,019651,,2,2,9,2100,0,2,4,,2,024,"SIR FRANCIS DRAKE BLVD","MACALLISTER AVE",0.00,,Y,B,-,N,,,,,,,,,,Y,4,0,2,2,A,-,09,21802,A,N,D,C,A,B,H,-,A,D,0,,,,,Y,,A,01,0,0,2,0,0,0,0,0,0,"- ","- ",37.953589999999998,-122.54465999999999,MARIN,UNINCORPORATED,-122.54464992,37.953659899999998
90096475,2016,2016-01-15,9350,2016-01-05,1643,017729,,2,2,9,2100,0,1,2,,2,070,"US-101 N/B TO LUCAS VALLEY ROAD","LUCAS VALLEY RD. UNDER CROSSING",1056.00,S,N,B,-,Y,,,,,,,,,,Y,4,0,1,1,A,-,08,22107,,N,E,I,A,B,H,-,B,D,0,,,,,Y,,A,01,0,0,1,0,0,0,0,0,0,"- ","- ",38.018239999999999,-122.53998,MARIN,UNINCORPORATED,,
90096525,2016,2016-01-15,9350,2016-01-14,1820,019216,,4,2,9,2100,0,1,2,,1,080,"US-101 N/B","ATHERTON AVE",600.00,S,N,B,C,Y,,,101,,,,,,N,N,4,0,1,2,A,-,03,22350,,M,C,C,A,B,H,-,B,D,0,,,,,Y,,A,07,0,0,1,0,0,0,0,0,0,"- ","- ",38.115960000000001,-122.56459,MARIN,UNINCORPORATED,-122.56468997,38.11594427
90097095,2016,2016-01-18,9350,2016-01-11,0125,020740,,1,3,3,2104,0,1,2,,2,050,"US-101 S/B","SIR FRANCIS DRAKE BLVD",1000.00,N,N,B,-,Y,,,101,,,,,,S,Y,3,0,1,1,A,-,08,22107,,N,E,I,A,B,H,-,C,D,0,,,,,Y,,A,08,0,1,0,0,0,0,0,0,0,"- ","- ",37.951329999999999,-122.51049,MARIN,LARKSPUR,-122.51051938000001,37.951363149999999
90097167,2016,2016-01-18,9350,2016-01-15,1835,019927,,5,2,5,2109,0,1,2,,1,060,"US-101 S/B","MISSION AVE",2270.00,N,N,A,-,Y,,,101,,,,,,S,Y,3,0,2,2,A,-,03,22350,,F,C,C,A,A,H,-,C,D,0,,,,,Y,,-,99,0,1,1,0,0,0,0,0,0,"- ","- ",37.985439999999997,-122.52452,MARIN,"SAN RAFAEL",-122.52444739000001,37.985509610000001
90097183,2016,2016-01-18,9350,2016-01-16,1512,020613,,6,2,2,2110,0,1,2,,1,030,"US-101 S/B","THE WALDO TUNNEL",686.00,S,N,C,-,Y,,,,,,,,,,Y,4,0,1,1,A,-,03,22350,,N,E,I,A,B,H,-,A,D,0,,,,,Y,,A,01,0,0,1,0,0,0,0,0,0,"- ","- ",37.84064,-122.48677000000001,MARIN,SAUSALITO,,
90097411,2016,2016-01-19,9350,2016-01-14,1800,013450,,4,2,9,2100,0,1,2,,1,030,"US 101 (S/B)","S/END OF WALDO TUNNEL",150.00,N,N,C,-,Y,,,,,,,,,,Y,4,0,1,3,A,-,03,22350,,N,C,C,A,B,H,-,C,D,0,,,,,Y,,A,07,0,0,1,0,0,0,0,0,0,"- ","- ",,,MARIN,UNINCORPORATED,,
90098805,2016,2016-01-20,9350,2016-01-19,0750,017201,,2,1,2,2102,0,1,2,,2,050,"US-101 S/B","GREENBRAE PED O/C",150.00,S,N,B,C,Y,,,101,,,,,,S,Y,4,0,1,2,A,-,03,22350,,N,C,C,A,B,H,-,A,D,0,,,,,Y,,A,01,0,0,1,0,0,0,0,0,0,"- ","- ",37.939120000000003,-122.51655,MARIN,"CORTE MADERA",-122.51645311999999,37.939097750000002
90098912,2016,2016-01-20,9350,2016-01-19,0845,017201,,2,1,5,2109,0,1,2,,1,060,"US-101 S/B","I-580 O/C",100.00,N,N,B,C,Y,,,101,,,,,,S,N,4,0,1,2,A,-,03,22350,,N,C,C,A,B,H,-,A,D,0,,,,,Y,,A,01,0,0,1,0,0,0,0,0,0,"- ","- ",37.962420000000002,-122.51054999999999,MARIN,"SAN RAFAEL",-122.51053279999999,37.962436459999999
90100333,2016,2016-01-21,9350,2016-01-19,0700,017008,,2,1,5,2109,0,1,2,,2,050,"US-101 N/B","I-580 O/C",1000.00,S,N,B,C,Y,,,101,,,,,,N,Y,3,0,2,2,D,-,00,,,N,B,C,A,B,H,-,D,D,0,,,,,Y,,-,"- ",0,1,1,0,0,0,0,0,0,"- ","- ",37.959899999999998,-122.50939,MARIN,"SAN RAFAEL",-122.50933164,37.959910960000002
90100350,2016,2016-01-21,9350,2016-01-20,1715,019265,,3,2,2,2102,0,1,2,,2,050,"US-101 NB","TAMALPAIS DR",1320.00,N,N,A,-,Y,,,101,,,,,,N,N,4,0,1,2,A,-,03,22350,,N,C,C,A,A,H,-,C,D,0,,,,,Y,,A,01,0,0,1,0,0,0,0,0,0,"- ","- ",37.922559999999997,-122.51297,MARIN,"CORTE MADERA",-122.51274407,37.922684150000002
90100361,2016,2017-02-24,9350,2016-01-15,0743,019875,,5,1,4,2106,0,1,2,,2,070,"US-101 S/B","ALAMEDA DEL PRADO",2112.00,S,N,B,-,Y,,,101,,,,,,S,N,4,0,1,2,A,-,03,22350,,N,C,C,A,A,H,-,A,D,0,,,,,Y,,A,01,0,0,1,0,0,0,0,0,0,"- ","- ",38.042920000000002,-122.53588000000001,MARIN,NOVATO,-122.53592733000001,38.042952900000003
90100382,2016,2016-01-21,9350,2016-01-20,0940,017008,,3,1,9,2100,0,2,4,,1,046,"POINT REYES PETALUMA RD.","NICASIO VALLEY RD.",0.00,,Y,B,-,N,,,,,,,,,,Y,4,0,1,2,A,-,03,22350,,N,C,C,A,A,H,-,A,D,0,,,,,Y,,A,07,0,0,1,0,0,0,0,0,0,"- ","- ",38.009729999999998,-122.73347,MARIN,UNINCORPORATED,-122.73352987,38.09724997
90100390,2016,2016-01-22,9350,2016-01-18,1625,016406,,1,2,9,2100,0,3,5,,2,006,"VINEYARD RD","WALI TRAIL",1056.00,E,N,B,-,N,,,,,,,,,,Y,4,0,1,1,A,-,08,22107,,N,E,I,A,B,H,-,A,D,0,,,,,Y,,A,01,0,0,1,0,0,0,0,0,0,"- ","- ",38.102029999999999,-122.62399000000001,MARIN,UNINCORPORATED,-122.62165194000001,38.102700919999997
90101318,2016,2016-01-25,9350,2016-01-15,1110,020201,,5,1,9,2100,0,3,5,,2,006,"LAUREL GROVE AVE.","PINE CT.",260.00,S,N,A,-,N,,,,,,,,,,Y,4,0,1,2,C,-,18,,,N,C,C,A,A,H,-,A,D,0,,,,,Y,,-,"- ",0,0,1,0,0,0,0,0,0,"- ","- ",37.958640000000003,-122.54194,MARIN,UNINCORPORATED,-122.54198045,37.958601420000001
90101452,2016,2016-01-25,9350,2016-01-22,1811,020225,,5,2,3,2104,0,1,2,,2,050,"US-101 N/B","SIR FRANCIS DRAKE BLVD",500.00,N,N,B,-,Y,,,101,,,,,,N,N,4,0,3,3,A,-,03,22350,,N,C,C,A,B,H,-,D,D,0,,,,,Y,,A,01,0,0,3,0,0,0,0,0,0,"- ","- ",37.946089999999998,-122.51416,MARIN,LARKSPUR,-122.51409811000001,37.946053360000001
90101597,2016,2016-01-25,9350,2016-01-22,1953,020639,,5,2,9,2100,0,1,2,,2,050,"US-101 S/B",SR-131,0.00,,Y,C,-,Y,,,,,,,,,,N,4,0,1,2,A,-,10,21950,,N,G,B,B,B,H,-,C,A,0,Y,,,,Y,Y,A,01,0,0,1,0,1,0,0,0,0,"- ","- ",37.903019999999998,-122.51732,MARIN,UNINCORPORATED,,
90101664,2016,2016-01-25,9350,2016-01-23,0225,020865,,6,3,9,2100,0,2,4,,1,044,"SIR FRANCIS DRAKE BLVD","AREQUIPA FIRE ROAD",700.00,W,N,C,-,N,,,,,,,,,,Y,4,0,1,1,A,-,01,23152,A,N,E,I,A,B,H,-,C,D,0,,,,,Y,Y,A,01,0,0,1,0,0,0,0,0,0,"- ","- ",38.005980000000001,-122.61472999999999,MARIN,UNINCORPORATED,-122.61479884000001,38.005945029999999
90101695,2016,2016-01-25,9350,2016-01-23,1225,018797,,6,1,9,2100,0,2,4,,1,016,"LUCAS VALLEY RD","WESTGATE DR",1056.00,W,N,B,C,N,,,,,,,,,,Y,4,0,2,2,A,-,03,22350,,N,A,C,A,B,H,-,A,D,0,,,,,Y,,A,01,0,0,2,0,0,0,0,0,0,"- ","- ",38.04383,-122.61479,MARIN,UNINCORPORATED,-122.60040614,38.0377638
90101912,2016,2016-01-25,9350,2016-01-20,0823,016034,,3,1,9,2100,0,1,1,,1,015,"I-580 W/B","RICHMOND-SAN RAFAEL BRIFGE TOLL PLAZA",4224.00,W,N,B,-,Y,,,580,,,,,,W,N,4,0,1,2,A,-,03,22350,,N,C,C,A,A,H,-,A,D,0,,,,,Y,,A,01,0,0,1,0,0,0,0,0,0,"- ","- ",37.934449999999998,-122.43407999999999,MARIN,UNINCORPORATED,-122.43408336,37.934398870000003
90103021,2016,2016-01-26,9350,2016-01-26,0935,019265,,2,1,3,2104,0,1,2,,2,050,"US-101 SB","GREENBRAE PED OC",500.00,S,N,B,-,Y,,,101,,,,,,S,Y,4,0,1,4,A,-,08,22107,,F,C,C,A,A,H,-,A,D,0,,Y,,,Y,,L,04,0,0,1,0,0,0,0,0,0,"- ","- ",37.937899999999999,-122.51669,MARIN,LARKSPUR,-122.51672625,37.937908319999998
90103077,2016,2016-01-26,9350,2016-01-26,0936,019265,,2,1,3,2104,0,1,2,,2,050,"US-101 SB","GREENBRAE PED OC",500.00,S,N,B,-,Y,,,101,,,,,,S,Y,4,0,1,3,A,-,08,22107,,F,C,C,A,A,H,-,A,D,0,,Y,,Y,Y,,L,04,0,0,1,0,0,0,0,0,0,"- ","- ",37.937919999999998,-122.51678,MARIN,LARKSPUR,-122.51672639,37.937907690000003
90103415,2016,2016-01-27,9350,2016-01-25,1810,013450,,1,2,2,2102,0,1,2,,2,050,"US 101 (N/B)","TAMALPAIS AVE",1056.00,S,N,A,-,Y,,,,,,,,,,Y,4,0,1,3,A,-,03,22350,,N,C,C,A,A,H,-,D,D,0,,,,,Y,,D,22,0,0,1,0,0,0,0,0,0,"- ","- ",,,MARIN,"CORTE MADERA",-122.51329919,37.923246859999999
90104331,2016,2016-01-28,9350,2016-01-26,1530,016406,,2,2,9,2100,0,1,3,,2,037,"SR-37 E/B","ATHERTON AVE",1056.00,W,N,B,-,Y,,,,,,,,,,Y,3,0,1,2,A,-,03,22350,,N,B,C,A,A,H,-,A,D,0,,,Y,,Y,,C,02,0,1,0,0,0,0,0,0,1,"- ","- ",39.099710000000002,-122.51866,MARIN,UNINCORPORATED,-122.51407714,38.103241869999998
90104950,2016,2016-01-28,9350,2016-01-20,1130,015765,,3,1,9,2100,0,1,2,,1,080,"US-101 S/B","SAN ANTONIO RD.",0.00,,N,B,-,Y,,,101,,,,,,S,Y,3,0,2,2,A,-,07,21658,A,N,B,C,A,B,H,-,A,D,0,,,,,Y,,A,01,0,2,0,0,0,0,0,0,0,"- ","- ",38.167189999999998,-122.58087,MARIN,UNINCORPORATED,-122.58086815999999,38.167192929999999
90105360,2016,2016-01-29,9350,2016-01-22,1201,019651,,5,1,9,2100,0,2,4,,1,016,"LUCAS VALLEY ROAD","MOUNT LASSEN DRIVE",0.00,,Y,B,C,Y,,,,,,,,,,Y,4,0,1,2,A,-,09,21802,A,N,D,C,A,B,H,-,A,D,0,,,,,Y,,A,01,0,0,1,0,0,0,0,0,0,"- ","- ",38.025300000000001,-122.56879000000001,MARIN,UNINCORPORATED,-122.56869986,38.025179880000003
90105511,2016,2016-01-29,9350,2016-01-22,1805,019798,,5,2,5,2109,0,1,2,,1,060,"US-101 N/B","MISSION AVE.",272.00,N,N,B,-,Y,,,,,,,,,,Y,4,0,1,2,A,-,03,22350,,N,C,C,A,B,H,-,C,D,0,,,,,Y,,A,07,0,0,1,0,0,0,0,0,0,"- ","- ",37.585610000000003,-122.31238999999999,MARIN,"SAN RAFAEL",-122.52083024,37.974651950000002
90105517,2016,2016-01-29,9350,2016-01-22,1800,019927,,5,2,5,2109,0,1,2,,1,060,"US-101 N/B","RT 580",2640.00,N,N,A,-,Y,,,,,,,,,,Y,4,0,1,2,A,-,03,22350,,N,C,C,A,B,H,-,C,D,0,,,,,Y,,A,07,0,0,1,0,0,0,0,0,0,"- ","- ",,,MARIN,"SAN RAFAEL",,
90105530,2016,2016-01-29,9350,2016-01-27,1847,019703,,3,2,9,2100,0,1,2,,2,050,"US-101 NORTHBOUND","TAMALPAIS DR",300.00,N,N,B,-,Y,,,,,,,,,,Y,4,0,1,3,A,-,03,22350,,F,C,C,A,A,H,-,D,D,0,,,,,Y,,D,22,0,0,1,0,0,0,0,0,0,"- ","- ",37.935899999999997,-122.51663000000001,MARIN,UNINCORPORATED,-122.51483005999999,37.926779109999998
90105536,2016,2016-01-29,9350,2016-01-27,1938,019703,,3,2,9,2100,0,1,2,,2,050,"US-101 NORTHBOUND","GREENBRAE PED CROSSING",100.00,N,N,B,-,Y,,,101,,,,,,N,Y,4,0,1,2,A,-,03,22350,,N,C,C,A,A,H,-,C,D,0,,,,,Y,,A,01,0,0,1,0,0,0,0,0,0,"- ","- ",37.940300000000001,-122.51578000000001,MARIN,UNINCORPORATED,-122.51591375,37.940334739999997
90105541,2016,2016-01-29,9350,2016-01-25,2045,018662,,1,2,4,2106,0,1,2,,2,070,"US-101 N/B TO NAVE DR","NAVE DR",450.00,N,N,A,-,Y,,,101,,,,R,,N,N,4,0,1,2,A,-,03,22350,,N,C,C,A,A,H,-,C,D,0,,,,,Y,,A,01,0,0,1,0,0,0,0,0,0,"- ","- ",38.049039999999998,-122.53081,MARIN,NOVATO,-122.53081,38.049039999999998
90109588,2016,2016-02-04,9350,2016-01-27,1835,013450,,3,2,9,2100,0,3,5,,2,006,"WOODLAND AVE","AUBURN ST.",0.00,,Y,A,-,N,,,,,,,,,,Y,4,0,1,2,A,-,01,23152,A,N,D,C,A,A,H,-,C,A,0,,,,,Y,Y,A,01,0,0,1,0,0,0,0,0,0,"- ","- ",,,MARIN,UNINCORPORATED,-122.51185992000001,37.959899980000003
90109611,2016,2016-02-04,9350,2016-01-28,1600,017008,,4,2,5,2109,0,1,2,,2,050,"US-101 N/B","BELLAM BLVD U/C",130.00,N,N,A,-,Y,,,101,,,,,,N,Y,3,0,3,3,A,-,03,22350,,N,C,C,A,A,H,-,A,D,0,,,,Y,Y,,F,26,0,1,2,0,0,0,0,0,0,"- ","- ",37.958379999999998,-122.50909,MARIN,"SAN RAFAEL",-122.50904788,37.958387979999998
90109629,2016,2016-02-04,9350,2016-01-28,1710,016406,,4,2,9,2100,0,1,2,,2,070,"US-101 N/B","MILLER CREEK RD",1584.00,N,N,C,-,Y,,,101,,,,,,N,Y,3,0,1,2,A,-,03,22350,,N,D,C,A,B,H,-,D,D,0,,,,,Y,,D,22,0,1,0,0,0,0,0,0,0,"- ","- ",38.04025,-122.53684,MARIN,UNINCORPORATED,-122.53679997,38.040249889999998
90109710,2016,2016-02-04,9350,2016-01-24,1425,019875,,7,2,9,2100,0,3,5,,2,004,"W RIDGECREST BLVD","FAIRFAX BOLINAS RD",7286.00,E,N,A,-,N,,,,,,,,,,Y,2,0,1,1,A,-,03,22350,,N,F,A,A,A,H,-,A,D,0,,,Y,,Y,,C,02,1,0,0,0,0,0,0,0,1,"- ","- ",37.926830000000002,-122.64173,MARIN,UNINCORPORATED,-122.64171571,37.926835160000003
90109737,2016,2016-02-05,9350,2016-01-29,1820,019798,,5,2,9,2100,0,3,5,,2,005,"GRANDVIEW AVE. (300 BLOCK)","IOLANTHUS AVE.",528.00,S,N,B,-,N,,,,,,,,,,Y,4,0,1,1,A,-,01,23152,A,N,E,I,A,B,H,-,D,D,0,,,,,Y,Y,A,01,0,0,1,0,0,0,0,0,0,"- ","- ",38.106250000000003,-122.50011000000001,MARIN,UNINCORPORATED,-122.50014714,38.104454279999999
90109760,2016,2016-02-05,9350,2016-01-31,0155,020865,,7,3,9,2100,0,2,4,,1,016,"LUCAS VALLEY ROAD","CAMINO MARGARITA",1690.00,E,N,A,-,N,,,,,,,,,,Y,3,0,1,1,A,-,01,23152,A,N,E,I,A,A,H,-,D,D,0,,,,,Y,Y,A,07,0,1,0,0,0,0,0,0,0,"- ","- ",38.043779999999998,-122.64117,MARIN,UNINCORPORATED,-122.64093649,38.043719780000004
90110258,2016,2016-02-05,9350,2016-02-02,1500,016274,,2,2,5,2109,0,1,2,,1,060,"US-101 N/B","N. SAN PEDRO RD.",200.00,S,N,B,-,Y,,,,,,,,,,Y,4,0,2,3,A,-,03,22350,,N,C,C,A,A,H,-,A,D,0,,,,,Y,,A,01,0,0,2,0,0,0,0,0,0,"- ","- ",,,MARIN,"SAN RAFAEL",-122.53176120000001,37.993769899999997
90111161,2016,2016-02-08,9350,2016-01-23,0040,020979,,6,3,9,2100,0,2,4,,1,044,"SIR FRANCIS DRAKE BLVD","BAYWOOD CANYON RD",4.00,W,N,C,-,Y,,,,,,,,,,Y,3,0,1,1,A,-,01,23152,A,N,E,I,A,B,H,-,C,D,0,,,,,Y,Y,A,07,0,1,0,0,0,0,0,0,0,"- ","- ",38.00244,-122.61255,MARIN,UNINCORPORATED,-122.61205332999999,38.002273090000003
90111957,2016,2016-02-09,9350,2016-02-03,0650,017201,,3,1,4,2106,0,1,2,,2,070,"US-101 S/B","IGNACIO BLVD. OC",1600.00,S,N,B,-,N,,,,,,,,,,Y,4,0,1,2,A,-,03,22350,,N,C,C,A,A,H,-,A,D,0,,,,,Y,,D,22,0,0,1,0,0,0,0,0,0,"- ","- ",38.060769999999998,-122.53446,MARIN,NOVATO,-122.53433347000001,38.062605529999999
90112180,2016,2016-02-09,9350,2016-01-29,1524,021075,,5,2,9,2100,0,3,5,,2,003,"PARADISE DRIVE","ANTILLES WAY",30.00,N,N,B,C,N,,,,,,,,,,Y,3,0,1,1,A,-,01,23152,A,N,E,I,A,B,H,-,A,D,0,,,,,Y,Y,A,07,0,1,0,0,0,0,0,0,0,"- ","- ",37.91395,-122.47978999999999,MARIN,UNINCORPORATED,-122.4797385,37.91401063
90112270,2016,2016-02-09,9350,2016-01-14,1920,019000,,4,2,5,2109,0,1,2,,1,060,"US-101 S/B","RICE DRIVE",1600.00,S,N,B,C,Y,,,101,,,,,,S,N,4,0,1,2,A,-,03,22350,,M,C,C,A,B,H,-,C,D,0,,,,,Y,,-,99,0,0,1,0,0,0,0,0,0,"- ","- ",37.964350000000003,-122.51384,MARIN,"SAN RAFAEL",-122.51376292,37.964487339999998
90113983,2016,2016-02-11,9350,2016-02-05,1800,021075,,5,2,9,2100,0,1,2,,1,080,"US-101 NORTHBOUND","ATHERTON AVENUE",7392.00,N,N,A,-,Y,,,101,,,,,,N,Y,3,0,3,2,A,-,03,22350,,N,C,C,A,A,H,-,B,D,0,,,,,Y,,A,01,0,1,2,0,0,0,0,0,0,"- ","- ",38.137360000000001,-122.56395000000001,MARIN,UNINCORPORATED,-122.56390124000001,38.137363440000001
90113991,2016,2016-02-11,9350,2016-02-05,1427,020403,,5,2,9,2100,0,1,2,,2,040,"US 101 N/B","POHONO ST",600.00,S,N,A,-,Y,,,,,,,,,,Y,4,0,1,2,A,-,03,22350,,N,C,C,A,A,H,-,A,D,0,,,,,Y,,A,01,0,0,1,0,0,0,0,0,0,"- ","- ",37.877299999999998,-122.51242999999999,MARIN,UNINCORPORATED,,