CASE_ID,ACCIDENT_YEAR,PROC_DATE,JURIS,COLLISION_DATE,COLLISION_TIME,OFFICER_ID,REPORTING_DISTRICT,DAY_OF_WEEK,CHP_SHIFT,POPULATION,CNTY_CITY_LOC,SPECIAL_COND,BEAT_TYPE,CHP_BEAT_TYPE,CITY_DIVISION_LAPD,CHP_BEAT_CLASS,BEAT_NUMBER,PRIMARY_RD,SECONDARY_RD,DISTANCE,DIRECTION,INTERSECTION,WEATHER_1,WEATHER_2,STATE_HWY_IND,CALTRANS_COUNTY,CALTRANS_DISTRICT,STATE_ROUTE,ROUTE_SUFFIX,POSTMILE_PREFIX,POSTMILE,LOCATION_TYPE,RAMP_INTERSECTION,SIDE_OF_HWY,TOW_AWAY,COLLISION_SEVERITY,NUMBER_KILLED,NUMBER_INJURED,PARTY_COUNT,PRIMARY_COLL_FACTOR,PCF_CODE_OF_VIOL,PCF_VIOL_CATEGORY,PCF_VIOLATION,PCF_VIOL_SUBSECTION,HIT_AND_RUN,TYPE_OF_COLLISION,MVIW,PED_ACTION,ROAD_SURFACE,ROAD_COND_1,ROAD_COND_2,LIGHTING,CONTROL_DEVICE,CHP_ROAD_TYPE,PEDESTRIAN_ACCIDENT,BICYCLE_ACCIDENT,MOTORCYCLE_ACCIDENT,TRUCK_ACCIDENT,NOT_PRIVATE_PROPERTY,ALCOHOL_INVOLVED,STWD_VEHTYPE_AT_FAULT,CHP_VEHTYPE_AT_FAULT,COUNT_SEVERE_INJ,COUNT_VISIBLE_INJ,COUNT_COMPLAINT_PAIN,COUNT_PED_KILLED,COUNT_PED_INJURED,COUNT_BICYCLIST_KILLED,COUNT_BICYCLIST_INJURED,COUNT_MC_KILLED,COUNT_MC_INJURED,PRIMARY_RAMP,SECONDARY_RAMP,LATITUDE,LONGITUDE,COUNTY,CITY,POINT_X,POINT_Y
90226214,2016,2016-07-20,9350,2016-07-15,1400,018797,,5,2,9,2100,0,2,4,,1,046,"POINT REYES PETALUMA RD","NOVATO BLVD",5280.00,W,N,A,-,N,,,,,,,,,,Y,4,0,1,1,A,-,03,22350,,N,E,I,A,A,H,-,A,D,0,,,,,Y,,A,08,0,0,1,0,0,0,0,0,0,"- ","- ",38.130299999999998,-122.71305,MARIN,UNINCORPORATED,-122.7132782,38.129493009999997
90226216,2016,2016-07-20,9350,2016-07-17,1612,018802,,7,2,3,2104,0,1,2,,2,050,"US-101 N/B","GREENBRAE PEDESTRIAN O/C",300.00,S,N,B,-,Y,,,101,,,,,,N,N,4,0,1,1,A,-,03,22350,,N,F,A,A,A,H,-,A,D,0,,,Y,,Y,,C,02,0,0,1,0,0,0,0,0,1,"- ","- ",37.938479999999998,-122.51631999999999,MARIN,LARKSPUR,-122.51638563,37.938497339999998
90226217,2016,2016-07-20,9350,2016-07-18,1635,019000,,1,2,9,2100,0,1,3,,1,012,"SR-1 (SHORELINE HIGHWAY)","POHONO STREET",0.00,,Y,A,-,Y,,,,,,,,,,N,3,0,1,2,A,-,12,22450,A,N,H,G,A,A,H,-,A,D,0,,Y,,,Y,,A,01,0,1,0,0,0,0,1,0,0,"- ","- ",37.879579999999997,-122.51501,MARIN,UNINCORPORATED,-122.51506987,37.879499959999997
90226220,2016,2016-07-20,9350,2016-07-15,1204,019927,,5,1,9,2100,0,2,4,,1,044,"SIR FRANCIS DRAKE BLVD","LAGUNITAS RD",1056.00,W,N,A,-,N,,,,,,,,,,Y,4,0,1,2,A,-,05,21460,A,N,B,C,A,A,H,-,A,A,0,,,,,Y,,A,01,0,0,1,0,0,0,0,0,0,"- ","- ",38.013660000000002,-122.71473,MARIN,UNINCORPORATED,-122.70238000000001,38.011389999999999
90229980,2016,2016-07-25,9350,2016-07-23,1045,020647,,6,1,9,2100,0,1,3,,2,022,SR-1,"PANORAMIC HWY",3696.00,N,N,A,-,Y,,,,,,,,,,Y,2,0,1,1,A,-,03,22350,,N,E,I,A,A,H,-,A,D,0,,Y,,,Y,,L,04,1,0,0,0,0,0,1,0,0,"- ","- ",37.876829999999998,-122.53755,MARIN,UNINCORPORATED,-122.64565618,37.901959660000003
90230008,2016,2016-07-25,9350,2016-07-12,1745,015765,,2,2,9,2100,0,1,2,,1,080,"US-101 N/B","SAN ANTONIO RD. N/EDGE",504.00,N,N,A,-,Y,,,101,,,,,,N,Y,4,0,1,3,A,-,07,21658,A,N,B,C,A,A,H,-,A,D,0,,,Y,,Y,,D,22,0,0,1,0,0,0,0,0,1,"- ","- ",38.164079999999998,-122.57653000000001,MARIN,UNINCORPORATED,-122.57649092,38.16412802
90230964,2016,2016-07-26,9350,2016-07-16,1105,020201,,6,1,9,2100,0,1,3,,1,012,SR-1,"TENNESSEE VALLEY RD",600.00,N,N,B,-,Y,,,1,,,,,,,N,4,0,1,2,A,-,09,21801,A,N,D,C,A,A,H,-,A,D,0,,,,,Y,,A,08,0,0,1,0,0,0,0,0,0,"- ","- ",37.880699999999997,-122.52415000000001,MARIN,UNINCORPORATED,-122.52412640999999,37.880715379999998
90231002,2016,2016-07-27,9350,2016-07-17,1500,019875,,7,2,9,2100,0,2,4,,1,044,"SIR FRANCIS DRAKE BLVD","BAYWOOD CANYON RD",200.00,W,N,A,-,N,,,,,,,,,,N,2,0,1,1,A,-,03,22350,,N,F,A,A,A,H,-,A,D,0,,Y,,,Y,,L,04,1,0,0,0,0,0,1,0,0,"- ","- ",38.002569999999999,-122.61304,MARIN,UNINCORPORATED,-122.61270449,38.002429020000001
90231009,2016,2016-07-27,9350,2016-07-19,1330,015765,,2,1,9,2100,0,2,4,,2,017,"ATHERTON AVE","TAMARIN LANE",607.00,E,N,A,-,N,,,,,,,,,,Y,2,0,4,3,A,-,01,23152,A,N,A,C,A,A,H,-,A,D,0,,,,,Y,Y,A,01,2,1,1,0,0,0,0,0,0,"- ","- ",38.105359999999997,-122.51948,MARIN,UNINCORPORATED,-122.51879971,38.104964889999998
90231016,2016,2016-07-27,9350,2016-07-20,2115,016406,,3,2,9,2100,0,1,1,,1,015,"US-101 S/B TO I-580 E/B","BELLAM BLVD",765.00,W,N,A,-,Y,,,,,,,,,,Y,2,0,3,2,A,-,01,23152,A,N,C,C,A,A,H,-,C,D,0,,,,,Y,Y,A,01,1,0,2,0,0,0,0,0,0,"- ","- ",37.961300000000001,-122.50762,MARIN,UNINCORPORATED,-122.50951368,37.959677939999999
90231491,2016,2016-07-27,9350,2016-07-17,1835,020979,,7,2,9,2100,0,1,2,,1,080,"US-101 N/B","ATHERTON AVE",3738.00,N,N,A,-,Y,,,101,,,,,,N,Y,3,0,1,1,A,-,08,22107,,N,E,I,A,A,H,-,A,D,0,,,,,Y,,A,07,0,1,0,0,0,0,0,0,0,"- ","- ",38.128740000000001,-122.5647,MARIN,UNINCORPORATED,-122.56450996,38.128653219999997
90231508,2016,2016-07-27,9350,2016-07-17,2015,021075,,7,2,9,2100,0,1,3,,1,052,SR-1,"CYPRESS ROAD",5966.00,N,N,B,-,Y,,,1,,,,,,,Y,4,0,1,1,A,-,01,23152,A,N,E,I,A,A,H,-,B,D,0,,,,,Y,Y,A,01,0,0,1,0,0,0,0,0,0,"- ","- ",38.090380000000003,-122.82250000000001,MARIN,UNINCORPORATED,-122.82248645,38.090418329999999
90231608,2016,2016-07-27,9350,2016-07-19,1655,021266,,2,2,9,2100,0,1,2,,1,080,"US 101 N/B","SAN MARIN OVERCROSSING",877.00,S,N,A,-,Y,,,,,,,,,,Y,4,0,1,2,A,-,03,22350,,N,C,C,A,A,H,-,A,D,0,,,,,Y,,A,01,0,0,1,0,0,0,0,0,0,"- ","- ",38.114820000000002,-122.56457,MARIN,UNINCORPORATED,,
90231831,2016,2016-07-27,9350,2016-07-20,1020,017008,,3,1,9,2100,0,1,3,,2,037,"SR-37 E/B","SONOMA COUNTY LINE",200.00,W,N,A,-,Y,,,37,,,,,,E,Y,4,0,1,2,A,-,17,23114,A,N,H,C,A,A,H,-,A,D,0,,,,Y,Y,,F,26,0,0,1,0,0,0,0,0,0,"- ","- ",38.115639999999999,-122.50551,MARIN,UNINCORPORATED,-122.50546756,38.115585609999997
90231855,2016,2016-07-27,9350,2016-07-21,1935,020225,,4,2,9,2100,0,3,5,,2,002,"SIR FRANCIS DRAKE BLVD","ALDER LN",1500.00,E,N,A,-,N,,,,,,,,,,N,3,0,1,1,A,-,01,23152,A,N,F,A,A,A,H,-,A,D,0,,,Y,,Y,Y,C,02,0,1,0,0,0,0,0,0,1,"- ","- ",38.093760000000003,-122.84782,MARIN,UNINCORPORATED,,
90231974,2016,2016-07-28,9350,2016-07-21,0754,019678,,4,1,2,2102,0,1,2,,2,050,"US-101 S/B","WORNUM DR. U/C",340.00,S,N,A,-,Y,,,101,,,,,,S,Y,4,0,1,3,A,-,03,22350,,N,C,C,A,A,H,-,A,D,0,,,,,Y,,A,01,0,0,1,0,0,0,0,0,0,"- ","- ",37.934480000000001,-122.51676,MARIN,"CORTE MADERA",-122.51666145999999,37.934497229999998
90232000,2016,2016-07-28,9350,2016-07-23,1507,018802,,6,2,9,2100,0,1,2,,2,050,"US-101 NB",SR-131,1584.00,N,N,A,-,Y,,,101,,,,,,N,Y,2,0,1,1,A,-,03,22350,,N,F,A,A,A,H,-,A,D,0,,,Y,,Y,,C,02,1,0,0,0,0,0,0,0,1,"- ","- ",37.907600000000002,-122.5145,MARIN,UNINCORPORATED,-122.51446731,37.907584409999998
90232016,2016,2016-07-28,9350,2016-07-27,1630,017201,,3,2,2,2110,0,1,2,,2,020,"US-101 N/B","ROBIN WILLIAMS TUNNEL",20.00,N,N,A,-,Y,,,101,,,,,,N,Y,4,0,1,2,A,-,03,22350,,N,C,C,A,A,H,-,A,D,0,,,,,Y,,A,07,0,0,1,0,0,0,0,0,0,"- ","- ",37.843229999999998,-122.48572,MARIN,SAUSALITO,-122.48555743999999,37.843269970000001
90232021,2016,2016-07-28,9350,2016-07-23,1800,019798,,6,2,9,2100,0,1,3,,2,137,"SR-37 E/B",SR-121,2112.00,W,N,A,-,Y,,,,,,,,,,Y,3,0,2,2,A,-,03,22350,,N,C,C,A,A,H,-,A,D,0,,,,,Y,,A,01,0,1,1,0,0,0,0,0,0,"- ","- ",38.087580000000003,-122.27375000000001,MARIN,UNINCORPORATED,,
90232651,2016,2016-07-28,9350,2016-07-18,2005,021266,9350,1,2,4,2106,0,1,2,,1,080,"US-101 N/B","DE LONG AVE",1076.00,S,N,A,-,Y,,,101,,,,,,N,Y,3,0,2,2,A,-,08,22107,,N,D,C,A,A,H,-,A,D,0,,,,,Y,,A,01,0,1,1,0,0,0,0,0,0,"- ","- ",38.101509999999998,-122.56155,MARIN,NOVATO,-122.56146518,38.101505299999999
9023277,2019,2020-02-15,2110,2019-12-31,1759,SP5278,10000,2,5,2,2110,0,0,0,,0,SP2,BRIDGEWAY,"LOCUST ST",0.00,,Y,A,-,N,,,,,,,,,,N,2,0,1,2,A,-,03,22350,,N,G,B,B,A,H,-,C,D,0,Y,,,,Y,,A,01,1,0,0,0,1,0,0,0,0,"- ","- ",,,MARIN,SAUSALITO,-122.48673248291016,37.859981536865234
90233069,2016,2016-07-29,9350,2016-07-20,0647,020403,,3,1,9,2100,0,1,2,,2,020,"US 101 S/B","ALEXANDER AVE",50.00,N,N,A,-,Y,,,,,,,,,,Y,4,0,1,2,A,-,03,22350,,N,C,C,A,A,H,-,A,D,0,,,,,Y,,D,22,0,0,1,0,0,0,0,0,0,"- ","- ",37.834829999999997,-122.48433,MARIN,UNINCORPORATED,-122.48482945000001,37.835712049999998
90234999,2016,2016-08-01,9350,2016-07-23,0255,020865,,6,3,9,2100,0,1,2,,2,020,"US-101 SOUTHBOUND","WOLFBACK RIDGE RD",3802.00,N,N,A,-,Y,,,,,,,,,,Y,4,0,2,1,A,-,08,22107,,N,E,I,A,A,H,-,D,D,0,,,,,Y,,A,01,0,0,2,0,0,0,0,0,0,"- ","- ",37.858249999999998,-122.49996,MARIN,UNINCORPORATED,-122.4926,37.852870000000003
90235038,2016,2016-08-01,9350,2016-07-22,0630,#19777,,5,1,5,2109,0,1,2,,2,050,"US-101 SOUTHBOUND","RT 580",2112.00,S,N,A,-,Y,,,101,,,,,,S,Y,3,0,3,4,A,-,03,22350,,N,C,C,A,A,H,-,A,D,0,,,,,Y,,A,07,0,1,2,0,0,0,0,0,0,"- ","- ",37.956589999999998,-122.50908,MARIN,"SAN RAFAEL",-122.50898579,37.956608099999997
90235052,2016,2016-08-01,9350,2016-07-24,0902,019651,,7,1,9,2100,0,1,3,,2,037,"SR-37 E/B","MARIN/SONOMA COUNTY LINE",725.00,W,N,A,-,Y,,,37,,,,,,E,Y,4,0,1,1,A,-,08,22107,,N,E,I,A,A,H,-,A,D,0,,,,,Y,,A,07,0,0,1,0,0,0,0,0,0,"- ","- ",38.114750000000001,-122.50669000000001,MARIN,UNINCORPORATED,-122.50663634999999,38.114680710000002
90235081,2016,2016-08-02,9350,2016-07-26,0550,020779,,2,3,5,2109,0,1,1,,1,015,"I-580 W/B","BELLAM BLVD",2640.00,E,N,A,-,Y,,,580,,,,,,W,Y,4,0,1,1,A,-,08,22107,,N,E,I,A,A,H,-,A,D,0,,,,Y,Y,,F,26,0,0,1,0,0,0,0,0,0,"- ","- ",37.954419999999999,-122.49951,MARIN,"SAN RAFAEL",-122.49944379,37.954489449999997
90235085,2016,2016-08-02,9350,2016-07-25,1730,017201,,1,2,9,2100,0,2,4,,1,044,"SIR FRANCIS DRAKE BLVD","BALBOA AVE",445.00,W,N,A,-,N,,,,,,,,,,Y,3,0,1,1,A,-,08,22107,,N,E,J,A,A,H,-,A,D,0,,,,,Y,,D,22,0,1,0,0,0,0,0,0,0,"- ","- ",38.063679999999998,-122.82077,MARIN,UNINCORPORATED,-122.82102386,38.0644426
90235088,2016,2016-08-02,9350,2016-07-27,1645,019678,,3,2,9,2100,0,1,2,,1,080,"US-101 N/B","SAN ANTONIO RD.",2640.00,S,N,A,-,Y,,,101,,,,,,N,N,4,0,1,2,A,-,03,22350,,N,C,C,A,A,H,-,A,D,0,,,,,Y,,D,22,0,0,1,0,0,0,0,0,0,"- ","- ",38.156979999999997,-122.56863,MARIN,UNINCORPORATED,-122.56868036,38.15695805
90235089,2016,2016-08-02,9350,2016-07-28,1615,020776,,4,2,9,2100,0,1,2,,2,031,"VISTA POINT PARKING LOT","ALEXANDER AVE",1500.00,S,N,A,-,N,,,,,,,,,,N,4,0,3,2,B,-,22,,,N,D,C,A,A,H,-,A,D,0,,,,,Y,,A,07,0,0,3,0,0,0,0,0,0,"- ","- ",37.495750000000001,-122.28497,MARIN,UNINCORPORATED,,
90235105,2016,2016-08-02,9350,2016-07-30,0805,018797,,6,1,4,2106,0,1,2,,1,080,"US-101 S/B","DE LONG AVENUE O/C",610.00,S,N,A,-,Y,,,101,,,,,,S,Y,3,0,1,1,A,-,08,22107,,N,E,I,A,A,H,-,A,D,0,,,,,Y,,A,01,0,1,0,0,0,0,0,0,0,"- ","- ",38.103000000000002,-122.56180999999999,MARIN,NOVATO,-122.56182543,38.102997090000002
90235109,2016,2016-08-02,9350,2016-07-29,1755,019798,,5,2,9,2100,0,1,2,,1,080,"US-101 S/B","MARIN/SONOMA COUNTY LINE",645.00,S,N,A,-,Y,,,,,,,,,,Y,4,0,1,1,A,-,08,22107,,N,E,I,A,A,H,-,A,D,0,,,,,Y,,A,07,0,0,1,0,0,0,0,0,0,"- ","- ",38.110469999999999,-122.36053,MARIN,UNINCORPORATED,,
90235193,2016,2016-08-02,9350,2016-07-27,1535,020776,,3,2,9,2100,0,1,2,,1,120,"US-101 N/B (GGB EAST SIDEWALK)","ALEXANDER AVENUE",4000.00,S,N,A,-,Y,,,,,,,,,,N,3,0,1,2,B,-,22,,,N,A,G,A,A,H,-,A,D,0,,Y,,,Y,,L,04,0,1,0,0,0,0,1,0,0,"- ","- ",37.493639999999999,-122.28457,MARIN,UNINCORPORATED,-122.47924774000001,37.82620816
90235246,2016,2016-08-02,9350,2016-07-28,2218,020779,,4,3,2,2102,0,1,2,,2,050,"US-101 N/B","WORNUM DR",840.00,S,N,A,-,Y,,,101,,,,,,N,Y,3,0,5,3,A,-,03,22350,,N,C,C,A,A,D,-,D,A,0,,,,,Y,Y,A,01,0,1,4,0,0,0,0,0,0,"- ","- ",37.933239999999998,-122.51622,MARIN,"CORTE MADERA",-122.51620002,37.9332438
90235414,2016,2016-08-02,9350,2016-07-27,2230,016836,,3,3,2,2102,0,1,2,,2,050,"US-101 N/B","NELLEN DRIVE U/C",90.00,N,N,A,-,Y,,,101,,,,,,N,Y,4,0,2,3,A,-,03,22350,,N,C,C,A,A,D,-,C,D,0,,,,,Y,,A,01,0,0,2,0,0,0,0,0,0,"- ","- ",37.935720000000003,-122.5167,MARIN,"CORTE MADERA",-122.51665611,37.935726469999999
90235893,2016,2016-08-02,9350,2016-08-01,1600,017008,,1,2,9,2100,0,3,5,,2,005,"POINT SAN PEDRO RD","MARGARITA DR",0.00,,Y,A,-,N,,,,,,,,,,N,3,0,1,2,A,-,21,22106,,N,H,G,A,A,H,-,A,A,0,,Y,,,Y,,A,01,0,1,0,0,0,0,1,0,0,"- ","- ",37.975250000000003,-122.49616,MARIN,UNINCORPORATED,-122.49617987000001,37.975259919999999
90237244,2016,2016-08-04,9350,2016-07-28,1915,021266,,4,2,5,2109,0,1,2,,2,050,"US 101 N/B","I 580 O/C",106.00,S,N,A,-,Y,,,,,,,,,,N,4,0,1,2,A,-,03,22350,,N,C,C,A,A,H,-,A,D,0,,,,,Y,,D,22,0,0,1,0,0,0,0,0,0,"- ","- ",37.959449999999997,-122.50928,MARIN,"SAN RAFAEL",,
90238839,2016,2016-08-08,9350,2016-08-05,1205,019651,,5,1,9,2100,0,3,5,,2,003,"E. SIR FRANCIS DRAKE BLVD","SAN QUENTIN WEST GATE",600.00,E,N,A,-,N,,,,,,,,,,Y,4,0,2,3,A,-,03,22350,,N,C,C,A,A,H,-,A,D,0,,,,,Y,,A,01,0,0,2,0,0,0,0,0,0,"- ","- ",37.943440000000002,-122.49784,MARIN,UNINCORPORATED,-122.49784,37.943440000000002
90238841,2016,2016-08-08,9350,2016-07-30,1745,019927,,6,2,9,2100,0,1,3,,1,012,"PANORAMIC HWY",SR-1,5280.00,E,N,A,-,Y,,,,,,,,,,Y,4,0,1,1,A,-,08,22107,,N,F,A,A,A,H,-,A,D,0,,,Y,,Y,,C,02,0,0,1,0,0,0,0,0,1,"- ","- ",37.89405,-122.62409,MARIN,UNINCORPORATED,-122.6284057,37.89514475
90240810,2016,2016-08-09,9350,2016-07-30,1850,021075,,6,2,9,2100,0,1,2,,2,070,"US-101 NORTHBOUND","MILLER CREEK ROAD OVERCROSSING",2320.00,N,N,A,-,Y,,,101,,,,,,N,Y,4,0,1,1,A,-,08,22107,,N,E,I,A,A,H,-,A,D,0,,,,,Y,,A,01,0,0,1,0,0,0,0,0,0,"- ","- ",38.040289999999999,-122.53691999999999,MARIN,UNINCORPORATED,-122.53679986,38.040289649999998
90240839,2016,2016-08-09,9350,2016-08-02,1628,019000,,2,2,9,2100,0,1,2,,2,040,"US-101 N/B",SR-131,1000.00,S,N,A,-,Y,,,101,,,,,,N,Y,4,0,1,2,A,-,03,22350,,N,B,C,A,A,H,-,A,D,0,,,,Y,Y,,A,01,0,0,1,0,0,0,0,0,0,"- ","- ",37.900919999999999,-122.51560000000001,MARIN,UNINCORPORATED,-122.5157473,37.900931290000003
90240889,2016,2016-08-09,9350,2016-08-03,1120,013450,,3,1,9,2100,0,2,4,,1,014,"PANORAMIC HWY","SHORELINE HWY 1",8448.00,E,N,B,-,N,,,,,,,,,,N,3,0,1,1,A,-,08,22107,,N,F,A,A,A,H,-,A,D,0,,,Y,,Y,,C,02,0,1,0,0,0,0,0,0,1,"- ","- ",37.904739999999997,-122.61053,MARIN,UNINCORPORATED,-122.62276946999999,37.89356858
90240896,2016,2016-08-09,9350,2016-08-03,1700,016274,,3,2,9,2100,0,2,4,,1,016,"LUCAS VALLEY ROAD E/B","WESTGATE DR",7920.00,W,N,A,-,N,,,,,,,,,,Y,3,0,1,1,A,-,03,22350,,N,F,A,A,A,H,-,A,D,0,,,Y,,Y,,C,02,0,1,0,0,0,0,0,0,1,"- ","- ",38.044040000000003,-122.6153,MARIN,UNINCORPORATED,-122.61983084000001,38.044662529999997
90240947,2016,2016-08-09,9350,2016-08-03,1705,016406,,3,2,9,2100,0,1,2,,1,030,"US-101 N/B","RODEO AVE",200.00,N,N,A,-,Y,,,101,,,,,,N,Y,3,0,1,2,A,-,03,22350,,N,C,C,A,A,H,-,A,D,0,,,Y,,Y,,C,02,0,1,0,0,0,0,0,0,1,"- ","- ",37.862139999999997,-122.50516,MARIN,UNINCORPORATED,-122.50514883,37.862153419999999
90240976,2016,2016-08-09,9350,2016-08-04,1820,020753,,4,2,9,2100,0,2,4,,1,016,"LUCAS VALLEY RD.","WESTGATE DRIVE",7973.00,W,N,B,-,N,,,,,,,,,,Y,3,0,1,1,A,-,08,22107,,N,B,I,A,A,H,-,A,D,0,,,,,Y,,A,07,0,1,0,0,0,0,0,0,0,"- ","- ",38.045029999999997,-122.62004,MARIN,UNINCORPORATED,-122.61987927,38.044802990000001
90241096,2016,2016-08-09,9350,2016-08-06,1745,020201,,6,2,9,2100,0,1,1,,2,115,"I-580 EASTBOUND","MARIN/CONTRA COSTA COUNTY LINE",2000.00,W,N,A,-,Y,,,580,,,,,,E,Y,3,0,1,1,A,-,07,21658,A,N,E,I,A,A,H,-,A,D,0,,,,,Y,,A,01,0,1,0,0,0,0,0,0,0,"- ","- ",37.934719999999999,-122.43951,MARIN,UNINCORPORATED,-122.43950756,37.934756960000001
90241112,2016,2016-08-09,9350,2016-08-08,1725,019000,,1,2,9,2100,0,1,3,,1,052,"SR-1 (SHORELINE HIGHWAY)","WALKER CREEK BRIDGE",710.00,N,N,A,-,Y,,,1,,,,,,,Y,3,0,2,1,A,-,08,22107,,N,E,I,A,A,H,-,A,D,0,,,,,Y,,A,01,0,2,0,0,0,0,0,0,0,"- ","- ",38.23424,-122.91036,MARIN,UNINCORPORATED,-122.91039763000001,38.234280429999998
90241146,2016,2016-08-09,9350,2016-08-08,0805,017201,,1,1,3,2104,0,1,2,,2,050,"US-101 S/B","SIR FRANCIS DRAKE BLVD",200.00,N,N,A,-,Y,,,101,,,,,,S,Y,4,0,1,3,A,-,03,22350,,N,C,C,A,A,H,-,A,D,0,,,,,Y,,A,01,0,0,1,0,0,0,0,0,0,"- ","- ",37.948129999999999,-122.51304,MARIN,LARKSPUR,-122.51306666000001,37.94814598
90241169,2016,2016-08-09,9350,2016-08-08,1458,017201,,1,2,5,2109,0,1,2,,2,050,"US-101 N/B","I-580 O/C",700.00,S,N,A,-,Y,,,101,,,,,,N,Y,4,0,1,3,A,-,03,22350,,N,C,C,A,A,H,-,A,D,0,,,,Y,Y,,F,26,0,0,1,0,0,0,0,0,0,"- ","- ",37.959139999999998,-122.50923,MARIN,"SAN RAFAEL",-122.50919045000001,37.959147299999998
90241969,2016,2016-08-10,9350,2016-08-09,1800,016406,,2,2,9,2100,0,1,2,,2,050,"US-101 N/B","SIR FRANCIS DRAKE BLVD",528.00,N,N,A,-,Y,,,101,,,,,,N,N,4,0,1,2,A,-,03,22350,,N,C,C,A,A,H,-,A,D,0,,,,,Y,,D,22,0,0,1,0,0,0,0,0,0,"- ","- ",37.944499999999998,-122.51478,MARIN,UNINCORPORATED,-122.51482799999999,37.94451625
90243807,2016,2016-08-12,9350,2016-08-11,0810,017008,,4,1,9,2100,0,1,1,,1,015,"I-580 W/B","MAIN ST",6336.00,E,N,B,-,Y,,,580,,,,,,W,Y,4,0,2,2,A,-,03,22350,,N,C,C,A,A,H,-,A,D,0,,,,,Y,,A,01,0,0,2,0,0,0,0,0,0,"- ","- ",37.937660000000001,-122.45811,MARIN,UNINCORPORATED,-122.45811415,37.9376459
90243816,2016,2016-08-12,9350,2016-08-06,1035,019651,,6,1,5,2109,0,1,1,,1,015,"I-580 W/B","SIR FRANCIS DRAKE BLVD O/C",900.00,W,N,B,-,Y,,,580,,,,,,W,Y,4,0,1,2,A,-,07,21658,A,M,E,I,A,A,H,-,A,D,0,,,,,Y,,D,22,0,0,1,0,0,0,0,0,0,"- ","- ",37.948430000000002,-122.49305,MARIN,"SAN RAFAEL",-122.49306395000001,37.948415300000001
90244128,2016,2016-08-15,9350,2016-08-12,1455,018802,,5,2,5,2109,0,1,2,,1,060,"US-101 SB","BELLAM BLVD.",3168.00,N,N,A,-,Y,,,101,,,,,,S,N,4,0,1,2,A,-,07,21658,,N,B,C,A,A,H,-,A,D,0,,,,,Y,,-,"- ",0,0,1,0,0,0,0,0,0,"- ","- ",37.964799999999997,-122.51449,MARIN,"SAN RAFAEL",-122.51444927999999,37.964872550000003
90245447,2016,2016-08-16,9350,2016-08-04,1230,018797,,4,1,9,2100,0,2,4,,1,046,"POINT REYES PETALUMA RD","LAUREL CANYON ROAD",0.00,,Y,A,-,Y,,,,,,,,,,Y,4,0,3,2,A,-,09,21801,A,N,D,C,A,A,H,-,A,D,0,,,,,Y,,A,07,0,0,3,0,0,0,0,0,0,"- ","- ",38.071359999999999,-122.76053,MARIN,UNINCORPORATED,-122.76052992,38.071379909999997
90245573,2016,2016-08-16,9350,2016-08-05,0512,020831,,5,3,9,2100,0,1,2,,1,030,"US-101 S/B","SPENCER AVENUE UNDERCROSSING",990.00,N,N,E,-,Y,,,,,,,,,,Y,4,0,2,3,A,-,03,22350,,N,E,I,A,B,C,-,D,D,0,,,,,Y,,D,22,0,0,2,0,0,0,0,0,0,"- ","- ",37.855510000000002,-122.49422,MARIN,UNINCORPORATED,,
90245736,2016,2016-08-16,9350,2016-08-05,1225,019875,,5,1,4,2106,0,1,2,,1,080,"US-101 N/B","RUSH LANDING RD",100.00,N,N,A,-,Y,,,101,,,,,,N,Y,3,0,1,2,A,-,03,22350,,N,C,C,A,A,H,-,A,D,0,,,,,Y,,A,07,0,1,0,0,0,0,0,0,0,"- ","- ",38.12189,-122.56599,MARIN,NOVATO,-122.56563343000001,38.121943870000003
90245809,2016,2016-08-16,9350,2016-08-07,0205,020753,,7,3,3,2105,0,1,2,,2,040,"US-101 SOUTHBOUND",SR-131,330.00,N,N,B,-,Y,,,101,,,,,,S,Y,4,0,1,1,A,-,08,22107,,N,E,I,A,A,H,-,C,D,0,,,,,Y,,A,07,0,0,1,0,0,0,0,0,0,"- ","- ",37.903790000000001,-122.51600999999999,MARIN,"MILL VALLEY",-122.51574497,37.903767639999998
90246447,2016,2016-08-17,9350,2016-08-11,1535,019678,,4,2,2,2102,0,1,2,,2,050,"US-101 N/B","TAMALPAIS DR.",1100.00,S,N,A,-,Y,,,101,,,,,,N,N,4,0,1,2,A,-,03,22350,,N,C,C,A,A,H,-,A,D,0,,,,,Y,,D,22,0,0,1,0,0,0,0,0,0,"- ","- ",37.923119999999997,-122.51297,MARIN,"CORTE MADERA",-122.51298043,37.923114269999999
90246612,2016,2016-08-17,9350,2016-08-15,1925,020613,,1,2,9,2100,0,1,3,,1,012,"STATE ROUTE 1 (SHORELINE HWY)","TENNESSEE VALLEY RD",528.00,N,N,A,-,Y,,,1,,,,,,,Y,3,0,1,2,A,-,09,21801,A,N,H,G,A,A,H,-,A,D,0,,Y,,,Y,,A,01,0,1,0,0,0,0,1,0,0,"- ","- ",37.880699999999997,-122.52419,MARIN,UNINCORPORATED,-122.52413835,37.88073369
90246633,2016,2016-08-17,9350,2016-08-15,0643,017201,,1,1,5,2109,0,1,2,,2,070,"US-101 S/B","LUCAS VALLEY RD",450.00,N,N,A,-,Y,,,101,,,,,,S,Y,4,0,1,2,A,-,08,22107,,N,D,C,A,A,H,-,A,D,0,,,,,Y,,D,22,0,0,1,0,0,0,0,0,0,"- ","- ",38.023319999999998,-122.53870000000001,MARIN,"SAN RAFAEL",-122.53877315,38.023335439999997