CASE_ID,ACCIDENT_YEAR,PROC_DATE,JURIS,COLLISION_DATE,COLLISION_TIME,OFFICER_ID,REPORTING_DISTRICT,DAY_OF_WEEK,CHP_SHIFT,POPULATION,CNTY_CITY_LOC,SPECIAL_COND,BEAT_TYPE,CHP_BEAT_TYPE,CITY_DIVISION_LAPD,CHP_BEAT_CLASS,BEAT_NUMBER,PRIMARY_RD,SECONDARY_RD,DISTANCE,DIRECTION,INTERSECTION,WEATHER_1,WEATHER_2,STATE_HWY_IND,CALTRANS_COUNTY,CALTRANS_DISTRICT,STATE_ROUTE,ROUTE_SUFFIX,POSTMILE_PREFIX,POSTMILE,LOCATION_TYPE,RAMP_INTERSECTION,SIDE_OF_HWY,TOW_AWAY,COLLISION_SEVERITY,NUMBER_KILLED,NUMBER_INJURED,PARTY_COUNT,PRIMARY_COLL_FACTOR,PCF_CODE_OF_VIOL,PCF_VIOL_CATEGORY,PCF_VIOLATION,PCF_VIOL_SUBSECTION,HIT_AND_RUN,TYPE_OF_COLLISION,MVIW,PED_ACTION,ROAD_SURFACE,ROAD_COND_1,ROAD_COND_2,LIGHTING,CONTROL_DEVICE,CHP_ROAD_TYPE,PEDESTRIAN_ACCIDENT,BICYCLE_ACCIDENT,MOTORCYCLE_ACCIDENT,TRUCK_ACCIDENT,NOT_PRIVATE_PROPERTY,ALCOHOL_INVOLVED,STWD_VEHTYPE_AT_FAULT,CHP_VEHTYPE_AT_FAULT,COUNT_SEVERE_INJ,COUNT_VISIBLE_INJ,COUNT_COMPLAINT_PAIN,COUNT_PED_KILLED,COUNT_PED_INJURED,COUNT_BICYCLIST_KILLED,COUNT_BICYCLIST_INJURED,COUNT_MC_KILLED,COUNT_MC_INJURED,PRIMARY_RAMP,SECONDARY_RAMP,LATITUDE,LONGITUDE,COUNTY,CITY,POINT_X,POINT_Y
90302426,2016,2016-10-27,9350,2016-10-20,1710,021391,,4,2,9,2100,0,1,2,,2,050,"US-101 N/B","GREENBRAE PEDESTRIAN OVERCROSSING",200.00,S,N,A,-,Y,,,101,,,,,,N,N,4,0,1,3,A,-,03,22350,,N,C,C,A,A,H,-,A,D,0,,,,,Y,,D,22,0,0,1,0,0,0,0,0,0,"- ","- ",37.938679999999998,-122.51638,MARIN,UNINCORPORATED,-122.51634016,37.938669470000001
90302442,2016,2016-10-27,9350,2016-10-25,0839,021418,,2,1,9,2100,0,1,2,,1,030,"US 101 NB","MONTE MAR DRIVE O/C",1584.00,N,N,B,C,Y,,,,,,,,,,Y,4,0,1,2,A,-,03,22350,,N,D,C,A,B,H,-,A,D,0,,,,,Y,,A,01,0,0,1,0,0,0,0,0,0,"- ","- ",37.856520000000003,-122.49508,MARIN,UNINCORPORATED,,
90302648,2016,2016-10-27,9350,2016-10-26,2005,020647,,3,2,9,2100,0,3,5,,2,002,"OLEMA BOLINAS ROAD",SR-1,1003.00,W,N,A,-,N,,,,,,,,,,Y,3,0,1,1,A,-,08,22107,,N,E,I,A,A,H,-,D,D,0,,,,,Y,,D,22,0,1,0,0,0,0,0,0,0,"- ","- ",37.93385,-122.6992,MARIN,UNINCORPORATED,-122.70011,37.935699999999997
90303234,2016,2016-10-27,9350,2016-10-21,1735,019703,,5,2,9,2100,0,1,2,,1,120,"US-101 SOUTHBOUND","GGB NORTH TOWER",200.00,N,N,A,-,Y,,,101,,,,,,S,N,3,0,2,2,B,-,22,,,N,G,B,E,A,H,-,A,D,0,Y,Y,,,Y,,L,04,0,2,0,0,1,0,1,0,0,"- ","- ",37.826270000000001,-122.47956000000001,MARIN,UNINCORPORATED,-122.4796408,37.826257980000001
90305949,2016,2016-10-28,9350,2016-10-21,1821,020831,,5,2,5,2109,0,1,2,,2,070,"US-101 SOUTHBOUND","MANUEL T. FRETAS PARKWAY OVERCROSSING",1293.00,N,N,A,-,Y,,,101,,,,,,S,Y,4,0,1,1,A,-,08,22107,,N,E,I,A,A,H,-,C,D,0,,,,,Y,,A,01,0,0,1,0,0,0,0,0,0,"- ","- ",38.010710000000003,-122.54203,MARIN,"SAN RAFAEL",-122.5421515,38.01070893
90306010,2016,2016-10-28,9350,2016-10-22,2310,020831,,6,3,5,2109,0,1,2,,1,060,"US-101 NORTHBOUND","COLEMAN PEDESTRIAN OVERCROSSING",482.00,N,N,A,-,Y,,,101,,,,,,N,Y,3,0,6,1,A,-,08,22107,,N,F,A,A,A,H,-,C,D,0,,,,,Y,,A,07,0,4,2,0,0,0,0,0,0,"- ","- ",37.979649999999999,-122.52097999999999,MARIN,"SAN RAFAEL",-122.52085033,37.979688019999998
90306040,2016,2016-10-28,9350,2016-10-15,1345,018319,,6,1,9,2100,0,2,4,,1,016,"LUCAS VALLEY ROAD","WESTGATE DR",7920.00,W,N,B,C,N,,,,,,,,,,Y,3,0,2,2,A,-,03,22350,,N,A,C,A,B,H,-,A,D,0,,,,,Y,,A,01,0,1,1,0,0,0,0,0,0,"- ","- ",38.044530000000002,-122.61969000000001,MARIN,UNINCORPORATED,-122.61983084000001,38.044662529999997
90306260,2016,2016-10-28,9350,2016-10-21,0835,019875,,5,1,9,2100,0,2,4,,1,044,"SIR FRANCIS DRAKE BLVD","BAYWOOD CANYON RD",0.00,,Y,A,-,N,,,,,,,,,,Y,4,0,1,2,A,-,09,21802,A,N,B,C,A,A,H,-,A,D,0,,,,Y,Y,,A,08,0,0,1,0,0,0,0,0,0,"- ","- ",38.002330000000001,-122.61219,MARIN,UNINCORPORATED,-122.61203989000001,38.002269929999997
90306561,2016,2016-10-31,9350,2016-10-23,1820,020979,,7,2,9,2100,0,1,2,,2,020,"US-101 S/B","ALEXANDER AVENUE U/C",1151.00,S,N,A,-,Y,,,101,,,,,,S,Y,3,0,2,3,A,-,03,22350,,N,C,C,A,A,H,-,A,D,0,,,,,Y,,A,01,0,1,1,0,0,0,0,0,0,"- ","- ",37.833260000000003,-122.48263,MARIN,UNINCORPORATED,-122.48263522000001,37.833250960000001
90306613,2016,2016-10-31,9350,2016-10-22,1750,021075,,6,2,9,2100,0,1,3,,1,052,SR-1,"WILLOW WAY",8712.00,S,N,A,-,Y,,,1,,,,,,,Y,4,0,1,2,A,-,05,21460,A,N,B,C,A,A,H,-,B,D,0,,,,,Y,,D,22,0,0,1,0,0,0,0,0,0,"- ","- ",38.21067,-122.92469,MARIN,UNINCORPORATED,-122.92468943999999,38.210674709999999
90306615,2016,2016-10-31,9350,2016-10-27,1810,021075,,4,2,9,2100,0,1,2,,1,060,"US-101 NORTHBOUND","NORTH SAN PEDRO ROAD UNDERCROSSING",1500.00,N,N,B,C,Y,,,,,,,,,,N,4,0,1,2,A,-,03,22350,,N,C,C,A,B,H,-,B,D,0,,,,,Y,,A,01,0,0,1,0,0,0,0,0,0,"- ","- ",37.994999999999997,-122.53234,MARIN,UNINCORPORATED,,
90308041,2016,2016-11-01,9350,2016-10-26,1720,019000,,3,2,5,2109,0,1,2,,1,060,"US-101 S/B","LINCOLN AVE U/C",850.00,S,N,A,-,Y,,,101,,,,,,S,Y,4,0,1,2,A,-,03,22350,,N,C,C,A,A,H,-,A,D,0,,,,,Y,,A,01,0,0,1,0,0,0,0,0,0,"- ","- ",37.986629999999998,-122.52565,MARIN,"SAN RAFAEL",-122.52558304999999,37.986694180000001
90308521,2016,2016-11-01,9350,2016-10-26,1710,016533,,3,2,2,2102,0,1,2,,2,050,"US-101 N/B","SIR FRANCIS DRAKE BLVD. U/C (N/EDGE)",50.00,S,N,A,-,Y,,,,,,,,,,N,4,0,1,2,A,-,03,22350,,N,C,C,A,A,H,-,A,A,0,,,,,Y,,D,22,0,0,1,0,0,0,0,0,0,"- ","- ",,,MARIN,"CORTE MADERA",-122.51487427000001,37.944437190000002
90308814,2016,2016-11-01,9350,2016-11-01,0855,016034,,2,1,9,2100,0,2,4,,2,024,"SIR FRANCIS DRAKE BOULEVARD","BUTTERFLY LANE",65.00,E,N,A,-,N,,,,,,,,,,N,4,0,1,2,A,-,03,22350,,N,C,C,A,A,H,-,A,D,0,,,,,Y,,A,01,0,0,1,0,0,0,0,0,0,"- ","- ",37.957279999999997,-122.55034999999999,MARIN,UNINCORPORATED,-122.54964806,37.957195720000001
90309074,2016,2016-11-02,9350,2016-10-26,1815,019000,,3,2,5,2109,0,1,2,,2,050,"US-101 S/B FROM W. FRANCISCO BLVD.","W. FRANCISCO BLVD",48.00,S,N,A,-,Y,,,101,,,,R,,S,N,4,0,2,3,A,-,02,22400,A,N,C,C,A,A,H,-,B,A,0,,,,,Y,,A,01,0,0,2,0,0,0,0,0,0,"- ","- ",37.96143,-122.5104,MARIN,"SAN RAFAEL",-122.5104,37.96143
90309088,2016,2016-11-07,9350,2016-10-25,0650,017201,,2,1,5,2109,0,1,2,,2,050,"US-101 N/B","I-580 O/C",600.00,S,N,A,-,Y,,,101,,,,,,N,Y,4,0,1,2,A,-,03,22350,,N,B,C,A,B,H,-,D,D,0,,,,,Y,,A,01,0,0,1,0,0,0,0,0,0,"- ","- ",37.960909999999998,-122.50954,MARIN,"SAN RAFAEL",-122.50954827,37.960908949999997
90309212,2016,2016-11-02,9350,2016-10-26,1632,014448,,3,2,9,2100,0,1,2,,2,050,"US 101 N/B","PARADISE DR. O/C",2112.00,S,N,A,-,Y,,,,,,,,,,Y,4,0,1,2,A,-,03,22350,,N,C,C,A,A,H,-,A,D,0,,,,,Y,,A,07,0,0,1,0,0,0,0,0,0,"- ","- ",,,MARIN,UNINCORPORATED,,
90312100,2016,2016-11-07,9350,2016-10-29,1955,021099,,6,2,9,2100,0,2,4,,1,044,"SIR FRANCIS DRAKE BLVD","SAMUEL P. TAYLOR PARK",5280.00,E,N,B,-,N,,,,,,,,,,Y,3,0,1,1,A,-,01,23152,A,N,E,I,A,A,H,-,D,D,0,,,,,Y,Y,A,01,0,1,0,0,0,0,0,0,0,"- ","- ",38.013730000000002,-122.71605,MARIN,UNINCORPORATED,-122.71605,38.013730000000002
90312119,2016,2016-11-07,9350,2016-10-30,0110,020753,,7,3,9,2100,0,3,5,,2,002,"SIR FRANCIS DRAKE BLVD",SR-1,2650.00,W,N,B,-,N,,,,,,,,,,N,3,0,1,1,A,-,01,23152,A,N,E,J,A,B,H,-,D,D,0,,,,,Y,Y,D,22,0,1,0,0,0,0,0,0,0,"- ","- ",38.062669999999997,-122.81367,MARIN,UNINCORPORATED,-122.81367241,38.0626429
90312197,2016,2016-11-07,9350,2016-11-06,0838,018802,,7,1,2,2102,0,1,2,,2,050,"US-101 NB TO TAMALPAIS DRIVE","TAMALPAIS DRIVE",390.00,S,N,B,-,Y,,,101,,,,R,,N,Y,2,0,1,1,A,-,08,22107,,N,E,J,A,B,H,-,A,D,0,,,,,Y,,A,01,1,0,0,0,0,0,0,0,0,"- ","- ",37.925400000000003,-122.51355,MARIN,"CORTE MADERA",-122.51355,37.925400000000003
90312212,2016,2016-11-07,9350,2016-10-29,1028,019703,,6,1,9,2100,0,1,2,,2,020,"US-101 SOUTHBOUND","ROBIN WILLIAMS TUNNEL",45.00,N,N,B,C,Y,,,101,,,,,,S,Y,4,0,1,3,A,-,03,22350,,N,E,I,A,B,H,-,A,D,0,,,,,Y,,A,01,0,0,1,0,0,0,0,0,0,"- ","- ",37.845930000000003,-122.48666,MARIN,UNINCORPORATED,-122.48662803000001,37.845939889999997
90312216,2016,2016-11-07,9350,2016-11-05,0835,019150,,6,1,9,2100,0,1,3,,1,012,SR-1,"COYOTE CREEK BRIDGE NORTH END",50.00,N,N,A,-,Y,,,1,,,,,,,N,3,0,4,5,A,-,04,21703,,N,H,G,A,A,H,-,A,D,0,,Y,,,Y,,L,04,0,3,1,0,0,0,4,0,0,"- ","- ",37.879899999999999,-122.52348000000001,MARIN,UNINCORPORATED,-122.52350307,37.879874309999998
90312217,2016,2016-11-07,9350,2016-11-05,0655,019678,,6,1,9,2100,0,2,4,,1,044,"SIR FRANCIS DRAKE BLVD","NICASIO VALLEY RD",6.00,W,N,E,-,N,,,,,,,,,,Y,4,0,1,1,A,-,08,22107,,N,E,I,A,A,H,-,B,D,0,,,,Y,Y,,F,26,0,0,1,0,0,0,0,0,0,"- ","- ",38.014629999999997,-122.66379000000001,MARIN,UNINCORPORATED,-122.6637508,38.014489050000002
90317583,2016,2016-11-14,9350,2016-11-01,1440,014448,,2,2,9,2100,0,3,5,,2,004,"TENNESSEE VALLEY ROAD","MARIN AVE",528.00,N,N,A,-,N,,,,,,,,,,N,4,0,1,1,A,-,08,22107,,N,E,I,A,A,H,-,A,D,0,,,,,Y,,A,07,0,0,1,0,0,0,0,0,0,"- ","- ",38.877549999999999,-122.52482999999999,MARIN,UNINCORPORATED,-122.52493324,37.877540000000003
90317594,2016,2016-11-14,9350,2016-10-29,0300,021087,,6,3,5,2109,0,1,2,,1,060,"US 101 N/B","4TH ST",280.00,S,N,B,-,Y,,,,,,,,,,Y,3,0,1,1,A,-,01,23152,A,N,E,I,A,B,H,-,C,D,0,,,,,Y,Y,A,01,0,1,0,0,0,0,0,0,0,"- ","- ",37.971550000000001,-122.52173999999999,MARIN,"SAN RAFAEL",-122.52168935,37.971578940000001
90317615,2016,2016-11-14,9350,2016-11-02,0649,017729,,3,1,9,2100,0,1,2,,2,070,"US-101 S/B","LUCAS VALLEY ROAD UNDER CROSSING",50.00,S,N,A,-,Y,,,101,,,,,,S,N,4,0,1,2,A,-,03,22350,,N,C,C,A,A,H,-,B,D,0,,,,,Y,,A,01,0,0,1,0,0,0,0,0,0,"- ","- ",38.021070000000002,-122.53935,MARIN,UNINCORPORATED,-122.53937946000001,38.02108089
90317649,2016,2016-11-14,9350,2016-11-03,1350,019000,,4,1,9,2100,0,1,2,,2,020,"US-101 S/B","ROBIN WILLIAMS TUNNEL",404.00,S,N,A,-,Y,,,101,,,,,,S,Y,3,0,1,1,A,-,07,21658,,N,E,I,A,A,H,-,A,D,0,,,,,Y,,A,01,0,1,0,0,0,0,0,0,0,"- ","- ",37.841889999999999,-122.48608,MARIN,UNINCORPORATED,-122.48589638999999,37.841849719999999
90317671,2016,2016-11-14,9350,2016-11-03,0820,015964,,4,1,9,2100,0,2,4,,2,026,"NOVATO BLVD.","STAFFORD LAKE ENTRANCE",2112.00,N,N,B,-,N,,,,,,,,,,Y,2,0,1,1,A,-,03,22350,,N,E,I,A,A,H,-,A,D,0,,,Y,,Y,,C,02,1,0,0,0,0,0,0,0,1,"- ","- ",38.117049999999999,-122.65774999999999,MARIN,UNINCORPORATED,-122.65774999999999,38.117049999999999
90317672,2016,2016-11-14,9350,2016-11-03,1200,017201,,4,1,9,2100,0,3,5,,2,006,"WILD HORSE VALLEY DR","#132 WILD HORSE VALLEY DR.",15.00,N,N,A,-,N,,,,,,,,,,N,3,0,2,2,A,-,08,22107,,N,B,C,A,A,H,-,A,D,0,,Y,,,Y,,L,04,0,1,1,0,0,0,1,0,0,"- ","- ",38.095869999999998,-122.61938000000001,MARIN,UNINCORPORATED,-122.61941671,38.095853949999999
90317759,2016,2016-11-14,9350,2016-11-05,1923,020955,,6,2,9,2100,0,3,5,,2,002,"REDWOOD HIGHWAY FRONTAGE ROAD",US-101,45.00,E,N,B,-,N,,,,,,,,,,Y,3,0,1,2,A,-,01,23152,A,N,A,C,A,A,H,-,D,D,0,,,,,Y,Y,A,01,0,1,0,0,0,0,0,0,0,"- ","- ",37.886319999999998,-122.51674,MARIN,UNINCORPORATED,-122.51641721,37.88629109
90317761,2016,2016-11-14,9350,2016-11-05,0030,021087,,6,3,9,2100,0,1,2,,1,080,"US-101 N/B","SAN ANTONIO RD",7814.00,N,N,B,-,Y,,,,,,,,,,Y,4,0,1,2,A,-,01,23152,A,N,C,C,A,A,H,-,C,D,0,,,,,Y,Y,D,22,0,0,1,0,0,0,0,0,0,"- ","- ",37.177599999999998,-122.59541,MARIN,UNINCORPORATED,-122.59525693000001,38.177532380000002
90317854,2016,2016-11-14,9350,2016-11-09,1330,015964,,3,1,9,2100,0,2,4,,1,044,"SIR FRANCIS DRAKE BLVD.","PLATFORM BRIDGE RD.",3168.00,E,N,A,-,N,,,,,,,,,,Y,3,0,1,1,A,-,03,22350,,N,E,I,A,A,H,-,A,D,0,,,,,Y,,I,11,0,1,0,0,0,0,0,0,0,"- ","- ",38.044820000000001,-122.74974,MARIN,UNINCORPORATED,-122.75037561000001,38.045164479999997
90317861,2016,2016-11-14,9350,2016-11-10,2027,021087,,4,2,5,2109,0,1,2,,1,060,"US-101 N/B","4TH ST",300.00,S,N,A,-,Y,,,101,,,,,,N,Y,3,0,1,1,A,-,08,22107,,N,E,I,A,A,H,-,C,D,0,,,,,Y,,A,01,0,1,0,0,0,0,0,0,0,"- ","- ",37.971550000000001,-122.52173999999999,MARIN,"SAN RAFAEL",-122.52165637,37.971525120000003
90317930,2016,2016-11-14,9350,2016-11-11,1240,020776,,5,1,9,2100,0,1,3,,2,013,"SR-131 E/B","E STRAWBERRY DR.",500.00,W,N,A,-,Y,,,,,,,,,,Y,4,0,3,4,A,-,03,22350,,N,C,C,A,A,H,-,A,D,0,,,,,Y,,A,01,0,0,3,0,0,0,0,0,0,"- ","- ",37.535870000000003,-122.30229,MARIN,UNINCORPORATED,,
90319723,2016,2016-11-15,9350,2016-11-04,1630,021343,,5,2,9,2100,0,1,2,,2,050,"US-101 NORTHBOUND","TAMALPAIS DRIVE OVER CROSSING",100.00,S,N,A,-,Y,,,,,,,,,,N,4,0,1,3,A,-,03,22350,,N,C,C,A,A,H,-,A,D,0,,,,,Y,,D,22,0,0,1,0,0,0,0,0,0,"- ","- ",37.9255,-122.5145,MARIN,UNINCORPORATED,-122.5144023,37.925734589999998
90320905,2016,2016-11-16,9350,2016-11-01,1845,021418,,2,2,9,2100,0,2,4,,2,024,"SIR FRANCIS DRAKE BLVD","WOLFE GRADE RD.",0.00,,Y,A,-,N,,,,,,,,,,N,4,0,1,2,D,-,00,,,N,D,C,A,A,H,-,C,A,0,,,,,Y,,-,"- ",0,0,1,0,0,0,0,0,0,"- ","- ",37.953020000000002,-122.5382,MARIN,UNINCORPORATED,-122.53817998,37.95292989
90321809,2016,2016-11-17,9350,2016-11-16,0735,017450,,3,1,9,2100,0,1,1,,1,015,"I-580 W/B","MAIN STREET",11088.00,E,N,A,-,Y,,,580,,,,,,W,Y,4,0,3,2,A,-,03,22350,,N,C,C,A,A,H,-,A,D,0,,,,,Y,,D,22,0,0,3,0,0,0,0,0,0,"- ","- ",37.935110000000002,-122.44399,MARIN,UNINCORPORATED,-122.44399385,37.93505159
90327144,2016,2016-11-22,9350,2016-11-09,0815,013814,,3,1,4,2106,0,1,2,,1,080,"U.S.101 S/B","NOVATO CREEK",1040.00,N,N,A,-,Y,,,,,,,,,,N,4,0,1,3,A,-,03,22350,,N,C,C,A,A,H,-,A,D,0,,,,,Y,,A,01,0,0,1,0,0,0,0,0,0,"- ","- ",38.099699999999999,-122.56202999999999,MARIN,NOVATO,,
90327922,2016,2016-11-22,9350,2016-11-17,1715,019000,,4,2,5,2109,0,1,2,,1,060,"US-101 S/B","COLEMAN PEDESTRIAN O/C",575.00,N,N,A,-,Y,,,101,,,,,,S,Y,4,0,1,5,A,-,03,22350,,M,C,C,A,A,H,-,C,D,0,,,,,Y,,A,01,0,0,1,0,0,0,0,0,0,"- ","- ",37.979909999999997,-122.52112,MARIN,"SAN RAFAEL",-122.52118077,37.979885979999999
90327995,2016,2016-11-22,9350,2016-11-17,1408,016034,,4,2,3,2104,0,1,2,,2,050,"US 101 N/B","WORNUM DRIVE U/C",17.00,N,N,A,-,Y,,,,,,,,,,Y,4,0,2,3,A,-,07,21658,A,N,B,C,A,A,H,-,A,D,0,,,,,Y,,A,01,0,0,2,0,0,0,0,0,0,"- ","- ",37.93609,-122.51657,MARIN,LARKSPUR,-122.51663581,37.935576470000001
90327999,2016,2016-11-22,9350,2016-11-17,1050,016406,,4,1,9,2100,0,1,2,,2,070,"US-101 S/B","LUCAS VALLEY RD",1584.00,N,N,A,-,Y,,,,,,,,,,Y,4,0,1,2,A,-,07,21658,A,N,E,I,A,A,H,-,A,D,0,,,,,Y,,A,07,0,0,1,0,0,0,0,0,0,"- ","- ",,,MARIN,UNINCORPORATED,-122.53828482999999,38.025544140000001
90328312,2016,2016-11-23,9350,2016-11-18,0810,018802,,5,1,3,2104,0,1,2,,2,050,"US-101 S/B","SIR FRANCIS DRAKE BLVD.",500.00,S,N,A,-,Y,,,101,,,,,,S,Y,3,0,1,4,A,-,03,22350,,N,C,C,A,A,H,-,A,D,0,,,,,Y,,A,01,0,1,0,0,0,0,0,0,0,"- ","- ",37.943370000000002,-122.51528999999999,MARIN,LARKSPUR,-122.51529693000001,37.943372099999998
90328444,2016,2016-11-23,9350,2016-11-18,0540,019150,,5,3,4,2106,0,1,2,,2,070,"US-101 S/B","IGNACIO BLVD O/C",1429.00,S,N,A,-,Y,,,101,,,,,,S,N,3,0,1,1,C,-,18,,,N,E,I,A,A,H,-,C,D,0,,,,,Y,,-,"- ",0,1,0,0,0,0,0,0,0,"- ","- ",38.062860000000001,-122.53467000000001,MARIN,NOVATO,-122.53460947000001,38.062914040000003
90328508,2016,2016-11-23,9350,2016-11-18,0738,019703,,5,1,9,2100,0,1,2,,2,020,"US-101 N/B (BICYCLE PATH EAST SIDE)","ALEXANDER AVE",850.00,S,N,A,-,N,,,101,,,,,,N,N,2,0,1,1,B,-,22,,,N,E,I,A,A,H,-,A,D,0,,Y,,,Y,,L,04,1,0,0,0,0,0,1,0,0,"- ","- ",37.83372,-122.48276,MARIN,UNINCORPORATED,-122.48285070999999,37.833581690000003
90328551,2016,2016-11-23,9350,2016-11-19,0820,018797,,6,1,9,2100,0,1,2,,1,080,"US-101 N/B","ATHERTON AVENUE O/C",1056.00,N,N,B,C,Y,,,101,,,,,,N,Y,4,0,1,1,A,-,03,22350,,N,E,I,A,B,H,-,A,D,0,,,,,Y,,A,01,0,0,1,0,0,0,0,0,0,"- ","- ",38.121630000000003,-122.56607,MARIN,UNINCORPORATED,-122.56559681,38.12170149
90328633,2016,2016-11-23,9350,2016-11-21,0814,017008,,1,1,2,2102,0,1,2,,2,050,"US-101 S/B","SIR FRANCIS DRAKE BLVD",700.00,S,N,B,-,Y,,,101,,,,,,S,N,4,0,1,2,A,-,03,22350,,N,C,C,A,B,H,-,A,D,0,,,,,Y,,D,22,0,0,1,0,0,0,0,0,0,"- ","- ",37.943060000000003,-122.51537,MARIN,"CORTE MADERA",-122.515379,37.943061989999997
90331542,2016,2016-11-29,9350,2016-11-12,1230,018797,,6,1,9,2100,0,1,2,,1,080,"US-101 N/B","ATHERTON AVENUE O/C",5280.00,N,N,A,-,Y,,,101,,,,,,N,Y,4,0,1,3,A,-,03,22350,,N,C,C,A,A,H,-,A,D,0,,,,,Y,,D,22,0,0,1,0,0,0,0,0,0,"- ","- ",38.129600000000003,-122.56426999999999,MARIN,UNINCORPORATED,-122.56413334,38.129550760000001
90331553,2016,2016-11-29,9350,2016-11-16,1845,021418,,3,2,9,2100,0,2,4,,1,014,"PANORAMIC HIGHWAY","ST. JUDE ROAD",375.00,W,N,A,-,Y,,,,,,,,,,Y,3,0,3,2,A,-,05,21460,A,N,B,C,A,A,H,-,D,D,0,,,,,Y,,D,22,0,1,2,0,0,0,0,0,0,"- ","- ",37.90202,-122.56912,MARIN,UNINCORPORATED,-122.56908795,37.902042880000003
90331557,2016,2016-11-29,9350,2016-11-19,0728,018802,,6,1,5,2109,0,1,2,,1,060,"US-101 N/B","N. SAN PEDRO ROAD",200.00,S,N,B,C,Y,,,101,,,,,,N,Y,4,0,1,1,A,-,03,22350,,N,E,J,A,B,H,-,A,D,0,,,,,Y,,A,08,0,0,1,0,0,0,0,0,0,"- ","- ",37.993780000000001,-122.53167999999999,MARIN,"SAN RAFAEL",-122.53174645999999,37.993731570000001
90331651,2016,2016-11-29,9350,2016-11-13,1515,019678,,7,2,9,2100,0,1,2,,2,020,"US-101 S/B","ROBIN WILLIAMS TUNNEL",200.00,N,N,A,-,Y,,,101,,,,,,S,Y,3,0,1,6,A,-,01,23152,A,N,B,C,A,A,H,-,A,D,0,,,Y,,Y,Y,C,02,0,1,0,0,0,0,0,0,1,"- ","- ",37.843470000000003,-122.48594,MARIN,UNINCORPORATED,-122.48600635,37.843458990000002
90331739,2016,2016-11-29,9350,2016-11-18,0822,019703,,5,1,9,2100,0,1,2,,2,020,"US-101 NORTHBOUND","ALEXANDER AVE",825.00,S,N,A,-,Y,,,101,,,,,,N,Y,3,0,1,3,A,-,03,22350,,N,C,C,A,A,H,-,A,D,0,,,,,Y,,A,01,0,1,0,0,0,0,0,0,0,"- ","- ",37.833620000000003,-122.48229000000001,MARIN,UNINCORPORATED,-122.48245274,37.833341220000001
90332346,2016,2016-11-29,9360,2016-11-26,1510,021354,,6,2,9,2100,0,3,5,,2,007,"TOMALES PETALUMA RD",SR-1,0.00,,Y,C,-,N,,,,,,,,,,Y,4,0,1,1,A,-,08,22107,,N,E,I,A,B,H,-,A,D,0,,,,,Y,,A,01,0,0,1,0,0,0,0,0,0,"- ","- ",38.241970000000002,-122.90521,MARIN,UNINCORPORATED,-122.90511999,38.241989910000001
90334196,2016,2016-12-01,9350,2016-11-22,1740,016034,,2,2,9,2100,0,1,3,,2,013,"SR-131 E/B (TIBURON BLVD.)","E. STRAWBERRY DRIVE",37.00,E,N,A,-,Y,,,131,,,,,,E,N,4,0,1,2,A,-,21,22106,,N,C,C,A,A,H,-,C,D,0,,,,,Y,,A,01,0,0,1,0,0,0,0,0,0,"- ","- ",37.898919999999997,-122.50409999999999,MARIN,UNINCORPORATED,-122.50408225,37.899036129999999
90334275,2016,2016-12-01,9350,2016-11-23,1159,013450,,3,1,9,2100,0,1,2,,1,120,"US 101 N/B (GGB) E. SIDEWALK","THE NORTH TOWER",20.00,N,N,A,-,N,,,,,,,,,,N,3,0,1,1,B,-,22,,,N,F,A,A,A,H,-,A,D,0,,Y,,,Y,,L,04,0,1,0,0,0,0,1,0,0,"- ","- ",,,MARIN,UNINCORPORATED,,
90334460,2016,2016-12-01,9350,2016-11-23,1445,017008,,3,2,9,2100,0,1,1,,1,015,"I-580 E/B","MARIN/COCO COUNTY LINE",500.00,W,N,A,-,Y,,,,,,,,,,N,4,0,1,3,A,-,08,22107,,N,B,C,A,A,H,-,A,D,0,,,,,Y,,A,01,0,0,1,0,0,0,0,0,0,"- ","- ",37.934249999999999,-122.43089999999999,MARIN,UNINCORPORATED,,
90334496,2016,2016-12-01,9350,2016-11-24,1245,019678,,4,1,9,2100,0,2,4,,1,014,"PANORAMIC HIGHWAY","PAN TOLL RD.",1050.00,E,N,A,-,N,,,,,,,,,,N,2,0,1,1,A,-,08,22107,,N,E,I,A,A,H,-,A,D,0,,,Y,,Y,,C,02,1,0,0,0,0,0,0,0,1,"- ","- ",37.906970000000001,-122.60267,MARIN,UNINCORPORATED,-122.60283778,37.906846680000001
90334521,2016,2016-12-01,9350,2016-11-24,1030,015964,,4,1,9,2100,0,2,4,,1,044,"SIR FRANCIS DRAKE BLVD. (E/B)","SAMUEL P. TAYLOR STATE PARK",1162.00,E,N,A,-,N,,,,,,,,,,N,4,0,1,2,A,-,08,22107,,N,H,G,A,A,H,-,A,D,0,,Y,,,Y,,E,22,0,0,1,0,0,0,1,0,0,"- ","- ",38.020009999999999,-122.72745,MARIN,UNINCORPORATED,-122.72583604,38.019784629999997
90334865,2016,2016-12-01,9350,2016-11-29,1820,016533,,2,2,9,2100,0,1,2,,2,040,"US-101 N/B TO SR-1 N/B","SR-1 OFF RAMP (PHYSICAL GORE)",50.00,S,N,A,-,Y,,,,,,,,,,Y,4,0,1,3,A,-,03,22350,,N,C,C,A,A,H,-,C,D,0,,,,,Y,,A,07,0,0,1,0,0,0,0,0,0,"- ","- ",,,MARIN,UNINCORPORATED,,
90335246,2016,2016-12-01,9350,2016-11-30,1104,014448,,3,1,9,2100,0,1,2,,1,030,"US 101 S/B","ROBIN WILLIAMS TUNNEL",54.00,N,N,B,C,Y,,,,,,,,,,Y,4,0,1,1,A,-,08,22107,,N,E,I,A,B,H,-,A,D,0,,,,,Y,,A,01,0,0,1,0,0,0,0,0,0,"- ","- ",,,MARIN,UNINCORPORATED,,