CASE_ID,ACCIDENT_YEAR,PROC_DATE,JURIS,COLLISION_DATE,COLLISION_TIME,OFFICER_ID,REPORTING_DISTRICT,DAY_OF_WEEK,CHP_SHIFT,POPULATION,CNTY_CITY_LOC,SPECIAL_COND,BEAT_TYPE,CHP_BEAT_TYPE,CITY_DIVISION_LAPD,CHP_BEAT_CLASS,BEAT_NUMBER,PRIMARY_RD,SECONDARY_RD,DISTANCE,DIRECTION,INTERSECTION,WEATHER_1,WEATHER_2,STATE_HWY_IND,CALTRANS_COUNTY,CALTRANS_DISTRICT,STATE_ROUTE,ROUTE_SUFFIX,POSTMILE_PREFIX,POSTMILE,LOCATION_TYPE,RAMP_INTERSECTION,SIDE_OF_HWY,TOW_AWAY,COLLISION_SEVERITY,NUMBER_KILLED,NUMBER_INJURED,PARTY_COUNT,PRIMARY_COLL_FACTOR,PCF_CODE_OF_VIOL,PCF_VIOL_CATEGORY,PCF_VIOLATION,PCF_VIOL_SUBSECTION,HIT_AND_RUN,TYPE_OF_COLLISION,MVIW,PED_ACTION,ROAD_SURFACE,ROAD_COND_1,ROAD_COND_2,LIGHTING,CONTROL_DEVICE,CHP_ROAD_TYPE,PEDESTRIAN_ACCIDENT,BICYCLE_ACCIDENT,MOTORCYCLE_ACCIDENT,TRUCK_ACCIDENT,NOT_PRIVATE_PROPERTY,ALCOHOL_INVOLVED,STWD_VEHTYPE_AT_FAULT,CHP_VEHTYPE_AT_FAULT,COUNT_SEVERE_INJ,COUNT_VISIBLE_INJ,COUNT_COMPLAINT_PAIN,COUNT_PED_KILLED,COUNT_PED_INJURED,COUNT_BICYCLIST_KILLED,COUNT_BICYCLIST_INJURED,COUNT_MC_KILLED,COUNT_MC_INJURED,PRIMARY_RAMP,SECONDARY_RAMP,LATITUDE,LONGITUDE,COUNTY,CITY,POINT_X,POINT_Y
90702172,2018,2018-04-10,9350,2018-04-01,1250,021739,,7,1,9,2100,0,1,2,,2,020,"US-101 S/B","ALEXANDER AVE UC",1056.00,S,N,A,-,Y,,,101,,,,,,S,Y,4,0,1,2,A,-,07,21658,A,N,B,C,A,A,H,-,A,D,0,,,Y,,Y,,C,02,0,0,1,0,0,0,0,0,1,"- ","- ",37.828498840332031,-122.47962188720703,MARIN,UNINCORPORATED,-122.47987365722656,37.828475952148438
90702181,2018,2018-04-10,9350,2018-03-31,1524,016034,,6,2,5,2109,0,1,1,,1,015,"I-580 E/B","MAIN STREET",3696.00,E,N,A,-,Y,,,580,,,,,,E,Y,4,0,1,1,C,-,18,,,N,E,I,A,A,H,-,A,D,0,,,,,Y,,-,"- ",0,0,1,0,0,0,0,0,0,"- ","- ",37.940048217773438,-122.46633911132812,MARIN,"SAN RAFAEL",-122.46633911132812,37.940059661865234
90702415,2018,2018-04-10,9350,2018-04-05,1443,020403,,4,2,2,2102,0,1,2,,2,050,"US 101 S/B","MADERA BLVD",1056.00,N,N,B,-,Y,,,,,,,,,,N,4,0,1,2,A,-,03,22350,,N,C,C,A,A,H,-,A,D,0,,,,,Y,,A,01,0,0,1,0,0,0,0,0,0,"- ","- ",37.932121276855469,-122.51628112792969,MARIN,"CORTE MADERA",-122.51622772216797,37.932773590087891
90702577,2018,2018-04-10,9350,2018-04-06,2140,021696,,5,2,9,2100,0,1,2,,2,020,"US-101 S/B","ALEXANDER AVE",2376.00,N,N,C,-,Y,,,101,,,,,,S,Y,3,0,1,1,A,-,03,22350,,N,E,J,A,B,H,-,D,D,0,,,,,Y,,A,01,0,1,0,0,0,0,0,0,0,"- ","- ",37.840930938720703,-122.48654937744141,MARIN,UNINCORPORATED,-122.48648071289062,37.840877532958984
90702838,2018,2018-04-10,9350,2018-04-07,0850,021901,,6,1,9,2100,0,1,2,,1,030,"US-101 S/B","SPENCER AVE. UNDERCROSSING",1056.00,N,N,B,-,Y,,,,,,,,,,Y,4,0,1,1,A,-,08,22107,,N,E,I,A,B,H,-,A,D,0,,,,,Y,,A,07,0,0,1,0,0,0,0,0,0,"- ","- ",37.855110168457031,-122.49385070800781,MARIN,UNINCORPORATED,,
90703937,2018,2018-04-12,9350,2018-01-29,1630,017201,,1,2,9,2100,0,1,3,,1,052,SR-1,"18500 SR-1 (MARCONI CENTER)",2640.00,N,N,A,-,Y,,,1,,,,,,,Y,1,1,1,2,A,-,01,23152,A,N,A,C,A,A,H,-,A,D,0,,,,Y,Y,Y,A,01,1,0,0,0,0,0,0,0,0,"- ","- ",38.149028778076172,-122.88516235351562,MARIN,UNINCORPORATED,-122.88516235351562,38.149021148681641
90704295,2018,2018-04-12,9350,2018-04-05,1630,021740,,4,2,9,2100,0,3,5,,2,006,"WILSON HILL RD","CHILENO VALLEY RD",10560.00,W,N,C,-,N,,,,,,,,,,Y,3,0,1,1,A,-,03,22350,,N,E,I,A,B,H,-,A,D,0,,,,,Y,,A,01,0,1,0,0,0,0,0,0,0,"- ","- ",38.185661315917969,-122.72116088867188,MARIN,UNINCORPORATED,-122.72591400146484,38.17388916015625
90704781,2018,2018-04-13,9350,2018-04-02,0350,021485,,1,3,4,2106,0,1,2,,2,070,"US-101 N/B","NAVE DRIVE",1500.00,S,N,A,-,Y,,,101,,,,,,N,Y,4,0,2,2,A,-,01,23152,A,N,C,C,A,A,H,-,D,D,0,,,,,Y,Y,A,01,0,0,2,0,0,0,0,0,0,"- ","- ",38.044429779052734,-122.53449249267578,MARIN,NOVATO,-122.53451538085938,38.044448852539062
90704785,2018,2018-04-13,9350,2018-04-01,0420,021485,,7,3,4,2106,0,1,2,,2,070,"US-101 NB","SR-37 EB",10.00,S,N,A,-,Y,,,101,,,,,,N,Y,4,0,2,1,A,-,08,22107,,N,E,I,A,A,H,-,D,D,0,,,,,Y,,A,01,0,0,2,0,0,0,0,0,0,"- ","- ",38.078350067138672,-122.54432678222656,MARIN,NOVATO,-122.54431915283203,38.078361511230469
90704807,2018,2018-04-13,9350,2018-04-06,2135,021485,,5,2,9,2100,0,2,4,,1,016,"LUCAS VALLEY ROAD","CAMINO MARGARITA",1700.00,W,N,B,C,N,,,,,,,,,,Y,4,0,1,1,A,-,01,23152,A,N,E,I,A,B,H,-,D,D,0,,,,,Y,Y,A,01,0,0,1,0,0,0,0,0,0,"- ","- ",38.051868438720703,-122.64617919921875,MARIN,UNINCORPORATED,-122.64373016357422,38.047359466552734
90704815,2018,2018-04-13,9350,2018-04-06,2356,018683,,5,3,4,2106,0,1,2,,1,080,"US-101 N/B","DE LONG AVE O/C",528.00,S,N,B,C,Y,,,101,,,,,,N,Y,3,0,1,1,A,-,03,22350,,N,E,I,A,B,F,-,D,D,0,,,,,Y,,A,01,0,1,0,0,0,0,0,0,0,"- ","- ",38.102699279785156,-122.56133270263672,MARIN,NOVATO,-122.56150817871094,38.102676391601562
90704822,2018,2018-04-13,9350,2018-04-06,2250,021466,,5,3,5,2109,0,1,2,,1,060,"US-101 S/B","N SAN PEDRO RD U/C",700.00,S,N,C,-,Y,,,101,,,,,,S,Y,4,0,2,1,A,-,07,21658,A,N,E,I,A,B,H,-,D,D,0,,,,,Y,,A,01,0,0,2,0,0,0,0,0,0,"- ","- ",37.992420196533203,-122.53119659423828,MARIN,"SAN RAFAEL",-122.53109741210938,37.992500305175781
90704836,2018,2018-04-13,9350,2018-04-06,0700,019678,,5,1,9,2100,0,3,5,,2,002,"SIR FRANCIS DRAKE BLVD","KYLESWOOD PL.",500.00,W,N,B,C,N,,,,,,,,,,Y,4,0,1,1,A,-,08,22107,,N,E,I,A,B,H,-,A,D,0,,,,,Y,,D,22,0,0,1,0,0,0,0,0,0,"- ","- ",38.074748992919922,-122.82936859130859,MARIN,UNINCORPORATED,-122.82912445068359,38.074626922607422
90704870,2018,2018-04-13,9350,2018-04-07,1250,021075,,6,1,4,2106,0,1,2,,2,070,"US-101 SOUTHBOUND",SR-37,2112.00,S,N,B,-,Y,,,101,,,,,,S,Y,3,0,3,2,A,-,03,22350,,N,C,C,A,A,H,-,A,D,0,,,,,Y,,A,01,0,2,1,0,0,0,0,0,0,"- ","- ",38.072269439697266,-122.54032135009766,MARIN,NOVATO,-122.54033660888672,38.072257995605469
90705392,2018,2018-04-13,9350,2018-03-23,1400,019359,,5,2,4,2106,0,1,2,,1,080,"US-101 N/B","ATHERTON AVE",2112.00,N,N,A,-,Y,,,101,,,,,,N,N,3,0,2,3,A,-,03,22350,,N,C,C,A,A,H,-,A,D,0,,,,,Y,,A,01,0,1,1,0,0,0,0,0,0,"- ","- ",38.123680114746094,-122.56597137451172,MARIN,NOVATO,-122.56588745117188,38.123687744140625
90707225,2018,2018-04-17,9350,2018-04-08,1342,016034,,7,1,5,2109,0,1,2,,1,060,"US 101 N/B","LINCOLN AVENUE U/C",1584.00,S,N,A,-,Y,,,,,,,,,,Y,3,0,1,2,A,-,07,21658,A,F,B,C,A,A,H,-,A,D,0,,,Y,,Y,,A,07,0,1,0,0,0,0,0,0,1,"- ","- ",37.985439300537109,-122.52423095703125,MARIN,"SAN RAFAEL",-122.52366638183594,37.984855651855469
90707572,2018,2018-04-17,9350,2018-04-14,1020,019150,,6,1,4,2106,0,1,2,,1,080,"US-101 N/B TO ROWLAND BLVD","ROWLAND BLVD",200.00,S,N,A,-,Y,,,101,,,,R,,N,N,4,0,2,3,A,-,03,22350,,N,C,C,A,A,H,-,A,D,0,,,,,Y,,A,01,0,0,2,0,0,0,0,0,0,"- ","- ",38.092639923095703,-122.55728149414062,MARIN,NOVATO,-122.55728149414062,38.092639923095703
90707704,2018,2018-04-18,9350,2018-04-14,1813,021615,,6,2,4,2106,0,1,2,,2,070,"US 101 N/B","NAVE DR.",1976.00,N,N,A,-,Y,,,,,,,,,,Y,3,0,1,2,A,-,07,21658,A,F,E,I,A,A,H,-,A,D,0,,,,,Y,,A,01,0,1,0,0,0,0,0,0,0,"- ","- ",38.051990509033203,-122.53093719482422,MARIN,NOVATO,-122.53217315673828,38.048141479492188
90708714,2018,2018-04-19,9350,2018-04-16,0640,015765,,1,1,4,2106,0,1,2,,1,080,"US-101 N/B","ROWLAND BLVD",1200.00,N,N,C,-,Y,,,101,,,,,,N,Y,3,0,1,1,A,-,03,22350,,N,E,J,A,B,H,-,C,D,0,,,,,Y,,A,01,0,1,0,0,0,0,0,0,0,"- ","- ",38.097320556640625,-122.56156158447266,MARIN,NOVATO,-122.56166076660156,38.097305297851562
9070889,2020,2020-08-03,2106,2020-01-16,0900,232,N137,4,5,4,2106,0,0,0,,0,NP1,"SAN MARIN DR","REDWOOD BL",34.00,E,N,C,-,N,,,,,,,,,,N,4,0,1,2,A,-,03,22350,,F,C,C,A,B,H,-,A,A,0,,,,,Y,,A,01,0,0,1,0,0,0,0,0,0,"- ","- ",38.118000030517578,-122.56710052490234,MARIN,NOVATO,-122.56691741943359,38.1182861328125
9070893,2020,2020-10-12,2106,2020-01-28,1857,449,,2,5,4,2106,0,0,0,,0,NP4,"DE LONG AV","RT 101",0.00,,Y,A,-,Y,MRN,4,101,-,R,21.034,R,4,S,Y,4,0,1,2,A,-,12,21453,A,N,D,C,A,A,H,-,C,A,0,,,,,Y,,-,"- ",0,0,1,0,0,0,0,0,0,"- ",SO,38.104301452636719,-122.56330108642578,MARIN,NOVATO,-122.56204986572266,38.103977203369141
90709585,2018,2018-04-20,9350,2018-04-18,1610,014864,,3,2,5,2109,0,1,2,,2,050,"US-101 N/B","BELLAM BLVD",85.00,S,N,A,-,Y,,,101,,,,,,N,N,4,0,2,2,A,-,07,21658,A,N,C,C,A,A,H,-,A,D,0,,,,,Y,,A,01,0,0,2,0,0,0,0,0,0,"- ","- ",37.957439422607422,-122.50884246826172,MARIN,"SAN RAFAEL",-122.50886535644531,37.957435607910156
90709587,2018,2018-04-20,9350,2018-04-18,0955,015765,,3,1,4,2106,0,1,2,,1,080,"US-101 S/B","ATHERTON AVE. N/EDGE",1053.00,N,N,B,-,Y,,,101,,,,,,S,Y,4,0,1,1,A,-,08,22107,,N,E,I,A,A,H,-,A,D,0,,,,,Y,,A,01,0,0,1,0,0,0,0,0,0,"- ","- ",38.120708465576172,-122.56584167480469,MARIN,NOVATO,-122.56575012207031,38.120723724365234
90709627,2018,2018-04-20,9350,2018-04-16,1855,021356,,1,2,5,2109,0,1,2,,1,060,"US-101 NORTHBOUND","2ND ST",1800.00,S,N,B,-,Y,,,101,,,,,,N,Y,4,0,1,1,A,-,08,22107,,N,E,I,A,A,H,-,A,D,0,,,,,Y,,A,01,0,0,1,0,0,0,0,0,0,"- ","- ",37.966999053955078,-122.51754760742188,MARIN,"SAN RAFAEL",-122.51753997802734,37.967014312744141
90709866,2017,2018-04-20,9350,2017-04-01,1230,020403,,6,1,9,2100,0,3,5,,2,004,"FAIRFAX-BOLINAS RD","MORA AVE",1584.00,S,N,A,-,N,,,,,,,,,,N,1,1,0,1,A,-,03,22350,,N,F,A,A,A,H,-,A,D,0,,Y,,,Y,,L,04,0,0,0,0,0,1,0,0,0,"- ","- ",37.974850000000004,-122.61868,MARIN,UNINCORPORATED,-122.61867732,37.974839189999997
90711565,2018,2018-04-24,9350,2018-04-13,1040,021075,,5,1,9,2100,0,3,5,,2,005,"POINT SAN PEDRO ROAD","MARINE DRIVE",0.00,,Y,A,-,N,,,,,,,,,,Y,3,0,1,2,A,-,03,22350,,N,D,C,A,A,H,-,A,D,0,,,Y,,Y,,C,02,0,1,0,0,0,0,0,0,1,"- ","- ",37.976600646972656,-122.47653961181641,MARIN,UNINCORPORATED,-122.47660827636719,37.976711273193359
90711822,2018,2018-04-24,9350,2018-04-15,0955,021739,,7,1,5,2109,0,1,2,,1,060,"US-101 SB","I-580 O/C",665.00,N,N,A,-,Y,,,101,,,,,,S,Y,3,0,1,1,A,-,08,22107,,N,E,I,A,A,H,-,A,D,0,,,,,Y,,A,01,0,1,0,0,0,0,0,0,0,"- ","- ",37.963600158691406,-122.51228332519531,MARIN,"SAN RAFAEL",-122.51225280761719,37.963642120361328
9071194,2020,2020-12-15,2109,2020-06-16,0947,422,46,2,5,5,2109,0,0,0,,0,006,"MANUEL T FREITAS PKY","DEL PRESIDIO BL",0.00,,Y,A,-,Y,MRN,4,101,-,-,13.883,R,4,S,Y,3,0,1,2,A,-,00,21461,,N,D,C,A,A,H,-,A,A,0,,,,,Y,,A,07,0,1,0,0,0,0,0,0,0,"- ","- ",38.007461547851562,-122.54427337646484,MARIN,"SAN RAFAEL",-122.54214477539062,38.009532928466797
90712135,2018,2018-04-24,9350,2018-04-18,1607,020403,,3,2,9,2100,0,1,3,,2,013,"SR-131 W/B TO US 101 N/B",SR-131,500.00,N,N,A,-,Y,,,131,,,,R,,W,Y,4,0,1,2,A,-,03,22350,,N,C,C,A,A,H,-,A,D,0,,,,,Y,,A,01,0,0,1,0,0,0,0,0,0,"- ","- ",37.903568267822266,-122.51454925537109,MARIN,UNINCORPORATED,-122.51454925537109,37.903568267822266
90712851,2018,2018-04-25,9350,2018-04-17,1050,019166,,2,1,9,2100,0,1,3,,2,013,SR-131,"N. KNOLL RD.",0.00,,Y,A,-,Y,,,131,,,,,,,Y,4,0,1,2,A,-,09,21801,A,N,D,C,A,A,H,-,A,D,0,,,,,Y,,A,07,0,0,1,0,0,0,0,0,0,"- ","- ",37.902099609375,-122.51129913330078,MARIN,UNINCORPORATED,-122.51126861572266,37.902210235595703
90712889,2018,2018-04-25,9350,2018-04-17,1649,019166,,2,2,9,2100,0,1,3,,2,013,"SR-131 WESTBOUND","BAY VISTA DR",941.00,W,N,A,-,Y,,,131,,,,,,W,Y,4,0,3,4,A,-,03,22350,,N,C,C,A,A,H,-,A,D,0,,,,,Y,,A,08,0,0,3,0,0,0,0,0,0,"- ","- ",37.9002685546875,-122.50753784179688,MARIN,UNINCORPORATED,-122.50750732421875,37.900325775146484
90712952,2018,2018-04-25,9350,2018-04-19,0900,014864,,4,1,9,2100,0,1,3,,2,013,"SR-131 W/B","N.KNOLL RD",100.00,E,N,A,-,Y,,,131,,,,,,W,Y,4,0,1,2,A,-,03,22350,,N,C,C,A,A,H,-,A,D,0,,,,,Y,,A,01,0,0,1,0,0,0,0,0,0,"- ","- ",37.902111053466797,-122.51081848144531,MARIN,UNINCORPORATED,-122.51084136962891,37.902046203613281
90713408,2018,2018-04-26,9350,2018-04-16,0640,021586,,1,1,9,2100,0,1,3,,2,013,SR-131,"N KNOLL ROAD",0.00,,Y,B,-,Y,,,131,,,,,,,Y,4,0,3,2,A,-,09,21801,A,N,A,C,A,B,H,-,A,D,0,,,,,Y,,A,01,0,0,3,0,0,0,0,0,0,"- ","- ",37.902248382568359,-122.51119995117188,MARIN,UNINCORPORATED,-122.51122283935547,37.902194976806641
90713545,2018,2018-04-26,9350,2018-04-23,2140,021356,,1,2,5,2109,0,1,2,,2,070,"US-101 SOUTHBOUND","LUCAS VALLEY RD",500.00,S,N,A,-,Y,,,101,,,,,,S,Y,4,0,1,1,A,-,08,22107,,N,E,I,A,A,H,-,C,D,0,,,,,Y,,A,01,0,0,1,0,0,0,0,0,0,"- ","- ",38.019931793212891,-122.53988647460938,MARIN,"SAN RAFAEL",-122.53981781005859,38.019901275634766
90715256,2018,2018-04-27,9350,2018-04-26,1520,021704,,4,2,5,2109,0,1,2,,1,060,"US-101 S/B","LINDEN LN U/C",528.00,S,N,A,-,Y,,,101,,,,,,S,N,4,0,1,2,A,-,03,22350,,N,C,C,A,A,H,-,A,D,0,,,,,Y,,A,01,0,0,1,0,0,0,0,0,0,"- ","- ",37.98052978515625,-122.52149200439453,MARIN,"SAN RAFAEL",-122.52144622802734,37.980548858642578
90715664,2018,2018-04-27,9350,2018-04-14,0919,021075,,6,1,9,2100,0,2,4,,1,044,"SIR FRANCIS DRAKE BOULEVARD","BAYWOOD CANYON RD",3960.00,W,N,A,-,N,,,,,,,,,,Y,2,0,1,2,A,-,06,21760,C,N,B,G,A,A,H,-,A,D,0,,Y,,,Y,,A,01,1,0,0,0,0,0,1,0,0,"- ","- ",38.011119842529297,-122.61811065673828,MARIN,UNINCORPORATED,-122.61805725097656,38.011112213134766
9071603,2020,2020-08-14,2106,2020-01-28,1742,421,,2,5,4,2106,0,0,0,,0,,"BOLLING CIR","MARCH FIELD CT",328.00,N,N,A,-,N,,,,,,,,,,Y,4,0,1,2,A,-,08,22107,,N,B,E,A,A,H,-,C,A,0,,,,,Y,,A,01,0,0,1,0,0,0,0,0,0,"- ","- ",38.048141479492188,-122.52709197998047,MARIN,NOVATO,-122.52585601806641,38.050258636474609
9071607,2020,2020-08-14,2106,2020-01-28,1500,406,,2,5,4,2106,0,0,0,,0,NP4,"REDWOOD BL","VALLEJO AV",121.00,S,N,A,-,N,,,,,,,,,,N,4,0,1,1,A,-,03,22350,,M,-,I,A,A,C,-,A,D,0,,Y,,,Y,,L,04,0,0,1,0,0,0,1,0,0,"- ","- ",38.109470367431641,-122.56928253173828,MARIN,NOVATO,-122.56976318359375,38.109268188476562
9071611,2020,2020-07-28,2106,2020-01-14,1010,378,N301,2,5,4,2106,0,0,0,,0,NP3,"BEL MARIN KEYS BL","HAMILTON DR N",512.00,E,N,A,-,N,,,,,,,,,,Y,3,0,1,3,C,-,18,,,N,C,E,A,A,H,-,A,D,0,,,,,Y,,-,"- ",0,1,0,0,0,0,0,0,0,"- ","- ",38.074180603027344,-122.53904724121094,MARIN,NOVATO,-122.53662109375,38.076347351074219
9071616,2020,2020-08-14,2106,2020-01-10,1510,386,,5,5,4,2106,0,0,0,,0,,"ARTHUR ST","TAFT CT",0.00,,Y,A,-,N,,,,,,,,,,Y,4,0,1,2,A,-,08,22107,,N,D,C,A,A,H,-,A,A,0,,,,,Y,,A,01,0,0,1,0,0,0,0,0,0,"- ","- ",38.092079162597656,-122.57585906982422,MARIN,NOVATO,-122.57559967041016,38.092010498046875
9071668,2020,2020-07-28,2106,2020-02-10,1548,415,,1,5,4,2106,0,0,0,,0,,"SOUTH NOVATO BL","ADELE ST",264.00,S,N,-,-,N,,,,,,,,,,N,4,0,5,3,A,-,01,23152,A,N,C,C,A,A,H,-,A,D,0,,,,,Y,Y,A,01,0,0,5,0,0,0,0,0,0,"- ","- ",38.090080261230469,-122.56771850585938,MARIN,NOVATO,-122.56658935546875,38.090110778808594
90717041,2018,2018-06-19,9350,2018-04-19,0740,014864,,4,1,9,2100,0,3,5,,2,006,"ALMENAR DR","NADINA WAY",0.00,,Y,A,-,N,,,,,,,,,,N,4,0,1,2,A,-,03,22350,,N,G,B,E,A,H,-,A,D,0,Y,,,,Y,,A,07,0,0,1,0,1,0,0,0,0,"- ","- ",37.950031280517578,-122.53083038330078,MARIN,UNINCORPORATED,-122.53083038330078,37.949939727783203
90717046,2018,2018-05-01,9350,2018-04-20,0845,019875,,5,1,5,2109,0,1,2,,2,070,"US-101 S/B","MILLER CREEK RD",200.00,S,N,A,-,Y,,,,,,,,,,N,4,0,1,2,A,-,03,22350,,N,C,C,A,A,H,-,A,D,0,,,,,Y,,A,08,0,0,1,0,0,0,0,0,0,"- ","- ",38.032951354980469,-122.53739929199219,MARIN,"SAN RAFAEL",-122.53731536865234,38.033000946044922
90717147,2018,2018-05-01,9350,2018-04-23,1704,019000,,1,2,9,2100,0,1,2,,2,040,"US-101 N/B","STRAWBERRY PED. O/C",1320.00,N,N,A,-,Y,,,101,,,,,,N,Y,4,0,2,2,A,-,03,22350,,N,C,C,A,A,H,-,A,D,0,,,,,Y,,A,01,0,0,2,0,0,0,0,0,0,"- ","- ",37.895290374755859,-122.51619720458984,MARIN,UNINCORPORATED,-122.51618194580078,37.895286560058594
90717163,2018,2018-05-01,9350,2018-04-27,1225,021099,,5,1,9,2100,0,2,4,,1,014,"PANORAMIC HWY","PAN TOLL RD",3696.00,E,N,B,-,N,,,,,,,,,,Y,3,0,1,1,A,-,08,22107,,N,F,J,A,A,H,-,A,D,0,,,Y,,Y,,C,02,0,1,0,0,0,0,0,0,1,"- ","- ",37.909740447998047,-122.59243011474609,MARIN,UNINCORPORATED,-122.59730529785156,37.910846710205078
90717415,2018,2018-05-01,9350,2018-04-26,0812,016034,,4,1,2,2110,0,1,2,,1,030,"US 101 S/B","SPENCER AVENUE U/C",528.00,N,N,A,-,Y,,,,,,,,,,Y,4,0,1,1,A,-,08,22107,,N,E,I,A,A,H,-,A,D,0,,,,,Y,,A,01,0,0,1,0,0,0,0,0,0,"- ","- ",37.854190826416016,-122.49282073974609,MARIN,SAUSALITO,,
90717517,2018,2018-05-01,9350,2018-04-27,0827,016034,,5,1,9,2100,0,1,3,,2,013,"SR-131 W/B","BAY VISTA DR",360.00,E,N,B,-,Y,,,131,,,,,,W,N,4,0,1,3,A,-,03,22350,,N,C,C,A,A,H,-,A,D,0,,,,,Y,,A,07,0,0,1,0,0,0,0,0,0,"- ","- ",37.899040222167969,-122.50332641601562,MARIN,UNINCORPORATED,-122.50334930419922,37.89892578125
90717553,2018,2018-05-01,9350,2018-04-27,1240,019150,,5,1,4,2106,0,1,2,,1,080,"US-101 S/B","RUSH LANDING RD U/C NORTH END",1700.00,N,N,A,-,Y,,,101,,,,,,S,Y,4,0,1,1,C,-,18,,,N,E,I,A,A,H,-,A,D,0,,,,,Y,,-,"- ",0,0,1,0,0,0,0,0,0,"- ","- ",38.126640319824219,-122.56565093994141,MARIN,NOVATO,-122.56578063964844,38.126693725585938
90718222,2018,2018-05-02,9350,2018-04-23,1715,020403,,1,2,4,2106,0,1,2,,2,070,"US-101 N/B","BEL MARIN KEYS BLVD",500.00,S,N,A,-,Y,,,101,,,,,,N,Y,3,0,1,1,A,-,08,22107,,N,E,I,A,A,H,-,A,D,0,,,,,Y,,A,01,0,1,0,0,0,0,0,0,0,"- ","- ",38.061809539794922,-122.53288269042969,MARIN,NOVATO,-122.53312683105469,38.061588287353516
90719091,2018,2018-05-03,9350,2018-04-25,1448,021586,,3,2,9,2100,0,2,4,,2,024,"SIR FRANCIS DRAKE BLVD WB","ELISEO DR",400.00,W,N,A,-,Y,,,,,,,,,,Y,4,0,2,3,A,-,03,22350,,N,C,C,A,A,H,-,A,D,0,,,,,Y,,A,07,0,0,2,0,0,0,0,0,0,"- ","- ",37.946281433105469,-122.52172088623047,MARIN,UNINCORPORATED,-122.52147674560547,37.946163177490234
90721751,2018,2018-05-08,9350,2018-04-28,1630,021699,,6,2,9,2100,0,2,4,,1,043,"REDWOOD HWY FRONTAGE ROAD","SEMINARY DRIVE",180.00,S,N,A,-,N,,,,,,,,,,N,4,0,7,3,A,-,03,22350,,N,C,C,A,A,H,-,A,A,0,,,,,Y,,A,01,0,0,7,0,0,0,0,0,0,"- ","- ",37.89093017578125,-122.51605224609375,MARIN,UNINCORPORATED,-122.5162353515625,37.89093017578125
90722223,2018,2018-05-08,9350,2018-05-03,0510,021520,,4,3,9,2100,0,2,4,,2,017,"ATHERTON AVE. EASTBOUND","GLEN RD",1500.00,W,N,B,-,N,,,,,,,,,,Y,4,0,2,1,A,-,08,22107,,N,F,A,A,A,H,-,C,D,0,,,,,Y,,A,01,0,0,2,0,0,0,0,0,0,"- ","- ",38.104911804199219,-122.51873779296875,MARIN,UNINCORPORATED,-122.51866912841797,38.104927062988281
90722294,2018,2018-05-08,9350,2018-05-04,1435,019150,,5,2,9,2100,0,1,2,,1,080,"US-101 N/B","SAN ANTONIO RD",4752.00,N,N,A,-,Y,,,101,,,,,,N,Y,2,0,1,2,A,-,07,21658,,N,B,C,A,A,H,-,A,D,0,,,Y,,Y,,A,01,1,0,0,0,0,0,0,0,1,"- ","- ",38.172328948974609,-122.58820343017578,MARIN,UNINCORPORATED,-122.58821105957031,38.172313690185547
90722738,2018,2018-05-09,9350,2018-04-28,1440,021699,,6,2,9,2100,0,1,3,,1,012,SR-1,"FLAMINGO RD",0.00,,Y,A,-,Y,,,1,,,,,,,N,4,0,1,2,A,-,08,22107,,N,G,G,A,A,H,-,A,A,0,,Y,,,Y,,A,01,0,0,1,0,0,0,1,0,0,"- ","- ",37.880950927734375,-122.52660369873047,MARIN,UNINCORPORATED,-122.52667236328125,37.881011962890625
90722772,2018,2018-05-09,9350,2018-05-01,1615,015765,,2,2,4,2106,0,1,2,,1,080,"US-101 N/B","ROWLAND BLVD",2640.00,S,N,A,-,Y,,,101,,,,,,N,Y,4,0,2,2,A,-,07,21658,A,N,E,I,A,A,H,-,A,D,0,,,,,Y,,A,01,0,0,2,0,0,0,0,0,0,"- ","- ",38.085330963134766,-122.55152130126953,MARIN,NOVATO,-122.55158233642578,38.08526611328125
90722891,2018,2018-05-09,9350,2018-05-02,1855,021266,,3,2,2,2102,0,1,2,,2,050,"US-101 N/B","GREENBRAE PEDESTRIAN OVERCROSSING",700.00,S,N,A,-,Y,,,101,,,,,,N,N,4,0,1,2,A,-,03,22350,,N,C,C,A,A,H,-,A,D,0,,,,,Y,,A,01,0,0,1,0,0,0,0,0,0,"- ","- ",37.937271118164062,-122.51657867431641,MARIN,"CORTE MADERA",-122.51666259765625,37.937278747558594
90722992,2018,2018-05-09,9350,2018-05-03,1315,021586,,4,1,9,2100,0,1,2,,2,040,"US-101 N/B",SR-131,3168.00,S,N,A,-,Y,,,101,,,,,,N,Y,4,0,2,1,A,-,08,22107,,N,F,A,A,A,H,-,A,D,0,,,,,Y,,A,01,0,0,2,0,0,0,0,0,0,"- ","- ",37.893749237060547,-122.51616668701172,MARIN,UNINCORPORATED,-122.51630401611328,37.893760681152344