CASE_ID,ACCIDENT_YEAR,PROC_DATE,JURIS,COLLISION_DATE,COLLISION_TIME,OFFICER_ID,REPORTING_DISTRICT,DAY_OF_WEEK,CHP_SHIFT,POPULATION,CNTY_CITY_LOC,SPECIAL_COND,BEAT_TYPE,CHP_BEAT_TYPE,CITY_DIVISION_LAPD,CHP_BEAT_CLASS,BEAT_NUMBER,PRIMARY_RD,SECONDARY_RD,DISTANCE,DIRECTION,INTERSECTION,WEATHER_1,WEATHER_2,STATE_HWY_IND,CALTRANS_COUNTY,CALTRANS_DISTRICT,STATE_ROUTE,ROUTE_SUFFIX,POSTMILE_PREFIX,POSTMILE,LOCATION_TYPE,RAMP_INTERSECTION,SIDE_OF_HWY,TOW_AWAY,COLLISION_SEVERITY,NUMBER_KILLED,NUMBER_INJURED,PARTY_COUNT,PRIMARY_COLL_FACTOR,PCF_CODE_OF_VIOL,PCF_VIOL_CATEGORY,PCF_VIOLATION,PCF_VIOL_SUBSECTION,HIT_AND_RUN,TYPE_OF_COLLISION,MVIW,PED_ACTION,ROAD_SURFACE,ROAD_COND_1,ROAD_COND_2,LIGHTING,CONTROL_DEVICE,CHP_ROAD_TYPE,PEDESTRIAN_ACCIDENT,BICYCLE_ACCIDENT,MOTORCYCLE_ACCIDENT,TRUCK_ACCIDENT,NOT_PRIVATE_PROPERTY,ALCOHOL_INVOLVED,STWD_VEHTYPE_AT_FAULT,CHP_VEHTYPE_AT_FAULT,COUNT_SEVERE_INJ,COUNT_VISIBLE_INJ,COUNT_COMPLAINT_PAIN,COUNT_PED_KILLED,COUNT_PED_INJURED,COUNT_BICYCLIST_KILLED,COUNT_BICYCLIST_INJURED,COUNT_MC_KILLED,COUNT_MC_INJURED,PRIMARY_RAMP,SECONDARY_RAMP,LATITUDE,LONGITUDE,COUNTY,CITY,POINT_X,POINT_Y
90906960,2019,2019-01-18,9350,2019-01-15,0713,014448,,2,1,9,2100,0,1,2,,2,020,"US 101 S/B","S EDGE ROBIN WILLIAMS TUNNEL",100.00,N,N,B,C,Y,,,,,,,,,,N,4,0,1,2,A,-,03,22350,,N,C,C,A,B,H,-,C,D,0,,,,,Y,,D,22,0,0,1,0,0,0,0,0,0,"- ","- ",37.843849182128906,-122.48609924316406,MARIN,UNINCORPORATED,,
90906964,2019,2019-01-18,9350,2019-01-16,1723,017201,,3,2,4,2106,0,1,2,,1,080,"US-101 N/B","ROWLAND BLVD O/C",530.00,N,N,B,C,Y,,,101,,,,,,N,Y,4,0,1,2,A,-,03,22350,,N,C,C,A,B,H,-,D,D,0,,,,,Y,,A,08,0,0,1,0,0,0,0,0,0,"- ","- ",38.096000671386719,-122.56130218505859,MARIN,NOVATO,-122.56137084960938,38.095977783203125
90907303,2019,2019-01-18,9350,2019-01-15,0714,014448,,2,1,9,2100,0,1,2,,2,020,"US 101 S/B","S. END ROBIN WILLIAMS TUNNEL",125.00,N,N,B,C,Y,,,,,,,,,,Y,4,0,1,2,A,-,03,22350,,N,C,C,A,B,H,-,C,D,0,,,,,Y,,A,07,0,0,1,0,0,0,0,0,0,"- ","- ",37.843849182128906,-122.48609924316406,MARIN,UNINCORPORATED,,
90907764,2019,2019-01-21,9350,2019-01-16,1925,018797,,3,2,9,2100,0,1,2,,2,070,"US-101 N/B","LUCAS VALLEY RD O/C",528.00,N,N,B,C,Y,,,101,,,,,,N,Y,3,0,1,1,A,-,03,22350,,N,E,I,A,B,F,-,C,D,0,,,,,Y,,A,01,0,1,0,0,0,0,0,0,0,"- ","- ",38.023391723632812,-122.53825378417969,MARIN,UNINCORPORATED,-122.53846740722656,38.023441314697266
90907765,2019,2019-01-21,9350,2019-01-14,1800,022108,,1,2,5,2109,0,1,2,,1,060,"US-101 N/B","BELLAM BLVD",240.00,S,N,B,-,Y,,,101,,,,,,N,Y,4,0,1,4,A,-,03,22350,,N,C,C,A,B,H,-,C,D,0,,,,,Y,,A,07,0,0,1,0,0,0,0,0,0,"- ","- ",37.956951141357422,-122.50875091552734,MARIN,"SAN RAFAEL",-122.50877380371094,37.956947326660156
90907767,2019,2019-01-21,9350,2019-01-13,0610,016533,,7,1,4,2106,0,1,3,,2,037,"SR-37 E/B","NOVATO CREEK",2000.00,E,N,B,E,Y,,,37,,,,,,E,Y,4,0,1,1,A,-,08,22107,,M,E,I,A,A,H,-,D,D,0,,,,,Y,,D,23,0,0,1,0,0,0,0,0,0,"- ","- ",38.092350006103516,-122.52790832519531,MARIN,NOVATO,-122.5279541015625,38.0924072265625
90907778,2019,2019-01-21,9350,2019-01-17,1505,019000,,4,2,4,2106,0,1,2,,2,070,"US-101 S/B","NAVE DR. O/C",800.00,S,N,B,-,Y,,,101,,,,,,S,Y,4,0,2,2,A,-,03,22350,,N,C,C,A,B,H,-,A,D,0,,,,,Y,,A,07,0,0,2,0,0,0,0,0,0,"- ","- ",38.046390533447266,-122.53350067138672,MARIN,NOVATO,-122.53355407714844,38.046428680419922
90907781,2019,2019-01-21,9350,2019-01-14,0638,016034,,1,1,4,2106,0,1,2,,2,070,"US 101 S/B","NAVE DRIVE OVERCROSSING",28.00,S,N,B,-,Y,,,,,,,,,,Y,4,0,1,3,A,-,03,22350,,N,C,C,A,B,H,-,C,D,0,,,,,Y,,D,22,0,0,1,0,0,0,0,0,0,"- ","- ",38.047309875488281,-122.53311157226562,MARIN,NOVATO,-122.53253936767578,38.047988891601562
90907789,2018,2019-01-21,9350,2018-12-12,0840,017729,,3,1,9,2100,0,2,4,,2,017,"ATHERTON AVENUE","SCHOOL ROAD",0.00,,Y,A,-,N,,,,,,,,,,Y,2,0,2,2,A,-,09,21804,A,N,D,C,A,A,H,-,A,A,0,,,,Y,Y,,A,01,1,0,1,0,0,0,0,0,0,"- ","- ",38.109230041503906,-122.53095245361328,MARIN,UNINCORPORATED,-122.53102874755859,38.109268188476562
90907854,2019,2019-01-21,9350,2019-01-19,1235,016533,,6,1,9,2100,0,1,2,,1,080,"US-101 N/B","SAN ANTONIO RD O/C",2640.00,N,N,B,-,Y,,,101,,,,,,N,Y,2,0,4,2,A,-,03,22350,,N,C,C,A,A,H,-,A,D,0,,,,,Y,,A,01,1,3,0,0,0,0,0,0,0,"- ","- ",38.168540954589844,-122.58318328857422,MARIN,UNINCORPORATED,-122.58303833007812,38.168769836425781
90907915,2019,2019-01-21,9350,2019-01-15,1350,022133,,2,1,9,2100,0,1,2,,2,020,"US-101 N/B","ALEXANDER AVENUE UNDERCROSSING",100.00,S,N,C,-,Y,,,101,,,,,,N,Y,3,0,1,2,A,-,07,21658,A,N,B,C,A,B,H,-,A,D,0,,,,,Y,,A,01,0,1,0,0,0,0,0,0,0,"- ","- ",37.83538818359375,-122.48448181152344,MARIN,UNINCORPORATED,-122.4844970703125,37.835380554199219
9090900,2020,2020-07-20,2104,2020-03-10,1315,078,,2,5,3,2104,0,0,0,,0,002,"SIR FRANCIS DRAKE BL","ELISEO DR",549.00,E,N,A,-,N,,,,,,,,,,N,4,0,4,3,A,-,03,22350,,N,C,C,A,A,H,-,A,D,0,,,,,Y,,A,01,0,0,4,0,0,0,0,0,0,"- ","- ",37.944969177246094,-122.51860809326172,MARIN,LARKSPUR,-122.51853179931641,37.945003509521484
9090901,2020,2020-07-17,2102,2020-03-10,1451,078,,2,5,2,2102,0,0,0,,0,001,"PARADISE DR","HARBOR DR",257.00,N,N,A,-,N,,,,,,,,,,N,4,0,1,1,A,-,"- ",,,N,E,I,A,A,H,-,A,D,0,,,,,Y,,-,"- ",0,0,1,0,0,0,0,0,0,"- ","- ",37.920608520507812,-122.51004028320312,MARIN,"CORTE MADERA",-122.50965118408203,37.920436859130859
9090902,2020,2020-07-17,2104,2020-03-02,1055,026,1,1,5,3,2104,0,0,0,,0,002,"MAGNOLIA AV","CREEKSIDE DR",650.00,S,N,A,-,N,,,,,,,,,,N,4,0,1,1,C,-,18,,,N,H,A,A,A,H,-,A,D,0,,Y,,,Y,,-,"- ",0,0,1,0,0,0,1,0,0,"- ","- ",37.939628601074219,-122.53700256347656,MARIN,LARKSPUR,-122.53707885742188,37.940128326416016
90909880,2019,2019-01-23,9350,2019-01-16,1252,014448,,3,1,9,2100,0,1,2,,2,020,"US 101 S/B","N. END GOLDEN GATE BRIDGE",200.00,S,N,B,C,Y,,,,,,,,,,Y,4,0,1,1,A,-,03,22350,,N,E,I,A,B,H,-,A,D,0,,,,,Y,,A,07,0,0,1,0,0,0,0,0,0,"- ","- ",37.831508636474609,-122.48046112060547,MARIN,UNINCORPORATED,,
90909916,2019,2019-01-23,9350,2019-01-14,1305,019150,,1,1,9,2100,0,1,3,,2,037,"SR-37 E/B","ATHERTON AVE",2112.00,W,N,B,C,Y,,,,,,,,,,Y,3,0,1,1,A,-,01,23152,A,N,F,A,A,B,H,-,A,D,0,,,,,Y,Y,A,07,0,1,0,0,0,0,0,0,0,"- ","- ",38.101051330566406,-122.51650238037109,MARIN,UNINCORPORATED,-122.51663208007812,38.101158142089844
90910197,2019,2019-01-23,9350,2019-01-22,1754,019000,,2,2,5,2109,0,1,2,,1,060,"US-101 N/B","NORTH SAN PEDRO RD",200.00,N,N,A,-,Y,,,101,,,,,,N,Y,4,0,1,3,A,-,03,22350,,N,C,C,A,A,H,-,C,D,0,,,,,Y,,D,22,0,0,1,0,0,0,0,0,0,"- ","- ",37.994991302490234,-122.53273773193359,MARIN,"SAN RAFAEL",-122.53269195556641,37.995025634765625
90911257,2019,2019-01-24,9350,2019-01-23,0908,016034,,3,1,9,2100,0,1,2,,2,070,"US 101 S/B","LUCAS VALLEY ROAD",388.00,N,N,A,-,Y,,,,,,,,,,Y,4,0,1,3,A,-,03,22350,,N,C,C,A,A,H,-,A,D,0,,,,,Y,,A,01,0,0,1,0,0,0,0,0,0,"- ","- ",38.022430419921875,-122.53909301757812,MARIN,UNINCORPORATED,-122.53896331787109,38.022304534912109
90911273,2019,2019-01-24,9350,2019-01-23,1055,014864,,3,1,5,2109,0,1,2,,1,060,"US-101 S/B","SAN PEDRO RD",528.00,N,N,A,-,Y,,,101,,,,,,S,N,4,0,1,2,A,-,03,22350,,N,C,C,A,A,H,-,A,D,0,,,,,Y,,A,01,0,0,1,0,0,0,0,0,0,"- ","- ",37.997711181640625,-122.53492736816406,MARIN,"SAN RAFAEL",-122.53495025634766,37.997692108154297
90913358,2019,2019-01-28,9350,2019-01-20,2140,021696,,7,2,5,2109,0,1,2,,1,060,"US-101 N/B","MISSION AVE",2376.00,N,N,C,-,Y,,,101,,,,,,N,Y,4,0,2,1,A,-,03,22350,,N,E,I,A,B,H,-,D,D,0,,,,,Y,,A,01,0,0,2,0,0,0,0,0,0,"- ","- ",37.980388641357422,-122.52127075195312,MARIN,"SAN RAFAEL",-122.52113342285156,37.980445861816406
90913538,2019,2019-01-28,9350,2019-01-24,0940,019150,,4,1,9,2100,0,1,2,,1,080,"US-101 N/B","SAN ANTONIO RD",4752.00,N,N,A,-,Y,,,101,,,,,,N,Y,3,0,1,1,A,-,08,22107,,N,F,A,A,A,H,-,A,D,0,,,,,Y,,A,07,0,1,0,0,0,0,0,0,0,"- ","- ",38.172279357910156,-122.5880126953125,MARIN,UNINCORPORATED,-122.58806610107422,38.172206878662109
90913600,2019,2019-01-28,9350,2019-01-24,0945,021564,,4,1,9,2100,0,1,2,,2,020,"US-101 S/B","ROBIN WILLIAMS TUNNEL",120.00,N,N,A,-,Y,,,101,,,,,,S,N,3,0,1,1,A,-,08,22107,,N,E,I,A,A,H,-,A,D,0,,,,,Y,,A,01,0,1,0,0,0,0,0,0,0,"- ","- ",37.846500396728516,-122.48680877685547,MARIN,UNINCORPORATED,-122.48680877685547,37.846500396728516
90913733,2019,2019-01-28,9350,2019-01-25,1305,021075,,5,1,3,2104,0,1,2,,2,050,"US-101 N/B TO SIR FRANCIS DRAKE BLVD","SIR FRANCIS DRAKE BLVD",450.00,S,N,A,-,Y,,,101,,,,R,,N,Y,4,0,2,2,A,-,03,22350,,N,C,C,A,A,H,-,A,D,0,,,,,Y,,A,01,0,0,2,0,0,0,0,0,0,"- ","- ",37.943500518798828,-122.51461791992188,MARIN,LARKSPUR,-122.51461791992188,37.943500518798828
90914470,2019,2019-01-29,9350,2019-01-21,0016,021696,,1,3,9,2100,0,1,1,,1,015,"I-580 E/B","MARIN/CONTRA COSTA COUNTY LINE",1584.00,W,N,C,-,Y,,,580,,,,,,E,Y,3,0,3,2,A,-,01,23152,A,N,C,C,A,B,H,-,C,D,0,,,,,Y,Y,A,01,0,1,2,0,0,0,0,0,0,"- ","- ",37.934738159179688,-122.43907928466797,MARIN,UNINCORPORATED,-122.43907928466797,37.934730529785156
90914480,2019,2019-01-29,9350,2019-01-25,1200,014448,,5,1,9,2100,0,1,3,,1,012,"RT 1","NORTHERN AVE",0.00,,Y,A,-,N,,,1,,,,,,,N,3,0,1,2,A,-,03,22350,,N,D,G,A,A,H,-,A,D,0,,Y,,,Y,,L,04,0,1,0,0,0,0,1,0,0,"- ","- ",37.880329132080078,-122.53807067871094,MARIN,UNINCORPORATED,-122.53804779052734,37.880352020263672
90914568,2019,2019-01-29,9350,2019-01-25,0700,013918,,5,1,5,2109,0,1,2,,2,050,"U.S.101 S/B","I-580 OC",1000.00,S,N,A,-,Y,,,,,,,,,,Y,4,0,1,3,A,-,07,21658,A,F,B,C,A,A,H,-,B,D,0,,,,,Y,,A,01,0,0,1,0,0,0,0,0,0,"- ","- ",37.959091186523438,-122.50946044921875,MARIN,"SAN RAFAEL",,
90915305,2019,2019-01-30,9350,2019-01-22,1900,021893,,2,2,9,2100,0,1,2,,1,080,"US-101 N/B","SAN ANTONIO RD",5280.00,S,N,A,-,Y,,,101,,,,,,N,Y,4,0,1,1,A,-,08,22107,,N,F,I,A,A,H,-,D,D,0,,,,,Y,,A,07,0,0,1,0,0,0,0,0,0,"- ","- ",38.149681091308594,-122.56616973876953,MARIN,UNINCORPORATED,-122.566162109375,38.149681091308594
90916016,2019,2019-01-30,9350,2019-01-24,1447,021418,,4,2,9,2100,0,1,3,,2,013,"SR-131 E/B","US-101 N/B UNDERCROSSING",25.00,E,N,A,-,Y,,,131,,,,,,E,Y,4,0,1,3,A,-,03,22350,,N,C,C,A,A,H,-,A,D,0,,,,,Y,,A,01,0,0,1,0,0,0,0,0,0,"- ","- ",37.9027099609375,-122.51542663574219,MARIN,UNINCORPORATED,-122.51542663574219,37.902748107910156
90916293,2019,2019-01-31,9350,2019-01-25,0930,021075,,5,1,4,2106,0,1,2,,2,070,"US-101 SOUTHBOUND","NAVE DRIVE",2640.00,N,N,A,-,Y,,,101,,,,,,S,N,4,0,1,2,A,-,04,21703,,N,C,C,A,A,H,-,A,D,0,,,,Y,Y,,F,26,0,0,1,0,0,0,0,0,0,"- ","- ",38.055679321289062,-122.53070831298828,MARIN,NOVATO,-122.53073120117188,38.055679321289062
90916879,2019,2019-01-31,9350,2019-01-23,1908,021266,,3,2,9,2100,0,2,4,,2,024,"SIR FRANCIS DRAKE BLVD","ELM AVE",15.00,E,N,A,-,N,,,,,,,,,,N,2,0,1,2,A,-,12,21453,A,N,G,B,B,A,H,-,C,A,0,Y,,,,Y,,A,01,1,0,0,0,1,0,0,0,0,"- ","- ",37.956760406494141,-122.54910278320312,MARIN,UNINCORPORATED,-122.54911041259766,37.956813812255859
90916906,2019,2019-01-31,9350,2019-01-30,1600,021087,,3,2,5,2109,0,1,2,,2,070,"US-101 S/B","MANUEL T FREITAS PKY",2500.00,N,N,A,-,Y,,,101,,,,,,S,Y,3,0,1,1,A,-,08,22107,,N,E,I,A,A,H,-,A,D,0,,,,,Y,,D,22,0,1,0,0,0,0,0,0,0,"- ","- ",38.013530731201172,-122.54203796386719,MARIN,"SAN RAFAEL",-122.54208374023438,38.013534545898438
90917098,2019,2019-02-01,9350,2019-01-26,0823,021586,,6,1,9,2100,0,1,2,,1,120,"US-101 SB, GGB WEST SIDEWALK","NORTH TOWER OF GOLDEN GATE BRIDGE",2112.00,N,N,A,-,N,,,101,,,,,,S,N,4,0,1,1,B,-,22,,,N,E,J,A,A,D,-,A,D,0,,Y,,,Y,,L,04,0,0,1,0,0,0,1,0,0,"- ","- ",37.825489044189453,-122.47971343994141,MARIN,UNINCORPORATED,-122.47953033447266,37.825515747070312
90917526,2019,2019-02-01,9350,2019-01-29,1600,021087,,2,2,5,2109,0,1,2,,1,060,"US-101 S/B TO I-580 E/B","BELLAM BLVD",2500.00,N,N,A,-,Y,,,101,,,,R,,S,Y,4,0,1,2,A,-,03,22350,,N,C,C,A,A,H,-,A,D,0,,,,Y,Y,,F,26,0,0,1,0,0,0,0,0,0,"- ","- ",37.963241577148438,-122.51190185546875,MARIN,"SAN RAFAEL",-122.51190185546875,37.963241577148438
90918045,2019,2019-02-04,9350,2019-01-29,1559,021485,,2,2,5,2109,0,1,1,,1,015,"I-580 EB FROM US-101 SB","BELLAM BLVD",2000.00,W,N,A,-,Y,,,580,,,,R,,E,Y,4,0,1,2,A,-,03,22350,,N,C,C,A,A,H,-,A,D,0,,,,Y,Y,,F,26,0,0,1,0,0,0,0,0,0,"- ","- ",37.962909698486328,-122.51157379150391,MARIN,"SAN RAFAEL",-122.51157379150391,37.962909698486328
90918055,2019,2019-02-04,9350,2019-01-29,2250,021466,,2,3,9,2100,0,1,3,,2,013,"US-101 SB TO E. BLITHEDALE AVE","E. BLITHEDALE AVE",0.00,,Y,A,-,Y,,,101,,,,R,,S,Y,3,0,1,1,A,-,03,22350,,N,E,I,A,A,H,-,C,D,0,,,,,Y,,A,07,0,1,0,0,0,0,0,0,0,"- ","- ",37.902748107910156,-122.51725769042969,MARIN,UNINCORPORATED,-122.51725769042969,37.902748107910156
90918209,2019,2019-02-04,9350,2019-02-02,0520,021564,,6,3,5,2109,0,1,2,,1,060,"US-101 S/B","NORTH SAN PEDRO RD",1056.00,S,N,C,-,Y,,,101,,,,,,S,Y,3,0,1,1,A,-,03,22350,,N,E,I,A,B,H,-,B,D,0,,,,,Y,,A,01,0,1,0,0,0,0,0,0,0,"- ","- ",37.991428375244141,-122.53016662597656,MARIN,"SAN RAFAEL",-122.53022003173828,37.991390228271484
90919024,2019,2019-02-05,9350,2019-01-28,2155,021520,,1,2,2,2110,0,1,2,,2,020,"US-101 SOUTHBOUND","ROBIN WILLIAMS TUNNEL N. END",900.00,N,N,A,-,Y,,,101,,,,,,S,Y,4,0,1,2,A,-,07,21658,A,M,B,C,A,A,H,-,C,D,0,,,,,Y,,A,01,0,0,1,0,0,0,0,0,0,"- ","- ",37.847770690917969,-122.48821258544922,MARIN,SAUSALITO,-122.48821258544922,37.847770690917969
90919276,2019,2019-02-05,9350,2019-02-04,0730,014864,,1,1,9,2100,0,1,2,,2,020,"US-101 S/B","WALDO TUNNEL",585.00,S,N,B,C,Y,,,101,,,,,,S,Y,4,0,1,3,A,-,03,22350,,N,C,C,A,B,H,-,A,D,0,,,,,Y,,A,07,0,0,1,0,0,0,0,0,0,"- ","- ",37.844928741455078,-122.48638153076172,MARIN,UNINCORPORATED,-122.486328125,37.844944000244141
90920570,2019,2019-02-06,9350,2019-02-01,1440,021087,,5,2,5,2109,0,1,2,,1,060,"US-101 S/B","N. SAN PEDRO",300.00,N,N,C,-,Y,,,101,,,,,,S,Y,3,0,1,2,A,-,03,22350,,N,B,C,A,B,H,-,A,D,0,,,,Y,Y,,D,22,0,1,0,0,0,0,0,0,0,"- ","- ",37.994979858398438,-122.53298950195312,MARIN,"SAN RAFAEL",-122.53298187255859,37.994987487792969
90921935,2019,2019-02-08,9350,2019-01-31,1640,022066,,4,2,5,2109,0,1,2,,1,060,"US-101 S/B","RT 580",2112.00,N,N,A,-,Y,,,101,,,,,,S,N,4,0,2,2,A,-,07,21658,A,N,B,C,A,A,H,-,A,D,0,,,,,Y,,-,"- ",0,0,2,0,0,0,0,0,0,"- ","- ",37.965618133544922,-122.51580810546875,MARIN,"SAN RAFAEL",-122.51580047607422,37.965633392333984
90922471,2019,2019-02-08,9350,2019-02-01,1055,019150,,5,1,9,2100,0,1,2,,1,080,"US-101 S/B","ATHERTON AVE",5280.00,N,N,B,-,Y,,,101,,,,,,S,Y,2,0,2,3,A,-,01,23152,F,N,C,E,E,A,H,-,A,D,0,Y,,,Y,Y,,A,01,1,1,0,0,1,0,0,0,0,"- ","- ",38.132469177246094,-122.56398773193359,MARIN,UNINCORPORATED,-122.56390380859375,38.132469177246094
90924264,2019,2019-02-12,9350,2019-01-31,0740,015964,,4,1,9,2100,0,2,4,,1,016,"LUCAS VALLEY ROAD (E/B)","GUNSHOT FIRE TRAIL ROAD",3168.00,E,N,B,-,N,,,,,,,,,,Y,4,0,1,1,A,-,03,22350,,N,E,I,A,B,H,-,A,D,0,,,,,Y,,A,01,0,0,1,0,0,0,0,0,0,"- ","- ",38.043758392333984,-122.61486053466797,MARIN,UNINCORPORATED,-122.61485290527344,38.043796539306641
90924330,2019,2019-02-12,9350,2019-02-04,2030,021893,,1,2,2,2110,0,1,2,,1,030,"US-101 S/B","DONAHUE ST",1584.00,S,N,C,-,Y,,,101,,,,,,S,Y,4,0,2,2,A,-,03,22350,,N,E,I,A,C,H,-,C,D,0,,,,,Y,,A,01,0,0,2,0,0,0,0,0,0,"- ","- ",37.867321014404297,-122.50717926025391,MARIN,SAUSALITO,-122.50729370117188,37.867321014404297
90925804,2019,2019-02-13,9350,2019-02-11,1150,015964,,1,1,9,2100,0,2,4,,1,016,"LUCAS VALLEY ROAD (W/B)","CAMINO MARGARITA",1056.00,W,N,B,-,N,,,,,,,,,,Y,3,0,1,1,A,-,08,22107,,N,E,I,A,B,H,-,A,D,0,,,,,Y,,A,07,0,1,0,0,0,0,0,0,0,"- ","- ",38.050361633300781,-122.64399719238281,MARIN,UNINCORPORATED,-122.64373016357422,38.047359466552734
90926052,2019,2019-02-13,9350,2019-02-04,0743,013918,,1,1,2,2110,0,1,S,,2,901,"U.S. 101 S/B","SPENCER AVE",2700.00,N,N,B,-,Y,,,,,,,,,,Y,4,0,1,2,A,-,03,22350,,N,C,C,A,B,H,-,A,D,0,,,,,Y,,A,01,0,0,1,0,0,0,0,0,0,"- ","- ",37.85858154296875,-122.49996948242188,MARIN,SAUSALITO,,
90926095,2018,2019-04-10,9350,2018-10-29,1735,022108,,1,2,9,2100,0,2,4,,1,044,"SIR FRANCIS DRAKE BLVD","RAILROAD AVE",630.00,W,N,A,-,N,,,,,,,,,,Y,1,1,0,2,A,-,01,23152,A,N,C,G,A,A,H,-,A,D,0,,Y,,,Y,Y,A,07,0,0,0,0,0,1,0,0,0,"- ","- ",38.015010833740234,-122.64949035644531,MARIN,UNINCORPORATED,-122.64939880371094,38.014942169189453
90927273,2019,2019-02-15,9350,2019-02-04,1110,014864,,1,1,9,2100,0,1,2,,2,020,"US-101 N/B","WALDO TUNNEL",80.00,S,N,B,-,Y,,,101,,,,,,N,Y,3,0,2,2,A,-,03,22350,,N,E,I,A,B,H,-,A,D,0,,,,,Y,,A,01,0,1,1,0,0,0,0,0,0,"- ","- ",37.843059539794922,-122.48561096191406,MARIN,UNINCORPORATED,-122.48551177978516,37.843082427978516
90927340,2019,2019-02-15,9350,2019-02-08,1810,021266,,5,2,4,2106,0,1,2,,1,080,"US-101 N/B","ATHERTON AVE.",3168.00,N,N,A,-,Y,,,101,,,,,,N,Y,4,0,1,2,A,-,21,22106,,N,C,C,A,A,H,-,D,D,0,,,,,Y,,A,01,0,0,1,0,0,0,0,0,0,"- ","- ",38.127120971679688,-122.56533813476562,MARIN,NOVATO,-122.56525421142578,38.127082824707031
90927458,2019,2019-02-15,9350,2019-02-04,0945,021586,,1,1,5,2109,0,1,2,,1,060,"US-101 NB TO 2ND STREET","SECOND STREET",195.00,S,N,C,-,Y,,,101,,,,R,,N,Y,3,0,1,3,C,-,18,,,N,B,E,A,B,H,-,A,D,0,,,,,Y,,-,"- ",0,1,0,0,0,0,0,0,0,"- ","- ",37.969970703125,-122.52126312255859,MARIN,"SAN RAFAEL",-122.52126312255859,37.969970703125
90927727,2019,2019-02-15,9350,2019-02-05,0910,013918,,2,1,9,2100,0,3,5,,2,003,"50 BARBAREE WAY","GREENWOOD COVE DR",164.00,S,N,B,-,N,,,,,,,,,,N,3,0,1,2,C,-,18,,,N,G,B,F,A,H,-,A,D,0,Y,,Y,,Y,,-,"- ",0,1,0,0,1,0,0,0,0,"- ","- ",37.895450592041016,-122.498291015625,MARIN,UNINCORPORATED,-122.49832153320312,37.895576477050781
90928540,2019,2019-02-19,9350,2019-02-09,1340,021075,,6,1,5,2109,0,1,2,,2,050,"US-101 NORTHBOUND","ANDERSEN DRIVE",450.00,N,N,B,C,Y,,,101,,,,,,N,N,4,0,1,2,A,-,03,22350,,N,C,C,A,B,H,-,A,D,0,,,,,Y,,D,22,0,0,1,0,0,0,0,0,0,"- ","- ",37.960060119628906,-122.50933837890625,MARIN,"SAN RAFAEL",-122.50936126708984,37.960056304931641
90928593,2019,2019-02-19,9350,2019-01-25,1943,021418,,5,2,9,2100,0,3,5,,2,003,"REED BLVD","CARLOTTA CIR",25.00,W,N,A,-,N,,,,,,,,,,N,4,0,1,2,A,-,01,23152,F,N,C,C,A,A,H,-,D,D,0,,,,,Y,,A,01,0,0,1,0,0,0,0,0,0,"- ","- ",37.898239135742188,-122.51207733154297,MARIN,UNINCORPORATED,-122.51248931884766,37.898349761962891
90929282,2019,2019-02-19,9350,2019-02-08,1410,021893,,5,2,9,2100,0,1,2,,2,040,"US-101 N/B","SR-131 (TIBURON BLVD)",3168.00,S,N,C,-,Y,,,101,,,,,,N,Y,4,0,1,3,A,-,07,21658,A,N,C,C,A,B,H,-,A,D,0,,,,,Y,,A,01,0,0,1,0,0,0,0,0,0,"- ","- ",37.893718719482422,-122.51637268066406,MARIN,UNINCORPORATED,-122.51630401611328,37.893714904785156
90929350,2019,2019-02-19,9350,2019-02-10,0840,021564,,7,1,5,2109,0,1,1,,1,015,"I-580 E/B","BELLAM BLVD",850.00,W,N,A,-,Y,,,580,,,,,,E,Y,3,0,1,2,A,-,07,21658,A,N,B,C,A,A,H,-,A,D,0,,,,,Y,,A,01,0,1,0,0,0,0,0,0,0,"- ","- ",37.961620330810547,-122.50829315185547,MARIN,"SAN RAFAEL",-122.50829315185547,37.96160888671875
90930905,2019,2019-02-21,9350,2019-02-13,0705,021564,,3,1,9,2100,0,1,2,,1,030,"US-101 N/B","SPENCER AVE UNDERCROSSING",1056.00,N,N,B,C,Y,,,,,,,,,,Y,4,0,1,1,A,-,03,22350,,N,E,I,A,B,H,-,B,D,0,,,,,Y,,A,01,0,0,1,0,0,0,0,0,0,"- ","- ",37.855228424072266,-122.49365234375,MARIN,UNINCORPORATED,,
90931270,2019,2019-02-21,9350,2019-02-14,1740,018797,,4,2,9,2100,0,1,2,,1,080,"US-101 N/B","SONOMA COUNTY LINE",528.00,S,N,A,-,Y,,,101,,,,,,N,Y,4,0,1,3,A,-,03,22350,,N,C,C,A,B,H,-,A,D,0,,,,,Y,,A,01,0,0,1,0,0,0,0,0,0,"- ","- ",38.181678771972656,-122.60041809082031,MARIN,UNINCORPORATED,-122.59989166259766,38.181953430175781