CASE_ID,ACCIDENT_YEAR,PROC_DATE,JURIS,COLLISION_DATE,COLLISION_TIME,OFFICER_ID,REPORTING_DISTRICT,DAY_OF_WEEK,CHP_SHIFT,POPULATION,CNTY_CITY_LOC,SPECIAL_COND,BEAT_TYPE,CHP_BEAT_TYPE,CITY_DIVISION_LAPD,CHP_BEAT_CLASS,BEAT_NUMBER,PRIMARY_RD,SECONDARY_RD,DISTANCE,DIRECTION,INTERSECTION,WEATHER_1,WEATHER_2,STATE_HWY_IND,CALTRANS_COUNTY,CALTRANS_DISTRICT,STATE_ROUTE,ROUTE_SUFFIX,POSTMILE_PREFIX,POSTMILE,LOCATION_TYPE,RAMP_INTERSECTION,SIDE_OF_HWY,TOW_AWAY,COLLISION_SEVERITY,NUMBER_KILLED,NUMBER_INJURED,PARTY_COUNT,PRIMARY_COLL_FACTOR,PCF_CODE_OF_VIOL,PCF_VIOL_CATEGORY,PCF_VIOLATION,PCF_VIOL_SUBSECTION,HIT_AND_RUN,TYPE_OF_COLLISION,MVIW,PED_ACTION,ROAD_SURFACE,ROAD_COND_1,ROAD_COND_2,LIGHTING,CONTROL_DEVICE,CHP_ROAD_TYPE,PEDESTRIAN_ACCIDENT,BICYCLE_ACCIDENT,MOTORCYCLE_ACCIDENT,TRUCK_ACCIDENT,NOT_PRIVATE_PROPERTY,ALCOHOL_INVOLVED,STWD_VEHTYPE_AT_FAULT,CHP_VEHTYPE_AT_FAULT,COUNT_SEVERE_INJ,COUNT_VISIBLE_INJ,COUNT_COMPLAINT_PAIN,COUNT_PED_KILLED,COUNT_PED_INJURED,COUNT_BICYCLIST_KILLED,COUNT_BICYCLIST_INJURED,COUNT_MC_KILLED,COUNT_MC_INJURED,PRIMARY_RAMP,SECONDARY_RAMP,LATITUDE,LONGITUDE,COUNTY,CITY,POINT_X,POINT_Y
91053197,2019,2019-08-16,9350,2019-08-10,2255,021686,,6,3,9,2100,0,1,3,,1,052,"SR-1 N/B","CLARK RD",7920.00,N,N,B,-,Y,,,1,,,,,,N,Y,3,0,1,1,A,-,08,22107,,N,E,I,A,B,H,-,D,D,0,,,,,Y,Y,D,22,0,1,0,0,0,0,0,0,0,"- ","- ",38.201778411865234,-122.92143249511719,MARIN,UNINCORPORATED,-122.92142486572266,38.2017822265625
91053562,2019,2019-08-16,9350,2019-08-08,0752,013918,,4,1,9,2100,0,1,2,,2,050,"U.S. 101 S/B","SIR FRANCIS DRAKE BLVD",2000.00,N,N,A,-,Y,,,,,,,,,,Y,4,0,1,3,A,-,03,22350,,M,C,C,A,A,H,-,A,D,0,,,,,Y,,D,22,0,0,1,0,0,0,0,0,0,"- ","- ",37.950130462646484,-122.51175689697266,MARIN,UNINCORPORATED,-122.51493835449219,37.944690704345703
91054229,2019,2019-08-19,9350,2019-08-07,1330,022300,,3,1,9,2100,0,1,2,,2,040,"US-101 N/B",SR-1,1056.00,N,N,A,-,Y,,,101,,,,,,N,N,4,0,1,2,A,-,07,21658,A,N,C,C,A,A,H,-,A,D,0,,,,,Y,,A,01,0,0,1,0,0,0,0,0,0,"- ","- ",37.886260986328125,-122.51663208007812,MARIN,UNINCORPORATED,-122.51663208007812,37.886260986328125
91054289,2019,2019-08-19,9350,2019-08-09,1730,022034,,5,2,5,2109,0,1,2,,1,060,"US-101 N/B TO IRWIN STREET","2ND STREET",50.00,S,N,A,-,Y,,,101,,,,R,,N,N,4,0,1,2,A,-,21,22106,,N,C,C,A,A,H,-,A,D,0,,,Y,,Y,,A,01,0,0,1,0,0,0,0,0,1,"- ","- ",37.970268249511719,-122.52120971679688,MARIN,"SAN RAFAEL",-122.52120971679688,37.970268249511719
9105454,2020,2020-10-29,2105,2020-05-29,1735,MV6237,90001,5,5,3,2105,0,0,0,,0,MV2,"MILLER AV","CAMINO ALTO",0.00,,Y,B,-,N,,,,,,,,,,N,4,0,1,2,A,-,11,21456,B,N,G,B,B,A,H,-,A,A,0,Y,,,,Y,,N,60,0,0,1,0,1,0,0,0,0,"- ","- ",,,MARIN,"MILL VALLEY",-122.52996826171875,37.892818450927734
91054541,2019,2019-08-19,9350,2019-08-12,1720,022108,,1,2,9,2100,0,1,2,,2,020,"US-101 N/B","CONZELMAN ROAD",187.00,S,N,A,-,Y,,,101,,,,,,N,Y,4,0,1,1,A,-,08,22107,,N,E,J,A,A,H,-,A,D,0,,,,,Y,,A,01,0,0,1,0,0,0,0,0,0,"- ","- ",37.829910278320312,-122.47946929931641,MARIN,UNINCORPORATED,-122.47990417480469,37.829853057861328
91054746,2019,2019-08-19,9350,2019-08-11,1235,015964,,7,1,9,2100,0,3,5,,2,006,"NICASIO VALLEY ROAD (N/B)","POINT REYES-PETALUMA ROAD",12144.00,S,N,A,-,N,,,,,,,,,,Y,2,0,3,2,A,-,06,21750,A,N,D,C,A,A,H,-,A,D,0,,,Y,,Y,,C,02,2,1,0,0,0,0,0,0,2,"- ","- ",38.073898315429688,-122.7061767578125,MARIN,UNINCORPORATED,-122.70625305175781,38.073921203613281
91054839,2019,2019-08-19,9350,2019-08-13,1602,016406,,2,2,4,2106,0,1,2,,2,070,"US-101 S/B","IGNACIO BLVD",1056.00,S,N,A,-,Y,,,101,,,,,,S,Y,2,0,1,2,A,-,07,21658,A,N,B,C,A,A,H,-,A,D,0,,,,,Y,,A,07,1,0,0,0,0,0,0,0,0,"- ","- ",38.060039520263672,-122.53211975097656,MARIN,NOVATO,-122.53213500976562,38.060028076171875
91054876,2019,2019-08-19,9350,2019-08-17,0307,021432,,6,3,5,2109,0,1,2,,2,070,"US-101 S/B","MANUEL T. FREITAS",1200.00,N,N,A,-,Y,,,101,,,,,,S,Y,3,0,1,2,A,-,08,22107,,F,B,C,A,A,H,-,D,D,0,,,,,Y,Y,-,99,0,1,0,0,0,0,0,0,0,"- ","- ",38.010459899902344,-122.54209899902344,MARIN,"SAN RAFAEL",-122.54215240478516,38.010459899902344
91055292,2019,2019-08-20,9350,2019-08-11,1040,015964,,7,1,9,2100,0,3,5,,2,006,"NICASIO VALLEY RD. (N/B)","NICASIO CREEK RD.",265.00,N,N,A,-,N,,,,,,,,,,N,3,0,1,2,A,-,06,21750,A,N,B,G,A,A,H,-,A,D,0,,Y,,,Y,,A,07,0,1,0,0,0,0,1,0,0,"- ","- ",38.061038970947266,-122.697509765625,MARIN,UNINCORPORATED,-122.69747161865234,38.060829162597656
91055492,2019,2019-08-20,9350,2019-08-20,0730,016274,,2,1,5,2109,0,1,2,,1,060,"US-101 S/B","MANUEL T. FREITAS PARKWAY",1066.00,S,N,B,-,Y,,,101,,,,,,S,N,4,0,1,2,B,-,22,,,N,B,C,A,A,H,-,A,D,0,,,,Y,Y,,A,01,0,0,1,0,0,0,0,0,0,"- ","- ",38.004299163818359,-122.53987121582031,MARIN,"SAN RAFAEL",-122.539794921875,38.004352569580078
91058245,2019,2019-08-23,9350,2019-08-21,1845,019000,,3,2,9,2100,0,2,4,,2,025,"N SAN PEDRO ROAD (100 BLOCK)","JEFFERSON AVE",0.00,,Y,A,-,N,,,,,,,,,,Y,4,0,2,2,A,-,09,21801,A,N,A,C,A,A,H,-,A,D,0,,,,,Y,,A,01,0,0,2,0,0,0,0,0,0,"- ","- ",37.998008728027344,-122.52675628662109,MARIN,UNINCORPORATED,-122.5267333984375,37.998020172119141
91058314,2019,2019-08-23,9350,2019-08-16,1430,021739,,5,2,9,2100,0,1,3,,1,052,SR-1,"MARSHALL PETALUMA RD",1056.00,N,N,A,-,Y,,,1,,,,,,,Y,2,0,1,1,A,-,03,22350,,N,E,J,A,A,H,-,A,D,0,,,Y,,Y,,C,02,1,0,0,0,0,0,0,0,1,"- ","- ",38.172401428222656,-122.89823150634766,MARIN,UNINCORPORATED,-122.89824676513672,38.172378540039062
91058447,2019,2019-08-23,9350,2019-08-18,1640,021739,,7,2,9,2100,0,3,5,,2,005,"HARBOR DR","GRANDVIEW AVE",500.00,W,N,A,-,N,,,,,,,,,,Y,2,0,3,2,A,-,01,23152,A,N,C,C,A,A,H,-,A,D,0,,,,,Y,Y,A,07,1,1,1,0,0,0,0,0,0,"- ","- ",38.1083984375,-122.50729370117188,MARIN,UNINCORPORATED,-122.50729370117188,38.108348846435547
91058466,2019,2019-08-23,9350,2019-08-20,1910,019150,,2,2,9,2100,0,1,1,,1,015,"I-580 E/B","RICHMOND-SAN RAFAEL BRIDGE WEST END",6864.00,E,N,A,-,Y,,,580,,,,,,E,N,2,0,1,2,A,-,03,22350,,N,C,C,A,A,H,-,A,D,0,,,Y,,Y,,C,02,1,0,0,0,0,0,0,0,1,"- ","- ",37.937110900878906,-122.45616912841797,MARIN,UNINCORPORATED,-122.4561767578125,37.937076568603516
91058509,2019,2019-08-23,9350,2019-08-22,1505,019000,,4,2,9,2100,0,3,5,,2,004,"E. BLITHEDALE AVE W/B","TOWER DRIVE",0.00,,Y,A,-,N,,,,,,,,,,Y,4,0,1,2,A,-,03,22350,,N,C,C,A,A,H,-,A,D,0,,,,,Y,,A,01,0,0,1,0,0,0,0,0,0,"- ","- ",37.903579711914062,-122.51899719238281,MARIN,UNINCORPORATED,-122.51902770996094,37.903549194335938
91058819,2019,2019-08-26,9350,2019-08-21,1650,021699,,3,2,9,2100,0,1,2,,2,020,"US-101 S/B","WOLFBACK RIDGE RD O/C",2500.00,S,N,A,-,Y,,,101,,,,,,S,Y,4,0,1,3,A,-,03,22350,,N,C,C,A,A,H,-,A,D,0,,,,,Y,,A,01,0,0,1,0,0,0,0,0,0,"- ","- ",37.845008850097656,-122.48619842529297,MARIN,UNINCORPORATED,-122.48633575439453,37.844974517822266
91059343,2019,2019-08-26,9350,2019-08-18,0425,021696,,7,3,3,2105,0,1,2,,2,040,"US-101 N/B","TIBURON BLVD",2615.00,S,N,A,-,Y,,,101,,,,,,N,Y,3,0,2,2,A,-,01,23152,A,N,C,C,A,A,H,-,D,D,0,,,,,Y,Y,A,01,0,1,1,0,0,0,0,0,0,"- ","- ",37.895580291748047,-122.51615905761719,MARIN,"MILL VALLEY",-122.51615905761719,37.895580291748047
91059567,2019,2019-08-26,9350,2019-08-20,1415,021266,,2,2,9,2100,0,3,5,,2,006,"CRANE DRIVE","GARDEN ROCK ROAD",194.00,N,N,A,-,N,,,,,,,,,,Y,4,0,1,2,C,-,18,,,N,D,C,A,A,H,-,A,D,0,,,,Y,Y,,-,"- ",0,0,1,0,0,0,0,0,0,"- ","- ",38.015090942382812,-122.58883666992188,MARIN,UNINCORPORATED,-122.5888671875,38.015068054199219
91059918,2019,2019-08-27,9350,2019-08-16,2242,022310,,5,3,9,2100,0,1,2,,2,040,"US-101 N/B","TIBURON BLVD",2380.00,S,N,A,-,Y,,,101,,,,,,N,Y,3,0,2,2,A,-,01,23152,A,N,C,C,A,A,H,-,C,D,0,,,,,Y,Y,A,01,0,2,0,0,0,0,0,0,0,"- ","- ",37.896419525146484,-122.51609039306641,MARIN,UNINCORPORATED,-122.51608276367188,37.896419525146484
91060070,2019,2019-08-27,9350,2019-08-24,1630,018797,,6,2,2,2102,0,1,2,,2,050,"US-101 N/B","TAMALPAIS DRIVE O/C",528.00,S,N,A,-,Y,,,101,,,,,,N,N,4,0,1,2,A,-,07,21658,A,N,B,C,A,A,H,-,A,D,0,,,,Y,Y,,G,55,0,0,1,0,0,0,0,0,0,"- ","- ",37.924369812011719,-122.51363372802734,MARIN,"CORTE MADERA",-122.51365661621094,37.924354553222656
91060551,2019,2019-08-27,9350,2019-08-24,1325,021391,,6,1,9,2100,0,2,4,,1,016,"LUCAS VALLEY ROAD W/B","WESTGATE DRIVE",1584.00,W,N,A,-,N,,,,,,,,,,Y,3,0,1,1,A,-,01,23152,A,N,F,A,A,A,H,-,A,D,0,,,,,Y,Y,D,22,0,1,0,0,0,0,0,0,0,"- ","- ",38.038520812988281,-122.60243988037109,MARIN,UNINCORPORATED,-122.60192108154297,38.038558959960938
91061304,2019,2019-08-28,9350,2019-08-08,1747,022300,,4,2,4,2106,0,1,2,,1,080,"US-101 S/B","SR-37 W/B",241.00,N,N,A,-,Y,,,101,,,,,,S,Y,2,0,2,2,A,-,06,21755,,N,C,E,A,A,H,-,A,D,0,,,,,Y,,A,07,1,0,1,0,0,0,0,0,0,"- ","- ",38.080421447753906,-122.54686737060547,MARIN,NOVATO,-122.54685974121094,38.080432891845703
91064685,2019,2019-08-30,9350,2019-08-27,0757,016034,,2,1,5,2109,0,1,2,,1,060,"US 101 S/B","COLEMAN SCHOOL PEDESTRIAN O/C",750.00,N,N,A,-,Y,,,,,,,,,,N,4,0,1,3,A,-,08,22107,,N,B,C,A,A,H,-,A,D,0,,,Y,,Y,,C,02,0,0,1,0,0,0,0,0,1,"- ","- ",37.979831695556641,-122.52129364013672,MARIN,"SAN RAFAEL",,
91064841,2019,2019-09-02,9350,2019-08-25,1620,022066,,7,2,9,2100,0,1,3,,1,042,"SR-1 S/B","HORSESHOE HILL RD",0.00,,Y,A,-,Y,,,1,,,,,,S,Y,4,0,1,2,A,-,12,22450,A,N,D,C,A,A,H,-,A,A,0,,,,,Y,,A,07,0,0,1,0,0,0,0,0,0,"- ","- ",37.939441680908203,-122.70506286621094,MARIN,UNINCORPORATED,-122.70505523681641,37.939441680908203
91064967,2019,2019-09-02,9350,2019-08-29,1742,022108,,4,2,9,2100,0,1,2,,1,120,"WEST SIDEWALK","CONZELMAN ROAD",283.00,S,N,A,-,Y,,,,,,,,,,N,3,0,1,1,D,-,00,,,N,F,A,A,A,H,-,A,D,0,,Y,,,Y,,-,"- ",0,1,0,0,0,0,1,0,0,"- ","- ",37.829540252685547,-122.47985076904297,MARIN,UNINCORPORATED,,
91065174,2019,2019-09-02,9350,2019-08-30,0826,022128,,5,1,9,2100,0,1,2,,2,040,"US-101 NB","SHORELINE HWY UNDERCROSSING",85.00,S,N,A,-,Y,,,101,,,,,,N,N,2,0,1,2,A,-,11,21954,A,N,G,B,E,A,D,-,A,D,0,Y,,,,Y,,N,60,1,0,0,0,1,0,0,0,0,"- ","- ",37.879650115966797,-122.51566314697266,MARIN,UNINCORPORATED,-122.51573944091797,37.879581451416016
91065215,2019,2019-09-02,9350,2019-08-31,0610,022128,,6,1,5,2109,0,1,2,,1,060,"US-101 SB","COLEMAN PEDESTRAIN OVERCROSSING",792.00,S,N,A,-,Y,,,101,,,,,,S,Y,4,0,1,2,A,-,03,22350,,N,C,C,A,A,H,-,B,D,0,,,,Y,Y,,A,07,0,0,1,0,0,0,0,0,0,"- ","- ",37.976119995117188,-122.52078247070312,MARIN,"SAN RAFAEL",-122.52076721191406,37.976119995117188
9106543,2020,2020-07-29,2108,2020-04-25,1400,094,3,6,5,3,2108,0,0,0,,0,003,"SIR FRANCIS DRAKE BL","BELLA VISTA AV",12.00,E,N,A,-,N,,,,,,,,,,Y,3,0,1,1,A,-,08,22107,,N,E,J,A,A,H,-,A,D,0,,,,,Y,,A,01,0,1,0,0,0,0,0,0,0,"- ","- ",37.979270935058594,-122.56416320800781,MARIN,"SAN ANSELMO",-122.56559753417969,37.980289459228516
91065657,2019,2019-09-03,9350,2019-08-24,0410,021629,,6,3,5,2109,0,1,2,,2,070,"US-101 N/B","LUCAS VALLEY ROAD",3647.00,S,N,A,-,Y,,,101,,,,,,N,Y,3,0,2,2,A,-,01,23152,A,N,C,C,A,A,H,-,C,D,0,,,,,Y,Y,A,01,0,1,1,0,0,0,0,0,0,"- ","- ",38.011409759521484,-122.54183197021484,MARIN,"SAN RAFAEL",-122.54190826416016,38.011409759521484
91068060,2019,2019-09-05,9350,2019-08-28,1625,021266,,3,2,9,2100,0,1,1,,1,015,"I-580 E/B","MARIN/CONTRA COSTA COUNTY LINE",2640.00,W,N,A,-,Y,,,580,,,,,,E,Y,4,0,2,2,A,-,03,22350,,N,C,C,A,A,H,-,A,D,0,,,,,Y,,A,07,0,0,2,0,0,0,0,0,0,"- ","- ",37.935310363769531,-122.447998046875,MARIN,UNINCORPORATED,-122.447998046875,37.935317993164062
91068112,2019,2019-09-05,9360,2019-09-02,1140,015552,,1,1,9,2100,0,3,5,,2,007,SR-1,"VALLEY FORD RD",6336.00,S,N,A,-,Y,,,1,,,,,,,Y,3,0,1,1,A,-,08,22107,,N,E,I,A,A,H,-,A,D,0,,,Y,,Y,,C,02,0,1,0,0,0,0,0,0,1,"- ","- ",38.297588348388672,-122.89546966552734,MARIN,UNINCORPORATED,-122.8955078125,38.297584533691406
91068166,2019,2019-09-05,9350,2019-08-29,1430,021739,,4,2,9,2100,0,1,2,,1,080,"US-101 NB","ATHERTON AVE O/C",1584.00,N,N,A,-,Y,,,101,,,,,,N,Y,2,0,5,3,A,-,03,22350,,N,C,C,A,A,H,-,A,D,0,,,,,Y,,A,08,2,1,2,0,0,0,0,0,0,"- ","- ",38.122348785400391,-122.56578826904297,MARIN,UNINCORPORATED,-122.56569671630859,38.122364044189453
91068404,2019,2019-09-05,9350,2019-09-01,1055,021099,,7,1,9,2100,0,1,3,,1,052,"SR-1 N/B","MARSHALL PETALUMA RD",0.00,,Y,A,-,Y,,,1,,,,,,N,Y,2,0,1,2,A,-,09,21802,A,N,D,C,A,A,H,-,A,A,0,,,Y,,Y,,A,01,1,0,0,0,0,0,0,0,1,"- ","- ",38.163021087646484,-122.8927001953125,MARIN,UNINCORPORATED,-122.89275360107422,38.163116455078125
91068461,2019,2019-09-05,9350,2019-08-25,1100,022258,,7,1,9,2100,0,1,2,,2,020,"ALEXANDER AVENUE","US-101 N/B OVERCROSSING",136.00,E,N,A,-,N,,,,,,,,,,N,3,0,1,1,A,-,03,22350,,N,F,A,A,A,H,-,A,D,0,,Y,,,Y,,L,04,0,1,0,0,0,0,1,0,0,"- ","- ",37.835918426513672,-122.48410034179688,MARIN,UNINCORPORATED,-122.48411560058594,37.835929870605469
91068500,2019,2019-09-05,9350,2019-09-01,1010,021099,,7,1,9,2100,0,3,5,,2,006,"MARSHALL PETALUMA RD",SR-1,13200.00,E,N,A,-,N,,,,,,,,,,Y,3,0,1,1,A,-,03,22350,,N,F,A,A,A,H,-,A,D,0,,,Y,,Y,,C,02,0,1,0,0,0,0,0,0,1,"- ","- ",38.150711059570312,-122.85157775878906,MARIN,UNINCORPORATED,-122.8551025390625,38.150447845458984
91068559,2019,2019-09-05,9350,2019-08-23,1300,021075,,5,1,9,2100,0,1,3,,2,137,"SR-37 E/B","LAKEVILLE HIGHWAY",5280.00,E,N,A,-,Y,,,,,,,,,,N,4,0,1,2,A,-,07,21658,A,N,D,C,A,A,H,-,A,D,0,,,Y,,Y,,A,01,0,0,1,0,0,0,0,0,1,"- ","- ",38.143539428710938,-122.46041107177734,MARIN,UNINCORPORATED,,
91068682,2019,2019-09-05,9350,2019-09-03,1120,019265,,2,1,4,2106,0,1,2,,2,070,"US-101 NB","IGNACIO BLVD",1250.00,N,N,A,-,Y,,,101,,,,,,N,Y,3,0,2,2,A,-,07,21658,A,N,B,C,A,A,H,-,A,D,0,,,,,Y,,D,22,0,1,1,0,0,0,0,0,0,"- ","- ",38.069858551025391,-122.53888702392578,MARIN,NOVATO,-122.538818359375,38.069889068603516
91068881,2019,2019-09-06,9350,2019-09-03,0845,015964,,2,1,9,2100,0,1,3,,1,052,"SR-1 (SHORELINE HIGHWAY)","MILLER PARK",785.00,N,N,B,-,Y,,,1,,,,,,,Y,2,0,1,1,A,-,03,22350,,N,F,A,A,D,H,-,A,D,0,,,Y,,Y,,C,02,1,0,0,0,0,0,0,0,1,"- ","- ",38.201568603515625,-122.92105102539062,MARIN,UNINCORPORATED,-122.92110443115234,38.201515197753906
91068978,2019,2019-09-06,9350,2019-08-28,1315,015765,,3,1,4,2106,0,1,2,,1,080,"US-101 S/B",SR-37,1500.00,N,N,A,-,Y,,,101,,,,,,S,Y,3,0,1,1,A,-,08,22107,,N,F,A,A,A,H,-,A,D,0,,,,,Y,,A,07,0,1,0,0,0,0,0,0,0,"- ","- ",38.083221435546875,-122.54991149902344,MARIN,NOVATO,-122.54986572265625,38.083263397216797
91069773,2019,2019-09-09,9350,2019-08-29,1730,021893,,4,2,9,2100,0,1,2,,2,040,"US-101 N/B",SR-131,300.00,S,N,A,-,Y,,,101,,,,,,N,N,3,0,1,2,A,-,03,22350,,N,B,C,A,A,H,-,A,D,0,,,Y,,Y,,C,02,0,1,0,0,0,0,0,0,1,"- ","- ",37.901958465576172,-122.51566314697266,MARIN,UNINCORPORATED,-122.51567077636719,37.901962280273438
91069915,2019,2019-09-09,9350,2019-09-01,0335,022310,,7,3,4,2106,0,1,2,,2,070,"US-101 N/B","IGNACIO BLVD",2250.00,S,N,A,-,Y,,,101,,,,,,N,Y,4,0,2,2,A,-,08,22107,,N,E,I,A,A,H,-,C,D,0,,,,,Y,Y,A,01,0,0,2,0,0,0,0,0,0,"- ","- ",38.061191558837891,-122.53263092041016,MARIN,NOVATO,-122.53270721435547,38.061119079589844
91069929,2019,2019-09-09,9350,2019-09-03,0820,019265,,2,1,4,2106,0,1,2,,2,070,"US-101 SB","NAVE DR",400.00,N,N,A,-,Y,,,101,,,,,,S,N,4,0,1,3,A,-,03,22350,,N,C,C,A,A,H,-,A,D,0,,,,,Y,,A,07,0,0,1,0,0,0,0,0,0,"- ","- ",38.049190521240234,-122.53201293945312,MARIN,NOVATO,-122.53199005126953,38.049182891845703
91069936,2019,2019-09-09,9350,2019-09-04,1418,022066,,3,2,9,2100,0,1,3,,2,037,"SR-37 E/B","MARIN/SONOMA COUNTY LINE",1584.00,W,N,A,-,Y,,,37,,,,,,E,Y,3,0,1,1,A,-,08,22107,,N,E,I,A,A,H,-,A,D,0,,,,,Y,,A,01,0,1,0,0,0,0,0,0,0,"- ","- ",38.113739013671875,-122.50773620605469,MARIN,UNINCORPORATED,-122.50771331787109,38.113719940185547
91069946,2019,2019-09-09,9350,2019-08-28,1355,021699,,3,1,9,2100,0,1,3,,1,012,SR-1,"LORING AVE",75.00,N,N,A,-,Y,,,1,,,,,,,N,3,0,1,2,A,-,03,22350,,N,D,G,A,B,H,-,A,D,0,,Y,,,Y,,L,04,0,1,0,0,0,0,1,0,0,"- ","- ",37.886318206787109,-122.53755950927734,MARIN,UNINCORPORATED,-122.53756713867188,37.886295318603516
91069983,2019,2019-09-09,9350,2019-08-30,1647,022108,,5,2,9,2100,0,1,2,,2,020,"US-101 S/B","WOLFBACK RIDGE RD",2924.00,S,N,A,-,Y,,,101,,,,,,S,Y,3,0,2,4,A,-,03,22350,,N,C,C,A,A,H,-,A,D,0,,,,,Y,,A,01,0,1,1,0,0,0,0,0,0,"- ","- ",37.843978881835938,-122.48606109619141,MARIN,UNINCORPORATED,-122.48609161376953,37.843975067138672
91070178,2019,2019-10-29,9350,2019-07-21,0335,022107,,7,3,5,2109,0,1,2,,2,070,"US-101 N/B","LUCAS VALLEY ROAD U/C",1056.00,N,N,A,-,Y,,,101,,,,,,N,Y,1,1,1,1,A,-,01,23152,A,N,E,I,A,A,H,-,C,D,0,,,,,Y,Y,A,07,1,0,0,0,0,0,0,0,0,"- ","- ",38.024211883544922,-122.53826904296875,MARIN,"SAN RAFAEL",-122.53829956054688,38.024215698242188
91070765,2019,2019-09-09,9350,2019-09-04,0810,016034,,3,1,5,2109,0,1,2,,1,060,"US 101 S/B","MERRYDALE ROAD OVERCROSSING",2112.00,S,N,A,-,Y,,,,,,,,,,Y,2,0,1,3,A,-,07,21658,A,N,B,C,A,A,H,-,A,D,0,,,Y,,Y,,A,07,1,0,0,0,0,0,0,0,1,"- ","- ",37.999019622802734,-122.5360107421875,MARIN,"SAN RAFAEL",-122.53562164306641,37.998668670654297
9107165,2020,2020-11-20,2106,2020-09-04,1459,386,,5,5,4,2106,0,0,0,,0,,"IGNACIO BL","ENFRENTE RD",150.00,W,N,A,-,N,,,,,,,,,,Y,3,0,2,3,A,-,03,22350,,N,C,C,A,A,H,-,A,A,0,,,,,Y,,D,22,0,1,1,0,0,0,0,0,0,"- ","- ",38.065670013427734,-122.53916168212891,MARIN,NOVATO,-122.53952026367188,38.065990447998047
91072227,2019,2019-10-17,9350,2019-09-05,1320,021391,,4,1,9,2100,0,1,3,,1,042,SR-1,"CALLE DEL ARROYO",2640.00,N,N,A,-,Y,,,1,,,,,,,Y,1,1,0,2,A,-,03,22350,,N,D,C,A,A,H,-,A,D,0,,,Y,,Y,,C,02,0,0,0,0,0,0,0,1,0,"- ","- ",37.906200408935547,-122.65048980712891,MARIN,UNINCORPORATED,-122.65049743652344,37.906192779541016
91073889,2019,2019-09-13,9670,2019-09-06,1350,021719,,5,1,4,2106,0,1,S,,2,080,"US-101 N/B","ATHERTON AVE",5280.00,N,N,A,-,Y,,,101,,,,,,N,Y,3,0,1,2,A,-,07,21658,A,N,B,C,A,A,H,-,A,D,0,,,Y,,Y,,A,01,0,1,0,0,0,0,0,0,1,"- ","- ",38.131431579589844,-122.56369781494141,MARIN,NOVATO,-122.56366729736328,38.131423950195312
91074358,2019,2019-09-13,9350,2019-09-07,2341,022258,,6,3,9,2100,0,3,5,,2,003,"SEMINARY DRIVE","SEMINARY COVE DR",675.00,S,N,A,-,N,,,,,,,,,,Y,3,0,1,1,A,-,01,23152,A,N,F,J,A,A,H,-,D,D,0,,,,,Y,Y,A,01,0,1,0,0,0,0,0,0,0,"- ","- ",37.883018493652344,-122.50904846191406,MARIN,UNINCORPORATED,-122.50489807128906,37.883991241455078
91074797,2019,2019-09-16,9350,2019-09-13,1005,021099,,5,1,9,2100,0,1,2,,2,050,"US-101 N/B","TAMALPAIS DR O/C",100.00,N,N,A,-,Y,,,,,,,,,,Y,3,0,1,3,A,-,08,22107,,F,C,C,A,A,H,-,A,D,0,,,,,Y,,A,01,0,1,0,0,0,0,0,0,0,"- ","- ",37.927570343017578,-122.51499176025391,MARIN,UNINCORPORATED,-122.51463317871094,37.926254272460938
91074799,2019,2019-09-16,9350,2019-09-14,1035,021099,,6,1,9,2100,0,2,4,,1,046,"POINT REYES PETALUMA RD","NICASIO VALLEY RD",3696.00,W,N,A,-,N,,,,,,,,,,N,3,0,1,2,A,-,08,22107,,N,D,G,A,A,H,-,A,D,0,,Y,,,Y,,A,01,0,1,0,0,0,0,1,0,0,"- ","- ",38.092449188232422,-122.75023651123047,MARIN,UNINCORPORATED,-122.74286651611328,38.092258453369141
91075324,2019,2019-09-16,9350,2019-09-11,0814,019875,,3,1,2,2102,0,1,2,,2,050,"US-101 S/B","TAMALPAIS DR",2112.00,N,N,A,-,Y,,,101,,,,,,S,Y,4,0,2,2,A,-,03,22350,,N,C,C,A,A,H,-,A,D,0,,,,,Y,,A,01,0,0,2,0,0,0,0,0,0,"- ","- ",37.932418823242188,-122.51624298095703,MARIN,"CORTE MADERA",-122.51628112792969,37.932411193847656
91075386,2019,2019-09-16,9350,2019-09-13,1440,018797,,5,2,9,2100,0,2,4,,1,046,"POINT REYES PETALUMA RD","NICASIO VALLEY RD",2640.00,N,N,A,-,N,,,,,,,,,,Y,3,0,1,1,A,-,03,22350,,N,F,A,A,A,H,-,A,D,0,,,Y,,Y,,C,02,0,1,0,0,0,0,0,0,1,"- ","- ",38.102458953857422,-122.72975158691406,MARIN,UNINCORPORATED,-122.72871398925781,38.103130340576172