CASE_ID,ACCIDENT_YEAR,PROC_DATE,JURIS,COLLISION_DATE,COLLISION_TIME,OFFICER_ID,REPORTING_DISTRICT,DAY_OF_WEEK,CHP_SHIFT,POPULATION,CNTY_CITY_LOC,SPECIAL_COND,BEAT_TYPE,CHP_BEAT_TYPE,CITY_DIVISION_LAPD,CHP_BEAT_CLASS,BEAT_NUMBER,PRIMARY_RD,SECONDARY_RD,DISTANCE,DIRECTION,INTERSECTION,WEATHER_1,WEATHER_2,STATE_HWY_IND,CALTRANS_COUNTY,CALTRANS_DISTRICT,STATE_ROUTE,ROUTE_SUFFIX,POSTMILE_PREFIX,POSTMILE,LOCATION_TYPE,RAMP_INTERSECTION,SIDE_OF_HWY,TOW_AWAY,COLLISION_SEVERITY,NUMBER_KILLED,NUMBER_INJURED,PARTY_COUNT,PRIMARY_COLL_FACTOR,PCF_CODE_OF_VIOL,PCF_VIOL_CATEGORY,PCF_VIOLATION,PCF_VIOL_SUBSECTION,HIT_AND_RUN,TYPE_OF_COLLISION,MVIW,PED_ACTION,ROAD_SURFACE,ROAD_COND_1,ROAD_COND_2,LIGHTING,CONTROL_DEVICE,CHP_ROAD_TYPE,PEDESTRIAN_ACCIDENT,BICYCLE_ACCIDENT,MOTORCYCLE_ACCIDENT,TRUCK_ACCIDENT,NOT_PRIVATE_PROPERTY,ALCOHOL_INVOLVED,STWD_VEHTYPE_AT_FAULT,CHP_VEHTYPE_AT_FAULT,COUNT_SEVERE_INJ,COUNT_VISIBLE_INJ,COUNT_COMPLAINT_PAIN,COUNT_PED_KILLED,COUNT_PED_INJURED,COUNT_BICYCLIST_KILLED,COUNT_BICYCLIST_INJURED,COUNT_MC_KILLED,COUNT_MC_INJURED,PRIMARY_RAMP,SECONDARY_RAMP,LATITUDE,LONGITUDE,COUNTY,CITY,POINT_X,POINT_Y
91123860,2019,2019-11-19,9670,2019-11-16,1530,021719,,6,2,9,2100,0,2,S,,2,014,"PANORAMIC HWY W/B","PAN TOLL RD",5280.00,W,N,A,-,N,,,,,,,,,,Y,3,0,1,1,A,-,03,22350,,N,F,A,A,A,H,-,A,D,0,,,Y,,Y,,C,02,0,1,0,0,0,0,0,0,1,"- ","- ",37.895721435546875,-122.61589050292969,MARIN,UNINCORPORATED,-122.61167144775391,37.899147033691406
91123869,2019,2019-11-19,9670,2019-11-17,1531,021719,,7,2,5,2109,0,1,1,,2,060,"US-101 N/B","SECOND ST. U/C",500.00,S,N,A,-,Y,,,101,,,,,,N,Y,2,0,1,1,A,-,08,22107,,N,E,I,A,A,H,-,A,D,0,,,Y,,Y,,C,02,1,0,0,0,0,0,0,0,1,"- ","- ",37.969150543212891,-122.52115631103516,MARIN,"SAN RAFAEL",-122.5211181640625,37.969184875488281
91124382,2019,2019-11-20,9350,2019-11-11,1735,022375,,1,2,2,2102,0,1,2,,2,050,"US 101 N/B","WORNUM DRIVE",528.00,S,N,A,-,Y,,,,,,,,,,N,4,0,2,2,A,-,03,22350,,N,C,C,A,A,H,-,A,D,0,,,,,Y,,A,08,0,0,2,0,0,0,0,0,0,"- ","- ",37.935520172119141,-122.51664733886719,MARIN,"CORTE MADERA",-122.51638031005859,37.934093475341797
91124829,2019,2019-11-20,9350,2019-11-14,1307,016034,,4,1,9,2100,0,1,1,,1,015,"I-580 W/B","SIR FRANCIS DRAKE BLVD. O/C",350.00,E,N,B,-,Y,,,580,,,,,,W,N,4,0,3,3,A,-,03,22350,,N,C,C,A,B,H,-,A,D,0,,,,,Y,,D,22,0,0,3,0,0,0,0,0,0,"- ","- ",37.945701599121094,-122.48986053466797,MARIN,UNINCORPORATED,-122.48989105224609,37.945632934570312
9112672,2020,2020-08-27,2106,2020-05-16,1603,359,N429,6,5,4,2106,0,0,0,,0,NP4,"GRANT AV","4TH ST W",0.00,,Y,A,-,N,,,,,,,,,,,3,0,1,2,A,-,06,21755,A,N,H,G,A,A,H,-,A,-,0,,Y,,,Y,,L,04,0,1,0,0,0,0,1,0,0,"- ","- ",38.108470916748047,-122.57460784912109,MARIN,NOVATO,-122.57473754882812,38.10845947265625
9112676,2020,2020-09-28,2106,2020-05-24,1405,467,,7,5,4,2106,0,0,0,,0,,"ROWLAND BL","RT 101",114.00,W,N,A,-,Y,MRN,4,101,-,-,19.958,R,4,N,Y,3,0,2,4,A,-,03,22350,,N,C,C,A,A,H,-,A,A,0,,,,,Y,,A,01,0,1,1,0,0,0,0,0,0,"- ","- ",38.088951110839844,-122.56381225585938,MARIN,NOVATO,-122.55635070800781,38.089736938476562
9112684,2020,2020-09-15,2106,2020-06-10,1628,288,,3,5,4,2106,0,0,0,,0,NP4,"DIABLO AV","REDWOOD BL",0.00,,Y,A,-,N,,,,,,,,,,N,4,0,1,2,A,-,10,21950,A,N,G,B,B,A,H,-,A,A,0,Y,,,,Y,,D,22,0,0,1,0,1,0,0,0,0,"- ","- ",38.104270935058594,-122.57122039794922,MARIN,NOVATO,-122.57093048095703,38.10491943359375
91127207,2019,2019-11-22,9350,2019-11-13,1835,017978,,3,2,4,2106,0,1,2,,1,080,"US101 NB","RUSH LANDING RD U/C",4541.00,N,N,A,-,Y,,,101,,,,,,N,Y,4,0,2,2,A,-,07,21658,A,N,C,C,A,A,H,-,D,D,0,,,,,Y,,A,01,0,0,2,0,0,0,0,0,0,"- ","- ",38.135639190673828,-122.56372833251953,MARIN,NOVATO,-122.56378173828125,38.135635375976562
91129108,2019,2019-11-25,9350,2019-11-05,0550,022373,,2,3,2,2110,0,1,2,,2,020,"US 101 SB","ROBIN WILLIAMS TUNNEL",150.00,N,N,A,-,Y,,,,,,,,,,Y,4,0,1,6,A,-,03,22350,,N,C,C,A,A,H,-,B,D,0,,,,,Y,,A,08,0,0,1,0,0,0,0,0,0,"- ","- ",37.844451904296875,-122.48625183105469,MARIN,SAUSALITO,,
91129433,2019,2019-11-25,9350,2019-11-19,0622,022373,,2,1,3,2104,0,1,2,,2,050,"US 101 SB","SIR FRANCIS DRAKE BLVD U/C",600.00,S,N,A,-,Y,,,,,,,,,,Y,3,0,1,2,A,-,03,22350,,N,C,C,A,A,H,-,A,D,0,,,,,Y,,A,01,0,1,0,0,0,0,0,0,0,"- ","- ",37.942928314208984,-122.51541900634766,MARIN,LARKSPUR,-122.51541900634766,37.942928314208984
91129909,2019,2019-11-26,9350,2019-11-18,1935,022433,,1,2,9,2100,0,1,3,,1,012,"SR-1 S/B","TENNESSEE VALLEY RD",1056.00,S,N,A,-,N,,,1,,,,,,S,Y,4,0,1,2,A,-,03,22350,,N,C,C,A,A,H,-,A,A,0,,,,,Y,,A,01,0,0,1,0,0,0,0,0,0,"- ","- ",37.880409240722656,-122.5181884765625,MARIN,UNINCORPORATED,-122.51818084716797,37.880458831787109
91129922,2019,2019-11-26,9350,2019-11-19,1619,022433,,2,2,9,2100,0,1,2,,1,080,"US-101 N/B","SAN ANTONIO ROAD",5280.00,S,N,A,-,Y,,,101,,,,,,N,Y,4,0,1,2,A,-,03,22350,,N,C,C,A,A,H,-,A,D,0,,,,,Y,,D,22,0,0,1,0,0,0,0,0,0,"- ","- ",38.150501251220703,-122.56642150878906,MARIN,UNINCORPORATED,-122.56644439697266,38.150493621826172
91130346,2019,2019-11-26,9350,2019-11-14,1916,021418,,4,2,9,2100,0,1,2,,2,050,"US-101 N/B","SR-131 O/C",3640.00,N,N,A,-,Y,,,,,,,,,,Y,4,0,2,5,A,-,03,22350,,N,C,C,A,A,H,-,D,D,0,,,,,Y,,A,01,0,0,2,0,0,0,0,0,0,"- ","- ",37.912460327148438,-122.51248931884766,MARIN,UNINCORPORATED,,
91130444,2019,2019-11-26,9350,2019-11-13,1646,021699,,3,2,9,2100,0,1,2,,1,080,"US-101 N/B N OF ATHERTON","BUCK CENTER DR",150.00,S,N,A,-,Y,,,101,,,,R,,N,Y,4,0,1,3,A,-,08,22107,,N,B,C,A,A,H,-,B,D,0,,,Y,,Y,,C,02,0,0,1,0,0,0,0,0,1,"- ","- ",38.131111145019531,-122.56378173828125,MARIN,UNINCORPORATED,-122.56378173828125,38.131111145019531
9113101,2020,2020-09-11,2109,2020-05-21,1053,448,26,4,5,5,2109,0,0,0,,0,,"MISSION AV","IRWIN ST",0.00,,Y,A,-,N,,,101,,,,,,,Y,4,0,1,2,A,-,12,21453,A,N,D,C,A,A,H,-,A,A,0,,,,,Y,,-,"- ",0,0,1,0,0,0,0,0,0,"- ","- ",37.973831176757812,-122.52028656005859,MARIN,"SAN RAFAEL",-122.52097320556641,37.974018096923828
91131284,2019,2019-11-27,9350,2019-11-17,1610,021699,,7,2,9,2100,0,1,3,,1,052,SR-1,"CYPRESS RD",6600.00,N,N,A,-,Y,,,1,,,,,,,Y,4,0,1,1,A,-,08,22107,,N,F,A,A,A,H,-,A,D,0,,,Y,,Y,,C,02,0,0,1,0,0,0,0,0,1,"- ","- ",38.092449188232422,-122.82647705078125,MARIN,UNINCORPORATED,-122.82646942138672,38.09234619140625
91131449,2019,2019-11-27,9350,2019-11-26,1358,021087,,2,1,5,2109,0,1,2,,1,060,"US-101 S/B","N. SAN PEDRO",300.00,N,N,B,C,Y,,,101,,,,,,S,Y,3,0,1,2,A,-,03,22350,,N,D,C,A,B,H,-,A,D,0,,,,,Y,,A,08,0,1,0,0,0,0,0,0,0,"- ","- ",37.995128631591797,-122.53304290771484,MARIN,"SAN RAFAEL",-122.53307342529297,37.995105743408203
91131987,2019,2020-01-22,9350,2019-11-01,1749,022412,,5,2,9,2100,0,3,5,,2,006,"NICASIO VALLEY RD","POINT REYES PETALUMA RD",50.00,S,N,A,-,Y,,,,,,,,,,N,3,0,1,2,A,-,03,22350,,N,C,C,A,A,H,-,A,A,0,,,,,Y,,D,22,0,1,0,0,0,0,0,0,0,"- ","- ",38.097198486328125,-122.7333984375,MARIN,UNINCORPORATED,-122.73342895507812,38.097141265869141
9113201,2020,2020-08-27,2106,2020-05-23,0736,420,,6,5,4,2106,0,0,0,,0,,"GRANT AV","REICHERT AV",0.00,,Y,A,-,N,,,,,,,,,,,4,0,1,2,A,-,10,21950,A,N,G,B,B,A,H,-,A,A,0,Y,,,,Y,Y,A,01,0,0,1,0,1,0,0,0,0,"- ","- ",38.106800079345703,-122.56619262695312,MARIN,NOVATO,-122.56630706787109,38.106918334960938
9113281,2020,2020-08-27,2106,2020-05-22,1750,427,,5,5,4,2106,0,0,0,,0,NP3,"BEL MARIN KEYS BL","HAMILTON DR  S",283.00,E,N,A,-,N,,,,,,,,,,,3,0,1,2,A,-,09,21804,A,N,C,D,A,A,H,-,A,D,0,,,Y,,Y,,C,02,0,1,0,0,0,0,0,0,1,"- ","- ",38.068988800048828,-122.5369873046875,MARIN,NOVATO,-122.53729248046875,38.076004028320312
9113282,2020,2020-08-27,2106,2020-05-20,1445,386,,3,5,4,2106,0,0,0,,0,,"NOVATO BL","WILSON AV",0.00,,Y,A,-,N,,,,,,,,,,Y,3,0,1,2,A,-,11,21456,B,N,G,B,B,A,H,-,A,A,0,Y,,,,Y,,N,60,0,1,0,0,1,0,0,0,0,"- ","- ",38.111728668212891,-122.59129333496094,MARIN,NOVATO,-122.59095764160156,38.111598968505859
9113283,2020,2020-08-27,2106,2020-05-16,1230,442,,6,5,4,2106,0,0,0,,0,,"SOUTH NOVATO BL","REDWOOD BL",159.00,E,N,A,-,N,,,,,,,,,,,2,0,1,1,C,-,18,,,N,H,A,A,A,H,-,A,D,0,,Y,,,Y,,-,"- ",1,0,0,0,0,0,1,0,0,"- ","- ",38.07733154296875,-122.55184936523438,MARIN,NOVATO,-122.55155944824219,38.077491760253906
9113284,2020,2020-08-27,2106,2020-05-11,1657,467,N327,1,5,4,2106,0,0,0,,0,NP3,"IGNACIO BL","ENTRADA DR",354.00,W,N,C,-,N,,,,,,,,,,Y,3,0,1,1,A,-,03,22350,,N,E,I,A,B,H,-,A,D,0,,,,,Y,,A,01,0,1,0,0,0,0,0,0,0,"- ","- ",38.067920684814453,-122.54579925537109,MARIN,NOVATO,-122.54696655273438,38.068500518798828
9113285,2020,2020-08-27,2106,2020-05-08,1705,420,,5,5,4,2106,0,0,0,,0,,"ROWLAND BL","ROWLAND WY",0.00,,Y,A,-,N,,,,,,,,,,,3,0,1,2,A,-,10,21950,A,N,G,B,B,A,H,-,A,A,0,Y,,,,Y,,A,01,0,1,0,0,1,0,0,0,0,"- ","- ",38.093761444091797,-122.55606842041016,MARIN,NOVATO,-122.55632781982422,38.09381103515625
9113394,2020,2020-08-12,2109,2020-06-19,0530,637,16,5,5,5,2109,0,0,0,,0,002,"LINCOLN AV","3RD ST",115.00,N,N,A,-,N,,,,,,,,,,N,4,0,1,2,A,-,13,22515,A,M,G,B,E,A,H,-,B,D,0,Y,,,,Y,,A,07,0,0,1,0,1,0,0,0,0,"- ","- ",37.971889495849609,-122.52424621582031,MARIN,"SAN RAFAEL",-122.52399444580078,37.971969604492188
91134214,2019,2019-12-03,9360,2019-11-25,1510,018881,,1,2,9,2100,0,1,3,,1,071,"TOMALES PETALUMA ROAD","CERINI ROAD",3168.00,W,N,A,-,N,,,,,,,,,,N,4,0,1,2,A,-,06,21751,,N,B,C,A,A,H,-,A,D,0,,,,,Y,,A,01,0,0,1,0,0,0,0,0,0,"- ","- ",38.253440856933594,-122.86107635498047,MARIN,UNINCORPORATED,-122.89697265625,38.242191314697266
9113485,2020,2020-10-22,2106,2020-06-11,2323,411,N120,4,5,4,2106,0,0,0,,0,NP1,"SAN MARIN DR","SAN CARLOS WY W",345.00,W,N,A,-,N,,,,,,,,,,Y,4,0,1,3,A,-,01,23152,A,N,C,E,A,A,H,-,C,D,0,,,,,Y,Y,A,01,0,0,1,0,0,0,0,0,0,"- ","- ",38.118900299072266,-122.60913848876953,MARIN,NOVATO,-122.60970306396484,38.118129730224609
9113486,2020,2020-10-22,2106,2020-06-03,0830,386,,3,5,4,2106,0,0,0,,0,,"BOLLING DR","CAPTAIN NURSE CIR E",0.00,,Y,A,-,N,,,,,,,,,,N,4,0,1,2,A,-,12,22450,A,N,H,G,A,A,H,-,A,A,0,,Y,,,Y,,L,04,0,0,1,0,0,0,1,0,0,"- ","- ",38.050670623779297,-122.52851867675781,MARIN,NOVATO,-122.52918243408203,38.050651550292969
9113487,2020,2020-09-08,2109,2020-06-14,2049,652,20,7,5,5,2109,0,0,0,,0,003,"LISBON ST","VERDI ST",0.00,,Y,A,-,N,,,,,,,,,,Y,3,0,1,3,A,-,01,23152,A,N,C,C,A,A,H,-,B,D,0,,,,,Y,Y,A,01,0,1,0,0,0,0,0,0,0,"- ","- ",37.962440490722656,-122.50662231445312,MARIN,"SAN RAFAEL",-122.50483703613281,37.961929321289062
9113488,2020,2020-09-08,2109,2020-06-21,0148,652,39,7,5,5,2109,0,0,0,,0,003,"DU BOIS ST","ANDERSEN DR",152.00,S,N,A,-,N,,,,,,,,,,Y,4,0,1,2,A,-,08,22107,,M,B,E,A,A,H,-,C,D,0,,,,,Y,,A,01,0,0,1,0,0,0,0,0,0,"- ","- ",37.962890625,-122.51737976074219,MARIN,"SAN RAFAEL",-122.51732635498047,37.96319580078125
91136733,2019,2019-12-05,9350,2019-11-24,2235,022066,,7,3,5,2109,0,1,2,,1,060,"US-101 N/B","MERRYDALE OVERCROSSING",2112.00,S,N,A,-,Y,,,101,,,,,,N,Y,3,0,2,1,A,-,08,22107,,N,F,I,A,A,H,-,D,D,0,,,,,Y,,A,01,0,1,1,0,0,0,0,0,0,"- ","- ",37.999271392822266,-122.53569030761719,MARIN,"SAN RAFAEL",-122.53573608398438,37.999237060546875
9113814,2020,2020-08-24,2109,2020-06-09,1508,538,7,2,5,5,2109,0,0,0,,0,,"B ST","2ND ST",0.00,,Y,A,-,N,,,,,,,,,,N,4,0,1,2,A,-,12,21453,A,N,H,G,A,A,H,-,A,A,0,,Y,,,Y,,L,04,0,0,1,0,0,0,1,0,0,"- ","- ",37.971290588378906,-122.52980041503906,MARIN,"SAN RAFAEL",-122.52982330322266,37.971309661865234
91138991,2019,2019-12-10,9350,2019-11-30,2130,021668,,6,2,5,2109,0,1,2,,1,060,"US-101 N/B","LINCOLN AVE",920.00,S,N,C,-,Y,,,101,,,,,,N,Y,4,0,1,2,A,-,03,22350,,N,D,C,A,B,H,-,C,D,0,,,,,Y,,A,07,0,0,1,0,0,0,0,0,0,"- ","- ",37.986339569091797,-122.52484893798828,MARIN,"SAN RAFAEL",-122.52489471435547,37.986293792724609
91139012,2019,2019-12-10,9670,2019-11-30,1740,021719,,6,2,5,2109,0,1,1,,2,060,"US-101 N/B","NORTH SAN PEDRO RD.",1500.00,S,N,C,-,Y,,,101,,,,,,N,Y,4,0,1,1,A,-,03,22350,,N,E,I,A,B,F,-,D,D,0,,,,,Y,,D,22,0,0,1,0,0,0,0,0,0,"- ","- ",37.990028381347656,-122.52854919433594,MARIN,"SAN RAFAEL",-122.52857971191406,37.990005493164062
91139026,2019,2019-12-10,9350,2019-11-30,1431,022412,,6,2,5,2109,0,1,2,,1,060,"US-101 N/B","THE COLEMAN PEDESTRIAN OVERCROSSING",2112.00,N,N,B,C,Y,,,101,,,,,,N,Y,4,0,1,2,A,-,03,22350,,N,B,C,A,B,H,-,A,D,0,,,,,Y,,D,22,0,0,1,0,0,0,0,0,0,"- ","- ",37.985858917236328,-122.52449798583984,MARIN,"SAN RAFAEL",-122.52449035644531,37.985870361328125
91139105,2019,2020-05-08,9350,2019-12-01,1005,022108,,7,1,9,2100,0,1,2,,2,070,"US-101 N/B","MILLER CREEK RD",2640.00,N,N,C,-,Y,,,101,,,,,,N,Y,4,0,1,1,A,-,03,22350,,N,E,I,A,B,H,-,A,D,0,,,,,Y,,D,22,0,0,1,0,0,0,0,0,0,"- ","- ",38.041248321533203,-122.53672790527344,MARIN,UNINCORPORATED,-122.53661346435547,38.041206359863281
91139690,2019,2019-12-10,9350,2019-12-01,2310,022445,,7,3,4,2106,0,1,2,,1,080,"US-101 N/B","ATHERTON AVE OVERCROSSING",3960.00,N,N,B,C,Y,,,101,,,,,,N,Y,4,0,1,1,A,-,03,22350,,N,E,I,A,B,H,-,C,D,0,,,,,Y,,A,01,0,0,1,0,0,0,0,0,0,"- ","- ",38.128829956054688,-122.56459045410156,MARIN,NOVATO,-122.56446075439453,38.128768920898438
91139950,2019,2019-12-10,9350,2019-11-15,1830,022411,,5,2,5,2109,0,1,2,,1,060,"US-101 NB","COLEMAN PEDESTRIAN OC",80.00,N,N,A,-,Y,,,101,,,,,,N,Y,4,0,1,1,A,-,08,22107,,F,B,C,A,A,H,-,D,D,0,,,,,Y,,A,01,0,0,1,0,0,0,0,0,0,"- ","- ",37.978439331054688,-122.5205078125,MARIN,"SAN RAFAEL",-122.52053833007812,37.978435516357422
91140764,2019,2019-12-11,9350,2019-11-30,1029,017201,,6,1,9,2100,0,1,2,,2,070,"US-101 N/B","MILLER CREEK O/C",1675.00,N,N,C,-,Y,,,101,,,,,,N,Y,2,0,2,1,A,-,03,22350,,N,F,A,A,B,H,-,A,D,0,,,,,Y,Y,D,22,1,1,0,0,0,0,0,0,0,"- ","- ",38.038211822509766,-122.53629302978516,MARIN,UNINCORPORATED,-122.53644561767578,38.038177490234375
91140847,2019,2019-12-11,9350,2019-12-01,1010,017201,,7,1,4,2106,0,1,2,,2,070,"US-101 N/B","IGNACIO BLVD. O/C",3615.00,S,N,C,-,Y,,,101,,,,,,N,Y,4,0,1,1,A,-,03,22350,,N,E,I,A,B,H,-,A,D,0,,,,,Y,,A,01,0,0,1,0,0,0,0,0,0,"- ","- ",38.058021545410156,-122.53111267089844,MARIN,NOVATO,-122.53089904785156,38.058090209960938
91140857,2019,2019-12-11,9350,2019-12-01,0505,017201,,7,3,5,2109,0,1,2,,1,060,"US-101 S/B","LINCOLN AVENUE U/C",675.00,N,N,C,-,Y,,,101,,,,,,S,Y,4,0,1,1,A,-,03,22350,,N,E,I,A,B,H,-,C,D,0,,,,,Y,,A,01,0,0,1,0,0,0,0,0,0,"- ","- ",37.989578247070312,-122.5284423828125,MARIN,"SAN RAFAEL",-122.52843475341797,37.989585876464844
91140868,2019,2019-12-11,9350,2019-12-01,0730,017201,,7,1,5,2109,0,1,2,,2,070,"US-101 S/B","LUCAS VALEY ROAD U/C",383.00,N,N,C,-,Y,,,101,,,,,,S,Y,3,0,1,1,A,-,03,22350,,N,F,I,A,B,H,-,A,D,0,,,,,Y,,A,01,0,1,0,0,0,0,0,0,0,"- ","- ",38.022598266601562,-122.53897094726562,MARIN,"SAN RAFAEL",-122.53893280029297,38.022590637207031
91140886,2019,2019-12-11,9350,2019-12-04,1250,022433,,3,1,9,2100,0,1,2,,2,020,"US-101 S/B","ROBIN WILLIAMS TUNNEL SOUTH EDGE",495.00,S,N,B,-,Y,,,101,,,,,,S,Y,4,0,1,1,A,-,03,22350,,N,E,I,A,B,H,-,A,D,0,,,,,Y,,A,01,0,0,1,0,0,0,0,0,0,"- ","- ",37.841251373291016,-122.48612976074219,MARIN,UNINCORPORATED,-122.48616790771484,37.841281890869141
91140899,2019,2019-12-11,9350,2019-12-04,1425,022441,,3,2,9,2100,0,1,2,,2,020,"US-101 S/B","ALEXANDER AVENUE",500.00,N,N,B,-,Y,,,101,,,,,,S,Y,4,0,1,1,A,-,08,22107,,N,E,I,A,B,H,-,A,D,0,,,,,Y,,A,07,0,0,1,0,0,0,0,0,0,"- ","- ",37.835670471191406,-122.48491668701172,MARIN,UNINCORPORATED,-122.48489379882812,37.835685729980469
91141051,2019,2019-12-11,9350,2019-12-04,1226,013918,,3,1,9,2100,0,1,2,,2,020,"U.S.101 S/B","SOUTH END ROBIN WILLIAMS TUNNEL",1000.00,S,N,C,-,Y,,,,,,,,,,Y,4,0,2,2,A,-,03,22350,,N,C,C,A,B,H,-,A,D,0,,,,,Y,,A,01,0,0,2,0,0,0,0,0,0,"- ","- ",37.840839385986328,-122.48642730712891,MARIN,UNINCORPORATED,,
91141272,2019,2019-12-11,9350,2019-11-13,1810,021699,,3,2,5,2109,0,1,2,,1,060,"US-101 N/B TO N SAN PEDRO ROAD E/B","N SAN PEDRO ROAD U/C",260.00,S,N,A,-,Y,,,101,,,,R,,N,Y,4,0,1,1,A,-,01,23152,A,N,E,I,A,A,H,-,C,D,0,,,,,Y,Y,D,22,0,0,1,0,0,0,0,0,0,"- ","- ",37.993659973144531,-122.53132629394531,MARIN,"SAN RAFAEL",-122.53132629394531,37.993659973144531
91141412,2019,2019-12-11,9670,2019-11-19,1801,021719,,2,2,5,2109,0,1,1,,2,060,"US-101 S/B","LINCOLN AVE",500.00,S,N,A,-,Y,,,101,,,,,,S,Y,3,0,4,3,A,-,03,22350,,N,C,C,A,A,H,-,D,D,0,,,,,Y,,D,22,0,1,3,0,0,0,0,0,0,"- ","- ",37.979949951171875,-122.52129364013672,MARIN,"SAN RAFAEL",-122.52121734619141,37.97998046875
91141515,2019,2019-12-11,9350,2019-11-20,1130,022432,,3,1,9,2100,0,1,2,,2,020,"ALEXANDER AVENUE S/B","CONZELMAN ROAD",0.00,,Y,A,-,N,,,,,,,,,,Y,3,0,2,2,A,-,12,22450,A,N,D,C,A,A,H,-,A,A,0,,,,,Y,,A,08,0,1,1,0,0,0,0,0,0,"- ","- ",37.833759307861328,-122.483642578125,MARIN,UNINCORPORATED,-122.48362731933594,37.833778381347656
91142088,2019,2019-12-12,9350,2019-12-05,0255,022373,,4,3,9,2100,0,1,2,,2,020,"ALEXANDER AVE TO US 101 NB","ALEXANDER AVE.",100.00,N,N,B,-,Y,,,,,,,,,,Y,3,0,1,1,A,-,01,23152,A,N,E,I,A,B,H,-,C,D,0,,,,,Y,Y,A,01,0,1,0,0,0,0,0,0,0,"- ","- ",37.836158752441406,-122.48497772216797,MARIN,UNINCORPORATED,-122.55081176757812,37.976890563964844
9114220,2020,2020-08-18,2106,2020-04-14,0909,323,,2,5,4,2106,0,0,0,,0,,"CENTER RD","BRET CT",190.00,W,N,A,-,N,,,,,,,,,,Y,3,0,1,2,A,-,08,22107,,N,B,E,A,A,H,-,A,D,0,,,,,Y,,D,22,0,1,0,0,0,0,0,0,0,"- ","- ",38.101139068603516,-122.57701873779297,MARIN,NOVATO,-122.57750701904297,38.101325988769531
9114294,2020,2020-11-10,2106,2020-05-04,1428,449,N344,1,5,4,2106,0,0,0,,0,NP3,"IGNACIO BL","ENFRENTE RD",0.00,,Y,A,-,N,,,,,,,,,,Y,4,0,1,2,A,-,08,22101,D,N,B,C,A,A,H,-,A,A,0,,,,,Y,,A,01,0,0,1,0,0,0,0,0,0,"- ","- ",38.065670013427734,-122.53916168212891,MARIN,NOVATO,-122.53900146484375,38.065998077392578
91143959,2019,2019-12-16,9350,2019-11-14,0925,022441,,4,1,9,2100,0,2,4,,2,017,"ATHERTON AVE","ARCHIBALD LN",85.00,E,N,A,B,N,,,,,,,,,,Y,2,0,1,1,A,-,08,22107,,N,E,J,A,A,H,-,A,D,0,,,,,Y,,A,01,1,0,0,0,0,0,0,0,0,"- ","- ",38.113479614257812,-122.53919219970703,MARIN,UNINCORPORATED,-122.54156494140625,38.114757537841797
91145468,2019,2019-12-17,9350,2019-12-11,2115,022066,,3,2,2,2102,0,1,2,,2,050,"US-101 S/B","TAMALPAIS DRIVE O/C",3590.00,S,N,C,-,Y,,,101,,,,,,S,Y,4,0,1,1,A,-,01,23152,A,N,E,I,A,B,H,-,C,D,0,,,,,Y,Y,A,07,0,0,1,0,0,0,0,0,0,"- ","- ",37.916301727294922,-122.51154327392578,MARIN,"CORTE MADERA",-122.51144409179688,37.916282653808594
91146060,2019,2019-12-18,9350,2019-12-07,2015,022441,,6,2,9,2100,0,1,2,,2,050,"DONAHUE ST","US-101 N/B O/C",40.00,W,N,B,-,Y,,,,,,,,,,Y,4,0,1,2,A,-,05,21651,B,N,A,C,A,B,H,-,C,A,0,,,,,Y,,A,01,0,0,1,0,0,0,0,0,0,"- ","- ",37.871631622314453,-122.50727081298828,MARIN,UNINCORPORATED,,
91146068,2019,2019-12-18,9350,2019-12-07,2330,022373,,6,3,9,2100,0,1,2,,2,020,"US 101 SB","ROBIN WILLIAMS TUNNEL",565.00,S,N,B,-,Y,,,,,,,,,,Y,2,0,1,1,A,-,01,23152,A,N,E,I,A,B,H,-,C,D,0,,,,,Y,Y,A,01,1,0,0,0,0,0,0,0,0,"- ","- ",37.841640472412109,-122.48589324951172,MARIN,UNINCORPORATED,,
91146162,2019,2019-12-18,9350,2019-11-29,1450,022388,,5,2,5,2109,0,1,2,,2,050,"US-101 N/B","I-580 O/C",1013.00,S,N,A,-,Y,,,101,,,,,,N,Y,4,0,3,2,A,-,03,22350,,N,C,C,A,A,H,-,A,D,0,,,,,Y,,A,07,0,0,3,0,0,0,0,0,0,"- ","- ",37.958988189697266,-122.50920104980469,MARIN,"SAN RAFAEL",-122.50916290283203,37.958995819091797
91146172,2019,2019-12-18,9350,2019-11-25,1750,021087,,1,2,9,2100,0,2,4,,2,017,"ATHERTON AVE N/B","SCHOOL RD",500.00,S,N,A,-,N,,,,,,,,,,Y,4,0,2,2,D,-,00,,,N,C,C,A,A,H,-,D,D,0,,,,,Y,,-,"- ",0,0,2,0,0,0,0,0,0,"- ","- ",38.108509063720703,-122.52954864501953,MARIN,UNINCORPORATED,-122.52957916259766,38.108509063720703
91146181,2019,2019-12-18,9350,2019-11-25,1255,022433,,1,1,2,2102,0,1,2,,2,050,"US-101 N/B","TAMALPAIS AVE",500.00,N,N,A,-,Y,,,101,,,,,,N,Y,4,0,1,3,A,-,03,22350,,N,C,C,A,A,H,-,A,D,0,,,,,Y,,A,01,0,0,1,0,0,0,0,0,0,"- ","- ",37.928939819335938,-122.51548004150391,MARIN,"CORTE MADERA",-122.51541137695312,37.928955078125