CASE_ID,ACCIDENT_YEAR,PROC_DATE,JURIS,COLLISION_DATE,COLLISION_TIME,OFFICER_ID,REPORTING_DISTRICT,DAY_OF_WEEK,CHP_SHIFT,POPULATION,CNTY_CITY_LOC,SPECIAL_COND,BEAT_TYPE,CHP_BEAT_TYPE,CITY_DIVISION_LAPD,CHP_BEAT_CLASS,BEAT_NUMBER,PRIMARY_RD,SECONDARY_RD,DISTANCE,DIRECTION,INTERSECTION,WEATHER_1,WEATHER_2,STATE_HWY_IND,CALTRANS_COUNTY,CALTRANS_DISTRICT,STATE_ROUTE,ROUTE_SUFFIX,POSTMILE_PREFIX,POSTMILE,LOCATION_TYPE,RAMP_INTERSECTION,SIDE_OF_HWY,TOW_AWAY,COLLISION_SEVERITY,NUMBER_KILLED,NUMBER_INJURED,PARTY_COUNT,PRIMARY_COLL_FACTOR,PCF_CODE_OF_VIOL,PCF_VIOL_CATEGORY,PCF_VIOLATION,PCF_VIOL_SUBSECTION,HIT_AND_RUN,TYPE_OF_COLLISION,MVIW,PED_ACTION,ROAD_SURFACE,ROAD_COND_1,ROAD_COND_2,LIGHTING,CONTROL_DEVICE,CHP_ROAD_TYPE,PEDESTRIAN_ACCIDENT,BICYCLE_ACCIDENT,MOTORCYCLE_ACCIDENT,TRUCK_ACCIDENT,NOT_PRIVATE_PROPERTY,ALCOHOL_INVOLVED,STWD_VEHTYPE_AT_FAULT,CHP_VEHTYPE_AT_FAULT,COUNT_SEVERE_INJ,COUNT_VISIBLE_INJ,COUNT_COMPLAINT_PAIN,COUNT_PED_KILLED,COUNT_PED_INJURED,COUNT_BICYCLIST_KILLED,COUNT_BICYCLIST_INJURED,COUNT_MC_KILLED,COUNT_MC_INJURED,PRIMARY_RAMP,SECONDARY_RAMP,LATITUDE,LONGITUDE,COUNTY,CITY,POINT_X,POINT_Y
91504560,2021,2021-06-23,9350,2021-06-12,1501,022310,,6,2,9,2100,0,1,3,,1,012,SR-1,"TENNESEE VALLEY RD",605.00,N,N,A,-,Y,,,1,,,,,,,N,4,0,1,2,A,-,09,21801,A,N,D,G,A,A,H,-,A,B,0,,Y,,,Y,,A,07,0,0,1,0,0,0,1,0,0,"- ","- ",37.880638122558594,-122.52417755126953,MARIN,UNINCORPORATED,-122.52410888671875,37.880687713623047
91505038,2021,2021-06-24,9350,2021-06-11,2231,022532,,5,3,5,2109,0,1,1,,1,015,"I-580 E/B","SIR FRANCIS DRAKE BLVD OVERCROSSING",1584.00,W,N,A,-,Y,,,580,,,,,,E,Y,4,0,2,3,A,-,03,22350,,N,C,C,A,A,H,-,D,D,0,,,,,Y,,A,08,0,0,2,0,0,0,0,0,0,"- ","- ",37.949989318847656,-122.49498748779297,MARIN,"SAN RAFAEL",-122.4949951171875,37.949985504150391
91505045,2021,2021-06-24,9350,2021-06-21,1530,021686,,1,2,5,2109,0,1,2,,2,050,"US-101 NORTHBOUND","RT 580",800.00,S,N,A,-,Y,,,101,,,,,,N,N,4,0,1,2,A,-,03,22350,,N,C,C,A,A,H,-,A,D,0,,,,,Y,,D,22,0,0,1,0,0,0,0,0,0,"- ","- ",37.959861755371094,-122.50946807861328,MARIN,"SAN RAFAEL",-122.50933074951172,37.959888458251953
91505707,2021,2021-06-24,9350,2021-06-18,1850,022441,,5,2,9,2100,0,1,2,,1,060,"US-101 S/B FROM MANUEL T FREITAS PKWY","MANUEL T FREITAS PKY O/C",290.00,S,N,A,-,Y,,,,,,,,,,N,4,0,1,2,A,-,03,22350,,N,C,C,A,A,H,-,A,A,0,,,,,Y,,D,22,0,0,1,0,0,0,0,0,0,"- ","- ",38.006221771240234,-122.5413818359375,MARIN,UNINCORPORATED,-122.54144287109375,38.006679534912109
91508519,2021,2021-06-29,9360,2021-06-19,0350,021904,,6,3,9,2100,0,3,5,,2,007,"DILLON BEACH ROAD","MIDDLE ROAD",2000.00,W,N,A,-,N,,,,,,,,,,N,3,0,1,1,C,-,18,,,N,E,H,A,A,H,-,D,D,0,,,,,Y,,-,"- ",0,1,0,0,0,0,0,0,0,"- ","- ",38.245891571044922,-122.93083190917969,MARIN,UNINCORPORATED,-122.93025207519531,38.246040344238281
91508653,2021,2021-06-29,9350,2021-06-17,1153,015964,,4,1,9,2100,0,2,4,,1,016,"LUCAS VALLEY ROAD","WESTGATE DRIVE",3696.00,W,N,A,-,N,,,,,,,,,,N,2,0,1,2,A,-,06,21750,A,N,B,G,A,A,H,-,A,D,0,,Y,,,Y,,A,01,1,0,0,0,0,0,1,0,0,"- ","- ",38.041980743408203,-122.60874176025391,MARIN,UNINCORPORATED,-122.60777282714844,38.040824890136719
91508784,2021,2021-06-29,9350,2021-06-20,2105,022432,,7,2,9,2100,0,1,2,,2,020,"US-101 S/B","ALEXANDER AVENUE",2640.00,N,N,A,-,Y,,,101,,,,,,S,Y,3,0,1,1,A,-,01,23152,A,N,E,I,A,A,H,-,C,D,0,,,,,Y,Y,A,01,0,1,0,0,0,0,0,0,0,"- ","- ",37.842319488525391,-122.4857177734375,MARIN,UNINCORPORATED,-122.48581695556641,37.842304229736328
91509058,2021,2021-06-29,9350,2021-06-18,2130,022556,,5,2,9,2100,0,1,2,,1,030,"US-101 N/B","N BRIDGE BLVD.",2148.00,S,N,A,-,Y,,,101,,,,,,N,N,4,0,2,2,A,-,03,22350,,N,C,C,A,A,H,-,D,D,0,,,,,Y,,A,01,0,0,2,0,0,0,0,0,0,"- ","- ",37.86566162109375,-122.50710296630859,MARIN,UNINCORPORATED,-122.50701904296875,37.86566162109375
91509604,2021,2021-06-30,9350,2021-06-20,0130,022514,,7,3,9,2100,0,2,4,,1,014,"SEQUOIA VALLEY RD","PANORAMIC HWY",62.00,E,N,E,-,N,,,,,,,,,,Y,3,0,1,1,A,-,03,22350,,N,E,I,A,B,H,-,D,D,0,,,,,Y,Y,A,01,0,1,0,0,0,0,0,0,0,"- ","- ",37.893669128417969,-122.55711364746094,MARIN,UNINCORPORATED,-122.55718994140625,37.893692016601562
91510178,2021,2021-06-30,9350,2021-06-29,2050,021686,,2,2,9,2100,0,3,5,,2,004,"LAVERNE AVENUE","TODD WAY",150.00,W,N,A,-,N,,,,,,,,,,Y,4,0,1,2,A,-,03,22350,,N,C,E,A,A,H,-,D,D,0,,,,,Y,,A,01,0,0,1,0,0,0,0,0,0,"- ","- ",37.895801544189453,-122.54531097412109,MARIN,UNINCORPORATED,-122.54527282714844,37.895786285400391
91510257,2021,2021-06-30,9350,2021-06-19,0550,022108,,6,3,5,2109,0,1,1,,1,015,"I-580 W/B","MAIN STREET",20.00,E,N,A,C,Y,,,580,,,,,,W,Y,3,0,1,1,C,-,18,,,N,E,I,A,A,H,-,A,D,0,,,,,Y,,-,"- ",0,1,0,0,0,0,0,0,0,"- ","- ",37.943660736083984,-122.48017883300781,MARIN,"SAN RAFAEL",-122.48027801513672,37.943492889404297
91510305,2021,2021-06-30,9350,2021-06-21,1705,021418,,1,2,9,2100,0,1,2,,2,070,"MILLER CREEK ROAD TO US-101 S/B","MILLER CREEK ROAD OC",596.00,S,N,A,-,Y,,,,,,,,,,N,4,0,1,2,B,-,22,,,N,C,C,A,A,H,-,A,D,0,,,,,Y,,I,19,0,0,1,0,0,0,0,0,0,"- ","- ",38.031898498535156,-122.53765869140625,MARIN,UNINCORPORATED,,
91510329,2021,2021-06-30,9350,2021-06-23,1740,021418,,3,2,5,2109,0,1,2,,2,050,"US-101 N/B","I-580 OC",1423.00,S,N,A,-,Y,,,101,,,,,,N,N,3,0,1,3,A,-,03,22350,,N,C,C,A,A,H,-,A,D,0,,,,,Y,,A,07,0,1,0,0,0,0,0,0,0,"- ","- ",37.958259582519531,-122.50890350341797,MARIN,"SAN RAFAEL",-122.50901794433594,37.958236694335938
91510352,2021,2021-06-30,9350,2021-06-26,0626,022108,,6,1,9,2100,0,1,2,,2,070,"US-101 NORTHBOUND","BEL MARIN KEYS BLVD",3168.00,S,N,A,-,Y,,,,,,,,,,Y,4,0,1,1,A,-,03,22350,,N,E,I,A,A,H,-,A,D,0,,,,,Y,,A,01,0,0,1,0,0,0,0,0,0,"- ","- ",38.058841705322266,-122.53115081787109,MARIN,UNINCORPORATED,-122.53707122802734,38.066383361816406
9151056,2020,2020-11-16,2109,2020-09-04,1800,652,7,5,5,5,2109,0,0,0,,0,001,"C ST","3RD ST",0.00,,Y,A,-,N,,,,,,,,,,N,3,0,1,2,A,-,08,22107,,N,D,C,A,A,H,-,A,A,0,,,Y,,Y,Y,A,01,0,1,0,0,0,0,0,0,1,"- ","- ",37.972419738769531,-122.5308837890625,MARIN,"SAN RAFAEL",-122.53089141845703,37.972408294677734
9151075,2020,2020-09-18,2109,2020-07-30,0927,592,16,4,5,5,2109,0,0,0,,0,002,"LOOTENS PL","FOURTH ST",0.00,,Y,A,-,N,,,,,,,,,,N,4,0,1,2,A,-,10,21950,A,N,C,B,B,A,H,-,A,A,0,Y,,,,Y,,A,08,0,0,1,0,1,0,0,0,0,"- ","- ",37.972930908203125,-122.52603912353516,MARIN,"SAN RAFAEL",-122.52601623535156,37.972930908203125
9151088,2020,2020-09-21,2108,2020-05-21,1804,CM118,3,4,5,3,2108,0,0,0,,0,003,"SUFFIELD AV","SUFFIELD AV 136",0.00,,Y,A,-,N,,,,,,,,,,N,3,0,1,2,A,-,03,22350,,N,A,E,A,A,H,-,A,D,0,,Y,,,Y,,L,04,0,1,0,0,0,0,1,0,0,"- ","- ",37.987319946289062,-122.58139038085938,MARIN,"SAN ANSELMO",-122.58156,37.987257
91510884,2021,2021-07-01,9350,2021-06-24,1710,021418,,4,2,9,2100,0,1,2,,1,080,"US-101 N/B","MARIN/SONOMA CO. LINE",196.00,S,N,A,-,Y,,,101,,,,,,N,N,4,0,1,2,A,-,07,21658,A,N,B,C,A,A,H,-,A,D,0,,,,,Y,,A,01,0,0,1,0,0,0,0,0,0,"- ","- ",38.181930541992188,-122.60003662109375,MARIN,UNINCORPORATED,-122.59991455078125,38.181995391845703
9151089,2020,2020-09-21,2102,2020-05-16,1835,082,2,6,5,2,2102,0,0,0,,0,001,"CORTE MADERA AV","REDWOOD RD",1056.00,S,N,A,-,N,,,,,,,,,,N,3,0,1,2,A,-,04,21703,,N,H,G,A,A,H,-,A,D,0,,Y,,,Y,Y,A,01,0,1,0,0,0,0,1,0,0,"- ","- ",37.923740386962891,-122.52996063232422,MARIN,"CORTE MADERA",-122.53012847900391,37.924449920654297
91511164,2021,2021-07-01,9350,2021-05-19,1630,019000,,3,2,9,2100,0,3,5,,2,002,"COLE DRIVE","DRAKE AVENUE",200.00,E,N,A,-,N,,,,,,,,,,N,4,0,1,2,D,-,00,,,N,B,C,A,A,H,-,A,D,0,,,,,Y,,-,"- ",0,0,1,0,0,0,0,0,0,"- ","- ",37.868579864501953,-122.50859832763672,MARIN,UNINCORPORATED,-122.51051330566406,37.868518829345703
91511324,2021,2021-07-01,9350,2021-06-19,0555,022133,,6,3,9,2100,0,1,2,,2,040,"US-101 N/B","NORTH BRIDGE BLVD",750.00,N,N,A,-,Y,,,101,,,,,,N,Y,4,0,1,1,A,-,01,23152,A,N,F,8,A,A,H,-,B,D,0,,,,,Y,Y,A,01,0,0,1,0,0,0,0,0,0,"- ","- ",37.873710632324219,-122.50789642333984,MARIN,UNINCORPORATED,-122.50798797607422,37.873649597167969
91511825,2021,2021-07-02,9350,2021-06-26,1749,022066,,6,2,5,2109,0,1,2,,1,060,"US 101 N/B","MANUEL T FREITAS PKY",240.00,S,N,A,-,Y,,,,,,,,,,Y,3,0,2,1,A,-,01,23152,A,N,F,I,A,A,C,-,A,D,0,,,,,Y,Y,A,01,0,1,1,0,0,0,0,0,0,"- ","- ",38.00640869140625,-122.54083251953125,MARIN,"SAN RAFAEL",-122.54119110107422,38.006721496582031
91511878,2021,2021-07-02,9350,2021-06-16,2100,022556,,3,2,9,2100,0,3,5,,2,002,"PIERCE POINT RD.","SIR FRANCIS DRAKE BLVD.",40128.00,N,N,A,-,N,,,,,,,,,,N,3,0,1,1,A,-,08,22107,,N,E,I,A,A,H,-,D,D,0,,,,,Y,,A,01,0,1,0,0,0,0,0,0,0,"- ","- ",38.177570343017578,-122.94130706787109,MARIN,UNINCORPORATED,-122.88101959228516,38.122570037841797
91512317,2021,2021-07-02,9350,2021-06-27,1110,022388,,7,1,2,2102,0,1,2,,2,050,"US 101 N/B","WORNUM DR.",710.00,S,N,A,-,Y,,,,,,,,,,Y,3,0,1,1,A,-,08,22107,,N,E,I,A,A,H,-,A,D,0,,,,,Y,,A,01,0,1,0,0,0,0,0,0,0,"- ","- ",37.933460235595703,-122.516357421875,MARIN,"CORTE MADERA",-122.51626586914062,37.933601379394531
91514533,2021,2021-07-07,9350,2021-06-28,0950,022433,,1,1,5,2109,0,1,2,,1,060,"US-101 NB FROM LINCOLN AVE.","LINCOLN AVE U/C",400.00,N,N,A,-,Y,,,101,,,,R,,N,Y,4,0,1,2,A,-,03,22350,,N,C,C,A,A,H,-,A,D,0,,,,,Y,,A,07,0,0,1,0,0,0,0,0,0,"- ","- ",37.989288330078125,-122.52751159667969,MARIN,"SAN RAFAEL",-122.52751159667969,37.989288330078125
91515645,2021,2021-07-08,9350,2021-07-03,1000,021586,,6,1,4,2106,0,1,2,,1,080,"US-101 NB","ROWLAND BOULEVARD",2640.00,N,N,A,-,Y,,,101,,,,,,N,N,4,0,2,3,A,-,07,21658,A,N,B,C,A,A,H,-,A,D,0,,,,,Y,,A,01,0,0,2,0,0,0,0,0,0,"- ","- ",38.086639404296875,-122.55303955078125,MARIN,NOVATO,-122.55303955078125,38.086639404296875
91515864,2021,2021-07-08,9350,2021-06-05,1210,022300,,6,1,9,2100,0,2,4,,1,046,"PT. REYES PETALUMA RD.","NOVATO BLVD",0.00,,Y,A,-,N,,,,,,,,,,Y,2,0,3,3,A,-,08,22107,,N,D,G,A,A,H,-,A,D,0,,Y,Y,,Y,,L,04,1,2,0,0,0,0,2,0,1,"- ","- ",38.142601013183594,-122.70568084716797,MARIN,UNINCORPORATED,-122.70568084716797,38.142559051513672
91515971,2021,2021-07-08,9350,2021-07-03,1705,021719,,6,2,9,2100,0,1,3,,1,012,SR-1,"ALMONTE BLVD",300.00,S,N,A,-,Y,,,1,,,,,,,Y,3,0,1,2,A,-,03,22350,,N,D,C,A,A,H,-,A,D,0,,,Y,,Y,,C,02,0,1,0,0,0,0,0,0,1,"- ","- ",37.881168365478516,-122.52442932128906,MARIN,UNINCORPORATED,-122.52442169189453,37.881172180175781
91516592,2021,2021-07-09,9350,2021-06-27,1759,021696,,7,2,9,2100,0,1,2,,1,080,"US-101 S/B","SAN ANTONIO RD",2640.00,N,N,A,-,Y,,,101,,,,,,S,Y,2,0,1,2,A,-,08,22107,,N,C,C,A,A,H,-,A,D,0,,,Y,,Y,,C,02,1,0,0,0,0,0,0,0,1,"- ","- ",38.168071746826172,-122.58222961425781,MARIN,UNINCORPORATED,-122.58223724365234,38.168056488037109
91517008,2021,2021-07-09,9350,2021-07-06,1510,021266,,2,2,4,2106,0,1,2,,1,080,"US-101 N/B","ATHERTON AVENUE OVER CROSSING",7920.00,N,N,A,-,Y,,,101,,,,,,N,N,4,0,2,2,A,-,03,22350,,N,C,C,A,A,H,-,A,D,0,,,,,Y,,A,01,0,0,2,0,0,0,0,0,0,"- ","- ",38.138240814208984,-122.56401062011719,MARIN,NOVATO,-122.56396484375,38.13824462890625
91517063,2021,2021-07-09,9350,2021-07-03,1130,022388,,6,1,9,2100,0,3,5,,2,003,"EAST STRAWBERRY DRIVE","TIBURON BLVD.",44.00,S,N,A,-,N,,,,,,,,,,N,2,0,1,2,A,-,05,21651,B,N,D,G,A,A,H,-,A,D,0,,Y,,,Y,,L,04,1,0,0,0,0,0,1,0,0,"- ","- ",37.898929595947266,-122.50476837158203,MARIN,UNINCORPORATED,-122.50467681884766,37.898960113525391
91518818,2021,2021-07-13,9350,2021-07-04,0530,021586,,7,3,9,2100,0,1,2,,1,080,"US-101 NB","SAN ANTONIO ROAD",3168.00,S,N,A,-,Y,,,101,,,,,,N,Y,3,0,2,2,A,-,08,22107,,N,C,2,A,A,H,-,B,D,0,,,,,Y,,A,01,0,1,1,0,0,0,0,0,0,"- ","- ",38.156200408935547,-122.56838226318359,MARIN,UNINCORPORATED,-122.56839752197266,38.156196594238281
91518849,2021,2021-07-13,9350,2021-07-05,1325,022445,,1,1,9,2100,0,1,2,,2,020,"US-101 S/B","ALEXANDER AVENUE",1700.00,N,N,A,-,Y,,,101,,,,,,S,N,2,0,3,2,A,-,03,22350,,N,C,C,A,A,H,-,A,D,0,,,,,Y,,A,07,1,0,2,0,0,0,0,0,0,"- ","- ",37.844009399414062,-122.48615264892578,MARIN,UNINCORPORATED,-122.48609924316406,37.844017028808594
91519249,2021,2021-07-13,9350,2021-07-10,1600,021696,,6,2,9,2100,0,1,1,,1,015,"I-580 W/B","MARIN COUNTY LINE",1848.00,W,N,A,-,Y,,,580,,,,,,W,N,4,0,1,2,A,-,03,22350,,N,C,C,A,A,H,-,A,D,0,,,,,Y,,A,01,0,0,1,0,0,0,0,0,0,"- ","- ",37.934539794921875,-122.43657684326172,MARIN,UNINCORPORATED,-122.43657684326172,37.934562683105469
91519327,2021,2021-07-13,9350,2021-07-10,1740,021696,,6,2,5,2109,0,1,2,,1,060,"US-101 N/B","SECOND ST",1700.00,S,N,A,-,Y,,,101,,,,,,N,Y,4,0,1,3,A,-,03,22350,,N,C,C,A,A,H,-,A,D,0,,,,,Y,,A,01,0,0,1,0,0,0,0,0,0,"- ","- ",37.967018127441406,-122.51766204833984,MARIN,"SAN RAFAEL",-122.51763916015625,37.967060089111328
91519861,2021,2021-07-14,9350,2021-07-05,1441,019000,,1,2,9,2100,0,1,2,,2,070,"US-101 S/B","MILLERCREEK OVERCROSSING",211.00,S,N,A,-,Y,,,101,,,,,,S,N,4,0,1,2,A,-,07,21658,A,N,C,C,A,A,H,-,A,D,0,,,,,Y,,A,07,0,0,1,0,0,0,0,0,0,"- ","- ",38.027530670166016,-122.53794860839844,MARIN,UNINCORPORATED,-122.53793334960938,38.02752685546875
91520080,2021,2021-07-14,9350,2021-06-30,1201,013918,,3,1,9,2100,0,1,3,,2,013,"RT 131","CECILIA WAY",0.00,,Y,A,-,Y,,,131,,,,,,,Y,4,0,1,2,A,-,09,21801,A,N,D,C,A,A,H,-,A,D,0,,,,,Y,,A,01,0,0,1,0,0,0,0,0,0,"- ","- ",37.897209167480469,-122.4984130859375,MARIN,UNINCORPORATED,-122.49844360351562,37.897186279296875
91520271,2021,2021-07-14,9350,2021-07-12,1820,019000,,1,2,5,2109,0,1,2,,2,070,"US-101 N/B","LUCAS VALLEY RD",1584.00,S,N,A,-,Y,,,101,,,,,,N,Y,4,0,1,3,A,-,03,22350,,M,C,C,A,A,H,-,A,D,0,,,,,Y,,A,01,0,0,1,0,0,0,0,0,0,"- ","- ",38.016738891601562,-122.54080963134766,MARIN,"SAN RAFAEL",-122.54077911376953,38.016727447509766
91520778,2021,2021-07-15,9350,2021-06-30,0710,015765,,3,1,9,2100,0,1,2,,1,080,"US-101 S/B","ATHERTON AVE. OVER CROSSING",10560.00,N,N,A,-,Y,,,101,,,,,,S,Y,3,0,1,3,A,-,03,22350,,N,C,C,A,A,H,-,A,D,0,,,,,Y,,A,01,0,1,0,0,0,0,0,0,0,"- ","- ",38.143390655517578,-122.56472015380859,MARIN,UNINCORPORATED,-122.56455993652344,38.143402099609375
9152142,2020,2020-09-24,2103,2020-06-12,1541,171,DNTN,5,5,2,2103,0,0,0,,0,,"CENTER BL","PACHECO AV",0.00,,Y,A,-,N,,,,,,,,,,N,3,0,1,2,A,-,09,21804,B,N,H,C,A,A,H,-,A,A,0,,,,,Y,,A,01,0,1,0,0,0,0,0,0,0,"- ","- ",37.986888885498047,-122.58724975585938,MARIN,FAIRFAX,-122.58721923828125,37.986888885498047
9152169,2019,2020-09-25,2107,2019-05-30,1513,R030,350,4,5,1,2107,0,0,0,,0,001,"WALTERS RD","LAUREL GROVE AV",210.00,N,N,A,-,N,,,,,,,,,,Y,4,0,1,1,A,-,21,22106,,N,E,I,A,A,H,-,A,D,0,,,,,Y,,A,01,0,0,1,0,0,0,0,0,0,"- ","- ",37.965019226074219,-122.55526733398438,MARIN,ROSS,-122.55552673339844,37.964504241943359
9152170,2020,2020-09-25,2107,2020-05-10,0347,R017,,7,5,1,2107,0,0,0,,0,,"GLENWOOD AV","FERNHILL AV",390.00,E,N,A,-,N,,,,,,,,,,Y,2,0,2,1,A,-,01,23153,A,N,E,I,A,A,H,-,C,D,0,,,,,Y,Y,A,07,2,0,0,0,0,0,0,0,0,"- ","- ",37.964958190917969,-122.65949249267578,MARIN,ROSS,-122.56751251220703,37.966850280761719
91522180,2021,2021-07-16,9350,2021-06-27,1845,022373,,7,2,9,2100,0,2,4,,1,046,"POINT REYES PETALUMA ROAD","HICKS VALLEY ROAD",7920.00,E,N,A,-,N,,,,,,,,,,Y,2,0,1,1,A,-,03,22350,,N,F,A,A,A,H,-,A,D,0,,,Y,,Y,,C,02,1,0,0,0,0,0,0,0,1,"- ","- ",38.163059234619141,-122.68051910400391,MARIN,UNINCORPORATED,-122.682373046875,38.162673950195312
9152657,2020,2020-11-20,2104,2020-09-04,1135,103,1A,5,5,3,2104,0,0,0,,0,002,"BON AIR RD","MAGNOLIA AV",13.00,E,N,A,-,N,,,,,,,,,,N,3,0,1,1,A,-,05,21650,1,N,E,I,A,A,H,-,A,A,0,,Y,,,Y,,L,04,0,1,0,0,0,0,1,0,0,"- ","- ",37.943080902099609,-122.54026794433594,MARIN,LARKSPUR,-122.540283203125,37.943099975585938
9152694,2020,2020-10-21,2102,2020-08-26,1830,082,2,3,5,2,2102,0,0,0,,0,001,"TAMALPAIS DR","WILLOW AV",0.00,,Y,A,-,N,,,,,,,,,,N,3,0,1,2,A,-,09,21801,A,N,H,G,A,A,H,-,B,D,0,,Y,,,Y,,A,01,0,1,0,0,0,0,1,0,0,"- ","- ",37.925579071044922,-122.52790832519531,MARIN,"CORTE MADERA",-122.52790069580078,37.925571441650391
9152695,2020,2020-10-21,2102,2020-08-22,0530,082,2,6,5,2,2102,0,0,0,,0,001,"TAMALPAIS DR","MADERA BL",211.00,,N,A,-,N,,,,,,,,,,Y,3,0,1,2,A,-,01,23152,A,N,B,E,A,A,H,-,C,D,0,,,,,Y,Y,A,01,0,1,0,0,0,0,0,0,0,"- ","- ",37.925418853759766,-122.51949310302734,MARIN,"CORTE MADERA",-122.5186767578125,37.925128936767578
91527937,2021,2021-07-23,9350,2021-06-26,1630,020979,,6,2,9,2100,0,2,4,,1,016,"LUCAS VALLEY ROAD","SEQUEIRA ROAD",311.50,E,N,A,-,N,,,,,,,,,,Y,1,1,0,1,C,-,18,,,N,H,H,A,A,H,-,A,D,0,,,Y,,Y,,-,"- ",0,0,0,0,0,0,0,1,0,"- ","- ",38.025989532470703,-122.55708312988281,MARIN,UNINCORPORATED,-122.55699920654297,38.026031494140625
91529174,2021,2021-07-26,9350,2021-07-14,1745,021418,,3,2,5,2109,0,1,2,,2,050,"US-101 N/B","I-580 OC",1410.00,S,N,A,-,Y,,,101,,,,,,N,N,2,0,6,3,A,-,03,22350,,N,C,C,A,A,H,-,A,D,0,,,,,Y,Y,A,01,2,0,4,0,0,0,0,0,0,"- ","- ",37.958248138427734,-122.50890350341797,MARIN,"SAN RAFAEL",-122.50901794433594,37.958229064941406
91529177,2021,2021-07-26,9350,2021-07-14,2335,022107,,3,3,9,2100,0,2,4,,1,044,"SIR FRANCIS DRAKE BLVD W/B","DONIG DR",223.00,W,N,A,-,N,,,,,,,,,,Y,2,0,1,1,A,-,03,22350,,N,E,I,A,A,H,-,C,D,0,,,Y,,Y,,C,02,1,0,0,0,0,0,0,0,1,"- ","- ",38.015201568603516,-122.68846130371094,MARIN,UNINCORPORATED,-122.688427,38.015276999999998
91529182,2021,2021-07-26,9350,2021-07-17,1100,021586,,6,1,9,2100,0,1,2,,1,080,"US-101 NB","SAN ANTONIO ROAD",6864.00,S,N,A,-,Y,,,101,,,,,,N,Y,3,0,2,1,A,-,08,22107,,N,E,8,A,A,H,-,A,D,0,,,,,Y,,A,01,0,1,1,0,0,0,0,0,0,"- ","- ",38.14678955078125,-122.56526947021484,MARIN,UNINCORPORATED,-122.565185546875,38.146820068359375
91529848,2021,2021-07-27,9350,2021-07-11,1605,022415,,7,2,9,2100,0,2,4,,1,044,"SIR FRANCIS DRAKE BLVD","RAILROAD AVE",4666.00,E,N,A,-,N,,,,,,,,,,Y,4,0,1,2,A,-,09,21801,A,N,D,C,A,A,H,-,A,D,0,,,,,Y,,A,01,0,0,1,0,0,0,0,0,0,"- ","- ",38.013710021972656,-122.63166046142578,MARIN,UNINCORPORATED,-122.63187408447266,38.013774871826172
91529886,2021,2021-07-27,9350,2021-07-17,1415,020979,,6,2,9,2100,0,2,4,,1,016,"LUCAS VALLEY ROAD","MILLER CREEK ROAD",172.00,W,N,A,-,N,,,,,,,,,,N,3,0,1,2,A,-,07,21658,A,N,B,G,A,A,H,-,A,D,0,,Y,,,Y,,L,04,0,1,0,0,0,0,1,0,0,"- ","- ",38.026988983154297,-122.55370330810547,MARIN,UNINCORPORATED,-122.55356597900391,38.027015686035156
91530868,2021,2021-07-28,9350,2021-07-16,1548,022373,,5,2,9,2100,0,1,2,,2,020,"US 101 NB","THE NORTH EDGE OF THE ROBIN WILLIAMS TUNNEL",250.00,N,N,B,-,Y,,,,,,,,,,Y,3,0,1,2,A,-,03,22350,,N,B,2,A,A,H,-,A,D,0,,,Y,,Y,,C,02,0,1,0,0,0,0,0,0,1,"- ","- ",37.846641540527344,-122.48658752441406,MARIN,UNINCORPORATED,,
91530900,2021,2021-07-28,9350,2021-07-15,1545,021418,,4,2,9,2100,0,2,4,,2,024,"SIR FRANCIS DRAKE BLVD. W/B","TERRACE AVENUE",73.00,E,N,A,-,N,,,,,,,,,,N,4,0,1,2,A,-,08,22107,,N,B,E,A,A,H,-,A,D,0,,,,,Y,,I,10,0,0,1,0,0,0,0,0,0,"- ","- ",37.954761505126953,-122.54624938964844,MARIN,UNINCORPORATED,-122.54634857177734,37.954727172851562
91531584,2021,2021-07-29,9350,2021-07-21,1927,021418,,3,2,4,2106,0,1,2,,2,070,"US-101 N/B TO NAVE DRIVE.","ROBLAR DRIVE",162.00,N,N,A,-,Y,,,101,,,,R,,N,N,4,0,1,2,A,-,03,22350,,N,C,C,A,A,H,-,A,D,0,,,,,Y,,D,22,0,0,1,0,0,0,0,0,0,"- ","- ",38.064811706542969,-122.53524017333984,MARIN,NOVATO,-122.53524017333984,38.064811706542969
91531596,2021,2021-07-29,9350,2021-07-18,1451,022373,,7,2,9,2100,0,3,5,,2,006,"NICASIO VALLEY RD","OLD RANCHERIA ROAD",0.00,,Y,A,-,N,,,,,,,,,,Y,3,0,1,2,A,-,09,21802,A,N,D,C,A,A,H,-,A,D,0,,,,,Y,,A,01,0,1,0,0,0,0,0,0,0,"- ","- ",38.061729431152344,-122.69915771484375,MARIN,UNINCORPORATED,-122.699158,38.061729
91534510,2021,2021-08-02,9350,2021-07-19,0020,022514,,1,3,9,2100,0,3,5,,2,002,"COLE DRIVE","DRAKE AVENUE",300.00,E,N,A,-,N,,,,,,,,,,Y,4,0,1,3,A,-,01,23152,A,M,B,E,A,A,H,-,C,D,0,,,,,Y,Y,A,01,0,0,1,0,0,0,0,0,0,"- ","- ",37.867771148681641,-122.51007843017578,MARIN,UNINCORPORATED,-122.51051330566406,37.868518829345703