CASE_ID,ACCIDENT_YEAR,PROC_DATE,JURIS,COLLISION_DATE,COLLISION_TIME,OFFICER_ID,REPORTING_DISTRICT,DAY_OF_WEEK,CHP_SHIFT,POPULATION,CNTY_CITY_LOC,SPECIAL_COND,BEAT_TYPE,CHP_BEAT_TYPE,CITY_DIVISION_LAPD,CHP_BEAT_CLASS,BEAT_NUMBER,PRIMARY_RD,SECONDARY_RD,DISTANCE,DIRECTION,INTERSECTION,WEATHER_1,WEATHER_2,STATE_HWY_IND,CALTRANS_COUNTY,CALTRANS_DISTRICT,STATE_ROUTE,ROUTE_SUFFIX,POSTMILE_PREFIX,POSTMILE,LOCATION_TYPE,RAMP_INTERSECTION,SIDE_OF_HWY,TOW_AWAY,COLLISION_SEVERITY,NUMBER_KILLED,NUMBER_INJURED,PARTY_COUNT,PRIMARY_COLL_FACTOR,PCF_CODE_OF_VIOL,PCF_VIOL_CATEGORY,PCF_VIOLATION,PCF_VIOL_SUBSECTION,HIT_AND_RUN,TYPE_OF_COLLISION,MVIW,PED_ACTION,ROAD_SURFACE,ROAD_COND_1,ROAD_COND_2,LIGHTING,CONTROL_DEVICE,CHP_ROAD_TYPE,PEDESTRIAN_ACCIDENT,BICYCLE_ACCIDENT,MOTORCYCLE_ACCIDENT,TRUCK_ACCIDENT,NOT_PRIVATE_PROPERTY,ALCOHOL_INVOLVED,STWD_VEHTYPE_AT_FAULT,CHP_VEHTYPE_AT_FAULT,COUNT_SEVERE_INJ,COUNT_VISIBLE_INJ,COUNT_COMPLAINT_PAIN,COUNT_PED_KILLED,COUNT_PED_INJURED,COUNT_BICYCLIST_KILLED,COUNT_BICYCLIST_INJURED,COUNT_MC_KILLED,COUNT_MC_INJURED,PRIMARY_RAMP,SECONDARY_RAMP,LATITUDE,LONGITUDE,COUNTY,CITY,POINT_X,POINT_Y
92154053,2023,2023-08-25,9350,2023-08-17,1555,022271,,4,2,9,2100,0,1,2,,2,040,"US-101 N/B",SR-131,585.00,S,N,A,-,Y,MRN,,101," "," ",5.577,H,,R,N,4,0,1,2,A,-,03,22350,,N,C,C,A,A,H,-,A,D,0,,,,,Y,,D,22,0,0,1,0,0,0,0,0,0,"- ","- ",37.901058197021484,-122.51573944091797,MARIN,UNINCORPORATED,-122.51573944091797,37.90106201171875
92154059,2023,2023-08-25,9350,2023-08-22,"615 ",022020,,2,1,9,2100,0,1,2,,1,080,"US-101 S/B","SAN ANTONIO ROAD O/C",1901.00,N,N,B,-,Y,MRN,,101," "," ",25.872,H,,L,N,4,0,1,2,A,-,03,22350,,N,C,C,A,A,D,-,A,D,0,,,,,Y,,D,22,0,0,1,0,0,0,0,0,0,"- ","- ",38.16680908203125,-122.58022308349609,MARIN,UNINCORPORATED,-122.58023834228516,38.166793823242188
92154216,2023,2023-08-25,9350,2023-08-23,"605 ",022020,,3,1,4,2106,0,1,2,,1,080,"US-101 S/B","DE LONG AVENUE O/C",500.00,S,N,A,-,Y,MRN,,101," ",R,21.041,H,,L,Y,4,0,1,1,A,-,08,22107,,N,E,I,A,A,D,-,B,D,0,,,,,Y,,A,01,0,0,1,0,0,0,0,0,0,"- ","- ",38.104091644287109,-122.56201934814453,MARIN,NOVATO,-122.56208038330078,38.104080200195312
9215497,2021,2021-03-11,2109,2021-01-08,1813,641,15,5,5,5,2109,0,0,0,,0,002,"LINCOLN AV","MISSION AV",0.00,,Y,A,-,N,,,,,,,,,,N,3,0,1,2,A,-,11,21456,C,N,G,B,E,A,H,-,C,A,0,Y,,,,Y,,N,60,0,1,0,0,1,0,0,0,0,"- ","- ",37.974300384521484,-122.52340698242188,MARIN,"SAN RAFAEL",-122.52340698242188,37.97430419921875
92157310,2023,2023-08-29,9350,2023-08-12,1405,022956,,6,2,9,2100,0,1,3,,1,052,SR-1,"GARDEN HWY",586.00,N,N,A,-,Y,MRN,,1," "," ",33.527,H,,R,Y,3,0,1,1,A,-,01,23152,A,N,F,A,A,A,H,-,A,D,0,,,Y,,Y,Y,C,02,0,1,0,0,0,0,0,0,1,"- ","- ",38.109088897705078,-122.84564208984375,MARIN,UNINCORPORATED,-122.84562683105469,38.109119415283203
92157393,2023,2023-08-29,9350,2023-08-20,1600,022271,,7,2,9,2100,0,3,5,,2,002,"ALTA VISTA RD","MARIN DR",50.00,E,N,A,-,N,,,,,,,,,,N,4,0,1,1,A,-,08,22107,,N,E,I,A,A,H,-,A,D,0,,,,,Y,,A,01,0,0,1,0,0,0,0,0,0,"- ","- ",37.878639221191406,-122.54360961914062,MARIN,UNINCORPORATED,-122.54345703125,37.878608703613281
92158123,2023,2023-08-30,9350,2023-08-21,1832,018465,,1,2,9,2100,0,3,5,,2,006,"REDWOOD BLVD.","BUCK INSTITUTE RD.",4224.00,N,N,B,-,N,,,,,,,,,,Y,3,0,1,1,A,-,01,23152,A,N,E,I,A,A,D,-,B,A,0,,,,,Y,Y,D,22,0,1,0,0,0,0,0,0,0,"- ","- ",38.140670776367188,-122.56465911865234,MARIN,UNINCORPORATED,,
92158235,2023,2023-08-30,9350,2023-08-24,"445 ",021686,,4,3,4,2106,0,1,2,,1,080,"US-101 SOUTHBOUND","DE LONG AVENUE",375.00,S,N,A,-,Y,MRN,,101," ",R,21.030,H,,L,Y,4,0,2,1,A,-,01,23152,A,N,E,I,A,A,H,-,D,D,0,,,,,Y,Y,A,01,0,0,2,0,0,0,0,0,0,"- ","- ",38.103931427001953,-122.56198120117188,MARIN,NOVATO,-122.56203460693359,38.103919982910156
92159453,2023,2023-08-31,9350,2023-08-28,"902 ",016034,,1,1,5,2109,0,1,2,,1,060,"US 101 S/B","N. SAN PEDRO ROAD UNDERCROSSING",1584.00,N,N,A,-,Y,MRN,,101," "," ",13.027,H,,L,Y,4,0,1,5,A,-,03,22350,,M,C,C,A,A,H,-,A,D,0,,,,,Y,,A,01,0,0,1,0,0,0,0,0,0,"- ","- ",37.998268127441406,-122.53531646728516,MARIN,"SAN RAFAEL",-122.53536224365234,37.998249053955078
92160930,2023,2023-09-01,9350,2023-08-30,1434,021391,,3,2,9,2100,0,1,2,,1,030,"US-101 S/B","N. BRIDGE BLVD.",2534.00,S,N,A,-,Y,MRN,,101," "," ",2.908,H,,L,Y,3,0,1,1,A,-,08,22107,,N,F,A,A,A,H,-,A,D,0,,,,,Y,,A,01,0,1,0,0,0,0,0,0,0,"- ","- ",37.864688873291016,-122.50714874267578,MARIN,UNINCORPORATED,-122.50711059570312,37.864696502685547
9216153,2021,2021-03-17,2109,2021-01-05,1630,649,46,2,5,5,2109,0,0,0,,0,005,"LAS GALLINAS AV","NORTHGATE DR",0.00,,Y,A,-,N,,,,,,,,,,Y,4,0,1,2,A,-,12,21453,A,N,D,C,A,A,H,-,B,A,0,,,,,Y,,I,20,0,0,1,0,0,0,0,0,0,"- ","- ",38.006710052490234,-122.54560852050781,MARIN,"SAN RAFAEL",-122.54557037353516,38.006694793701172
9216164,2021,2021-03-22,2109,2021-01-17,1448,648,,7,5,5,2109,0,0,0,,0,003,"DU BOIS ST","IRWIN ST",0.00,,Y,A,-,N,,,,,,,,,,Y,4,0,1,1,A,-,01,23152,A,M,E,I,A,A,H,-,A,A,0,,,,,Y,Y,D,22,0,0,1,0,0,0,0,0,0,"- ","- ",37.973529815673828,-122.53108978271484,MARIN,"SAN RAFAEL",-122.52175140380859,37.967426300048828
92163352,2023,2023-10-13,9350,2023-08-30,1630,021418,,3,2,9,2100,0,3,5,,2,004,"BON AIR ROAD","SIR FRANCIS DRAKE BLVD",886.00,S,N,A,-,N,,,,,,,,,,N,4,0,1,2,A,-,03,22350,,N,C,C,A,D,H,-,A,D,0,,,,,Y,,A,01,0,0,1,0,0,0,0,0,0,"- ","- ",37.948898315429688,-122.53603363037109,MARIN,UNINCORPORATED,-122.53591918945312,37.948940277099609
92163361,2023,2023-09-06,9350,2023-08-26,2119,023086,,6,2,9,2100,0,1,2,,2,040,"US-101 S/B","N. BRIDGE BLVD",1741.00,N,N,A,-,Y,MRN,,101," "," ",3.689,H,,L,Y,4,0,2,3,A,-,03,22350,,N,C,C,A,A,H,-,D,D,0,,,,,Y,,A,07,0,0,2,0,0,0,0,0,0,"- ","- ",37.875690460205078,-122.51062774658203,MARIN,UNINCORPORATED,-122.51056671142578,37.875743865966797
92163431,2023,2023-09-06,9350,2023-08-29,1130,017729,,2,1,4,2106,0,1,2,,1,080,"US-101 S/B","ATHERTON AVENUE OVER CROSSING",2640.00,N,N,A,-,Y,MRN,,101," ",R,22.514,H,,L,N,3,0,1,2,A,-,08,22107,,N,B,C,A,A,D,-,A,D,0,,,,,Y,,D,22,0,1,0,0,0,0,0,0,0,"- ","- ",38.125099182128906,-122.56601715087891,MARIN,NOVATO,-122.56616973876953,38.125106811523438
92163860,2023,2023-09-06,9350,2023-08-31,1045,016034,,4,1,5,2109,0,1,2,,1,060,"US 101 N/B","MERRYDALE ROAD OVERCROSSING",1056.00,S,N,A,-,Y,MRN,,101," "," ",13.223,H,,R,Y,4,0,1,2,A,-,03,22350,,F,C,2,A,A,H,-,A,D,0,,,,,Y,,-,99,0,0,1,0,0,0,0,0,0,"- ","- ",38.000980377197266,-122.53701019287109,MARIN,"SAN RAFAEL",-122.53702545166016,38.000972747802734
92163906,2023,2023-09-06,9350,2023-08-28,1630,021418,,1,2,3,2105,0,1,2,,2,040,"US-101 N/B","SR-131 O/C",4.00,S,N,A,-,Y,MRN,,101," "," ",5.688,H,,R,Y,4,0,1,3,A,-,03,22350,,N,C,C,A,A,H,-,A,D,0,,,,,Y,,A,01,0,0,1,0,0,0,0,0,0,"- ","- ",37.902660369873047,-122.51564788818359,MARIN,"MILL VALLEY",-122.51560974121094,37.902656555175781
92164936,2023,2023-09-07,9350,2023-08-25,"625 ",017691,,5,1,5,2109,0,1,2,,1,060,"U.S. 101 N/B","MISSION STREET UNDERCROSSING",528.00,N,N,A,-,Y,MRN,,101," "," ",11.288,H,,R,Y,2,0,1,3,A,-,04,21703,,F,C,C,A,A,H,-,B,D,0,,,,Y,Y,,A,01,1,0,0,0,0,0,0,0,0,"- ","- ",37.976619720458984,-122.52049255371094,MARIN,"SAN RAFAEL",-122.52045440673828,37.976615905761719
92167592,2023,2023-09-11,9350,2023-04-15,1815,022468,,6,2,9,2100,0,3,5,,2,006,"MARSHALL PETALUMA ROAD","HICKS VALLEY RD",17952.00,W,N,A,-,N,,,,,,,,,,Y,1,1,2,1,A,-,01,23152,A,F,E,I,A,A,H,-,A,D,0,,,,,Y,Y,A,01,2,0,0,0,0,0,0,0,0,"- ","- ",38.164058685302734,-122.78308868408203,MARIN,UNINCORPORATED,-122.78278350830078,38.164020538330078
92168854,2023,2023-09-13,9350,2023-09-06,"310 ",022643,,3,3,5,2109,0,1,2,,1,060,"US-101 N/B","SECOND STREET",711.00,S,N,A,-,Y,MRN,,101," "," ",10.708,H,,R,Y,3,0,1,1,A,-,01,23152,G,N,E,8,A,A,H,-,D,D,0,,,,,Y,Y,A,01,0,1,0,0,0,0,0,0,0,"- ","- ",37.968788146972656,-122.52046966552734,MARIN,"SAN RAFAEL",-122.52058410644531,37.968692779541016
92169008,2023,2023-09-13,9350,2023-09-05,1240,017729,,2,1,3,2105,0,1,2,,2,050,"US-101 N/B","SR-131 OVERCROSSING",100.00,N,N,A,-,Y,MRN,,101," "," ",5.710,H,,R,N,4,0,3,2,A,-,03,22350,,N,C,C,A,A,H,-,A,D,0,,,,,Y,,A,01,0,0,3,0,0,0,0,0,0,"- ","- ",37.902980804443359,-122.5155029296875,MARIN,"MILL VALLEY",-122.51558685302734,37.902980804443359
92169064,2023,2023-09-13,9350,2023-09-05,1400,022917,,2,2,5,2109,0,2,4,,2,025,"N. SAN PEDRO RD","GARDEN AVE",0.00,,Y,A,-,N,,,,,,,,,,Y,4,0,1,2,A,-,09,21801,A,N,D,C,A,A,H,-,A,D,0,,,,,Y,,A,01,0,0,1,0,0,0,0,0,0,"- ","- ",37.997230529785156,-122.52770233154297,MARIN,"SAN RAFAEL",-122.52771759033203,37.997215270996094
92169226,2023,2023-09-13,9350,2023-09-05,"755 ",017691,,2,1,4,2106,0,1,3,,2,037,"S.R. 37 W/B","NOVATO CREEK",100.00,W,N,A,-,Y,MRN,,37," "," ",12.065,H,,L,Y,3,0,2,4,A,-,03,22350,,N,C,2,A,A,H,-,A,D,0,,,,Y,Y,,G,26,0,2,0,0,0,0,0,0,0,"- ","- ",38.087879180908203,-122.53421783447266,MARIN,NOVATO,-122.53420257568359,38.087867736816406
92170235,2023,2023-10-05,9350,2023-09-01,2155,021739,,5,2,9,2100,0,2,4,,2,024,"SIR FRANCIS DRAKE BLVD","LA CUESTA DR",792.00,W,N,A,-,N,,,,,,,,,,Y,3,0,2,3,A,-,08,22107,,N,D,C,A,A,H,-,C,D,0,,,,,Y,Y,A,07,0,1,1,0,0,0,0,0,0,"- ","- ",37.946529388427734,-122.52294158935547,MARIN,UNINCORPORATED,-122.52776336669922,37.948585510253906
92170282,2023,2023-09-14,9350,2023-09-07,"932 ",016034,,4,1,5,2109,0,1,1,,1,015,"I-580 W/B","MAIN STREET UNDERCROSSING",395.00,W,N,B,-,Y,MRN,,580," "," ",2.794,H,,L,Y,4,0,1,2,A,-,08,22107,,N,F,0,A,A,H,-,A,D,0,,,Y,,Y,,C,02,0,0,1,0,0,0,0,0,1,"- ","- ",37.944248199462891,-122.48152160644531,MARIN,"SAN RAFAEL",-122.48161315917969,37.944141387939453
92170911,2023,2023-09-15,9350,2023-09-08,1459,021391,,5,2,4,2106,0,1,2,,2,070,"US 101 S/B","ENFRENTE DRIVE",700.00,N,N,A,-,Y,MRN,,101," "," ",18.329,H,,L,N,4,0,1,2,A,-,07,21658,A,N,B,C,A,A,H,-,A,D,0,,,,,Y,,A,07,0,0,1,0,0,0,0,0,0,"- ","- ",38.070510864257812,-122.53945922851562,MARIN,NOVATO,-122.53941345214844,38.070526123046875
92171784,2023,2023-09-18,9350,2023-09-10,"908 ",021740,,7,1,9,2100,0,1,3,,2,022,SR-1,"PANORAMIC HWY",2100.00,N,N,E,-,Y,MRN,,1," "," ",3.863,H,,R,Y,3,0,2,2,A,-,08,22107,,N,B,C,A,A,H,-,A,D,0,,,,,Y,,A,07,0,2,0,0,0,0,0,0,0,"- ","- ",37.878368377685547,-122.55542755126953,MARIN,UNINCORPORATED,-122.55545043945312,37.878379821777344
92171817,2023,2023-09-18,9350,2023-09-12,2219,021488,,2,3,4,2106,0,1,2,,1,080,"US-101 S/B","DE LONG AVENUE OVERCROSSING",375.00,S,N,A,-,Y,MRN,,101," ",R,21.031,H,,L,Y,3,0,1,1,A,-,01,23152,A,N,E,I,A,A,H,-,C,D,0,,,,,Y,Y,A,07,0,1,0,0,0,0,0,0,0,"- ","- ",38.103950500488281,-122.56198120117188,MARIN,NOVATO,-122.56203460693359,38.103939056396484
9217189,2021,2021-03-13,2109,2021-01-18,1455,657,26,1,5,5,2109,0,0,0,,0,,"5TH AV","HETHERTON ST",51.00,W,N,A,-,N,,,,,,,,,,N,3,0,1,3,A,-,03,22350,,N,C,C,A,A,H,-,A,A,0,,,,,Y,,D,,0,1,0,0,0,0,0,0,0,"- ","- ",37.972980499267578,-122.52047729492188,MARIN,"SAN RAFAEL",-122.52191162109375,37.973171234130859
92173251,2023,2023-09-19,9350,2023-09-12,2220,021686,,2,3,4,2106,0,1,2,,1,080,"US-101 SOUTHBOUND","DE LONG AVENUE",450.00,S,N,A,-,Y,MRN,,101," ",R,21.016,H,,L,Y,3,0,2,2,C,-,18,,,N,D,C,A,A,H,-,C,D,0,,,,,Y,Y,-,"- ",0,1,1,0,0,0,0,0,0,"- ","- ",38.103721618652344,-122.56199645996094,MARIN,NOVATO,-122.56198120117188,38.103725433349609
92173256,2023,2023-09-19,9350,2023-09-08,1816,022468,,5,2,9,2100,0,2,4,,1,044,"SIR FRANCIS DRAKE BLVD","MONTEZUMA AVENUE",0.00,,Y,A,-,N,,,,,,,,,,N,2,0,1,2,A,-,08,22100,B,N,A,G,A,A,H,-,A,D,0,,Y,,,Y,,A,07,1,0,0,0,0,0,1,0,0,"- ","- ",38.015251159667969,-122.68887329101562,MARIN,UNINCORPORATED,-122.68890380859375,38.015281677246094
92174607,2023,2023-09-20,9360,2023-09-07,"900 ",019083,,4,1,9,2100,0,3,5,,2,007,"DILLON BEACH RD","VALLEY FORD FRANKLIN SCHOOL RD",1400.00,E,N,E,-,N,,,,,,,,,,Y,2,0,1,1,A,-,03,22350,,N,F,A,A,B,H,-,A,D,0,,,Y,,Y,,C,02,1,0,0,0,0,0,0,0,1,"- ","- ",38.244880676269531,-122.94265747070312,MARIN,UNINCORPORATED,-122.94273376464844,38.248680114746094
92175287,2023,2023-09-20,9350,2023-09-06,1246,013918,,3,1,9,2100,0,3,5,,2,004,ALMONTE,"MILLER AVE",70.00,S,N,A,-,N,,,,,,,,,,N,3,0,1,3,A,-,08,22107,,N,D,C,A,A,H,-,A,D,0,,,Y,,Y,,-,"- ",0,1,0,0,0,0,0,0,1,"- ","- ",37.886821746826172,-122.52438354492188,MARIN,UNINCORPORATED,-122.52500915527344,37.887294769287109
92178169,2023,2023-09-25,9350,2023-09-10,2318,023095,,7,3,5,2109,0,1,2,,2,070,"US-101 N/B","LUCAS VALLEY RD",0.00,N,N,A,-,Y,MRN,,101," "," ",14.712,H,,R,Y,3,0,3,5,A,-,07,21658,A,N,B,C,A,A,H,-,C,D,0,,,,,Y,Y,A,07,0,1,2,0,0,0,0,0,0,"- ","- ",38.021259307861328,-122.53907775878906,MARIN,"SAN RAFAEL",-122.53903961181641,38.021251678466797
92178366,2023,2023-09-25,9350,2023-09-08,"915 ",022574,,5,1,9,2100,0,3,5,,2,006,"VINEYARD RD","WOODSIDE CT",200.00,N,N,A,-,N,,,,,,,,,,N,4,0,1,2,A,-,03,22350,,N,G,B,E,A,D,-,A,D,0,Y,,,,Y,,A,01,0,0,1,0,1,0,0,0,0,"- ","- ",38.102088928222656,-122.63227081298828,MARIN,UNINCORPORATED,-122.63284301757812,38.102378845214844
92178676,2023,2023-09-25,9350,2023-09-04,1600,022556,,1,2,9,2100,0,1,2,,2,020,"US-101 SB","ALEXANDER AVE UNDERCROSSING",1442.00,S,N,A,-,Y,MRN,,101," "," ",0.030,H,,L,N,4,0,4,4,A,-,07,21658,A,N,B,2,A,A,H,-,A,D,0,,,,,Y,,A,01,0,0,4,0,0,0,0,0,0,"- ","- ",37.832698822021484,-122.48136901855469,MARIN,UNINCORPORATED,-122.48139190673828,37.832668304443359
92178732,2023,2023-09-25,9350,2023-09-14,1720,018465,,4,2,4,2106,0,1,3,,2,037,"STATE ROUTE 37 E/B","ATHERTON AVE",5280.00,E,N,A,-,Y,MRN,,37," "," ",13.357,H,,R,N,2,0,1,1,A,-,03,22350,,N,F,A,A,A,H,-,A,A,0,,,Y,,Y,,-,"- ",1,0,0,0,0,0,0,0,1,"- ","- ",38.100811004638672,-122.51706695556641,MARIN,NOVATO,-122.51708984375,38.100826263427734
92179809,2023,2023-09-26,9350,2023-09-15,1800,022411,,5,2,9,2100,0,1,2,,1,080,"US-101 N/B","SAN ANTONIO RD. O/C",5280.00,S,N,A,-,Y,MRN,,101," "," ",24.867,H,,R,Y,3,0,1,2,A,-,03,22350,,N,B,C,A,A,H,-,A,D,0,,,Y,,Y,,C,02,0,1,0,0,0,0,0,0,1,"- ","- ",38.156139373779297,-122.56842041015625,MARIN,UNINCORPORATED,-122.56838226318359,38.156147003173828
92180142,2023,2023-09-26,9350,2023-09-17,1335,022271,,7,1,9,2100,0,1,2,,1,080,"US-101 N/B","SAN ANTONIO RD",290.00,S,N,A,-,Y,MRN,,101," "," ",25.431,H,,R,Y,4,0,3,4,A,-,03,22350,,N,C,C,A,A,H,-,A,D,0,,,,,Y,,A,01,0,0,3,0,0,0,0,0,0,"- ","- ",38.162429809570312,-122.57451629638672,MARIN,UNINCORPORATED,-122.57438659667969,38.162540435791016
92180294,2023,2023-09-26,9350,2023-09-18,"645 ",022108,,1,1,9,2100,0,1,2,,1,080,"US-101 S/B","SAN ANTONIO RD",3168.00,N,N,A,-,Y,MRN,,101," "," ",26.105,H,,L,N,4,0,1,1,A,-,08,22107,,N,E,I,A,A,D,-,A,D,0,,,,,Y,,A,01,0,0,1,0,0,0,0,0,0,"- ","- ",38.168968200683594,-122.58348083496094,MARIN,UNINCORPORATED,-122.58355712890625,38.168891906738281
9218226,2021,2021-03-16,2109,2021-01-24,0921,565,28,7,5,5,2109,0,0,0,,0,004,"GOLD HILL GRADE","DEER PARK AV",172.00,E,N,A,-,N,,,,,,,,,,N,3,0,1,2,D,-,00,,,N,D,G,A,A,H,-,A,D,0,,Y,,,Y,,-,"- ",0,1,0,0,0,0,1,0,0,"- ","- ",37.982410430908203,-122.50782775878906,MARIN,"SAN RAFAEL",-122.50729370117188,37.982471466064453
9218227,2021,2021-03-16,2109,2021-01-25,1719,448,29,1,5,5,2109,0,0,0,,0,004,"3RD ST","MARY ST",90.00,W,N,A,-,N,,,,,,,,,,N,4,0,1,2,A,-,08,22107,,N,B,G,A,A,H,-,B,D,0,,Y,,,Y,,A,01,0,0,1,0,0,0,1,0,0,"- ","- ",37.970809936523438,-122.51767730712891,MARIN,"SAN RAFAEL",-122.51799774169922,37.970867156982422
92184947,2023,2023-10-02,9350,2023-09-04,1215,022917,,1,1,9,2100,0,3,5,,2,004,"SIR FRANCIS DRAKE BLVD","LOWER PETERS DAM RD",220.00,W,N,A,-,N,,,,,,,,,,N,3,0,1,2,A,-,06,21760,B,F,B,G,A,A,H,-,A,D,0,,Y,,,Y,,-,99,0,1,0,0,0,0,1,0,0,"- ","- ",38.004589080810547,-122.70932769775391,MARIN,UNINCORPORATED,,
92184956,2023,2023-10-02,9350,2023-09-17,1955,022411,,7,2,9,2100,0,1,2,,2,040,"US-101 N/B","SR-131 OVERCROSSING",581.00,S,N,A,-,Y,MRN,,101," "," ",5.563,H,,R,Y,4,0,1,1,A,-,01,23152,A,N,E,8,A,A,H,-,D,D,0,,,,,Y,Y,A,01,0,0,1,0,0,0,0,0,0,"- ","- ",37.900848388671875,-122.51569366455078,MARIN,UNINCORPORATED,-122.51575469970703,37.900852203369141
92186863,2023,2023-10-02,9350,2023-09-19,"620 ",021740,,2,1,9,2100,0,2,4,,1,014,"PANORAMIC HWY","MUIR WOODS RD",200.00,S,N,A,-,N,,,,,,,,,,Y,3,0,2,2,D,-,00,,,N,A,C,A,A,H,-,B,D,0,,,,,Y,,-,"- ",0,1,1,0,0,0,0,0,0,"- ","- ",37.892650604248047,-122.55657196044922,MARIN,UNINCORPORATED,-122.55685424804688,37.893104553222656
92187156,2023,2023-10-02,9350,2023-09-21,2210,023086,,4,3,5,2109,0,1,1,,1,015,"I-580 E/B","MAIN ST",3432.00,E,N,A,-,Y,MRN,,580," "," ",1.989,H,,R,Y,4,0,1,2,A,-,03,22350,,N,C,C,A,A,H,-,C,D,0,,,,,Y,Y,A,01,0,0,1,0,0,0,0,0,0,"- ","- ",37.940830230712891,-122.4691162109375,MARIN,"SAN RAFAEL",-122.46904754638672,37.940998077392578
92187163,2023,2023-10-02,9350,2023-09-16,1017,022532,,6,1,4,2106,0,1,2,,1,080,"US-101 N/B","ROWLAND BLVD",2785.00,S,N,A,-,Y,MRN,,101," "," ",19.650,H,,R,Y,3,0,2,4,A,-,08,22107,,N,B,C,A,A,H,-,A,D,0,,,,,Y,,A,01,0,2,0,0,0,0,0,0,0,"- ","- ",38.086311340332031,-122.55278778076172,MARIN,NOVATO,-122.552734375,38.086345672607422
92187169,2023,2023-10-02,9350,2023-09-17,1423,022271,,7,2,9,2100,0,1,2,,1,080,"US-101 S/B","SAN ANTONIO RD",3500.00,S,N,A,-,Y,MRN,,101," "," ",24.817,H,,L,Y,4,0,2,2,A,-,07,21658,A,M,B,C,A,A,H,-,A,D,0,,,,,Y,,-,99,0,0,2,0,0,0,0,0,0,"- ","- ",38.155239105224609,-122.56841278076172,MARIN,UNINCORPORATED,-122.56836700439453,38.155250549316406
92187176,2023,2023-10-02,9350,2023-09-22,1405,022271,,5,2,9,2100,0,1,2,,2,070,"US-101 S/B","38.062126, -122.533835",1780.00,S,N,A,-,Y,MRN,,101," "," ",17.663,H,,L,Y,4,0,1,1,C,-,18,,,N,E,H,A,A,H,-,A,D,0,,,,,Y,,-,"- ",0,0,1,0,0,0,0,0,0,"- ","- ",38.062129974365234,-122.53383636474609,MARIN,UNINCORPORATED,-122.53388214111328,38.062103271484375
92187723,2023,2023-10-02,9350,2023-09-22,1623,023471,,5,2,4,2106,0,1,2,,1,080,"US-101 NORTHBOUND","SAN ANTONIO RD",3232.00,S,N,A,-,Y,MRN,,101," "," ",24.850,H,,R,N,3,0,1,3,A,-,03,22350,,N,C,C,A,A,H,-,A,D,0,,,,,Y,,D,22,0,1,0,0,0,0,0,0,0,"- ","- ",38.155910491943359,-122.56832885742188,MARIN,NOVATO,-122.56830596923828,38.155914306640625
92189980,2023,2023-10-04,9350,2023-10-01,1115,022108,,7,1,9,2100,0,2,4,,2,025,"NORTH SAN PEDRO RD","ROOSEVELT AVE",400.00,E,N,A,-,N,,,,,,,,,,Y,4,0,2,2,A,-,03,22350,,N,C,C,A,A,H,-,A,D,0,,,,,Y,,A,01,0,0,2,0,0,0,0,0,0,"- ","- ",38.000251770019531,-122.52404022216797,MARIN,UNINCORPORATED,-122.5240478515625,38.000198364257812
92190362,2023,2023-10-04,9350,2023-09-23,1700,022271,,6,2,3,2105,0,3,5,,2,002,"MARIN AVENUE","POPLAR ST",15.00,S,N,A,-,N,,,,,,,,,,N,4,0,1,2,A,-,08,22107,,N,B,E,A,A,H,-,A,D,0,,,,,Y,,A,01,0,0,1,0,0,0,0,0,0,"- ","- ",37.877838134765625,-122.53428649902344,MARIN,"MILL VALLEY",-122.53433990478516,37.877853393554688
92193777,2023,2023-10-09,9350,2023-07-28,1550,022271,,5,2,9,2100,0,1,2,,2,040,"US-101 N/B TO REDWOOD HIGHWAY FRONTAGE","SEMINARY DR PEDESTRIAN OVERCROSING",595.00,S,N,A,-,Y,MRN,,101," "," ",4.643,H,,R,N,4,0,1,2,A,-,03,22350,,M,C,C,A,A,H,-,A,D,0,,,,,Y,,D,22,0,0,1,0,0,0,0,0,0,"- ","- ",37.887538909912109,-122.51647186279297,MARIN,UNINCORPORATED,-122.51663208007812,37.887538909912109
92195552,2023,2023-10-10,9350,2023-10-01,1940,022411,,7,2,9,2100,0,2,4,,2,024,"SIR FRANCIS DRAKE BLVD","TOUSSIN AVE",40.00,W,N,A,-,N,,,,,,,,,,N,2,0,1,2,A,-,09,21804,A,N,D,G,A,A,H,-,C,D,0,,,Y,,Y,,A,01,1,0,0,0,0,0,0,0,1,"- ","- ",37.958499908447266,-122.55145263671875,MARIN,UNINCORPORATED,-122.5513916015625,37.958503723144531
92195638,2023,2023-10-10,9350,2023-09-23,1110,022514,,6,1,9,2100,0,1,2,,1,120,"US-101 SB WEST PEDESTRIAN WALKWAY","CONZELMAN ROAD",597.00,S,N,A,-,Y,,,,,,,,,,N,3,0,1,2,A,-,06,21750,,N,B,G,A,A,H,-,A,D,0,,Y,,,Y,,L,04,0,1,0,0,0,0,1,0,0,"- ","- ",37.828659057617188,-122.47972869873047,MARIN,UNINCORPORATED,-122.47989654541016,37.828643798828125