CASE_ID,ACCIDENT_YEAR,PROC_DATE,JURIS,COLLISION_DATE,COLLISION_TIME,OFFICER_ID,REPORTING_DISTRICT,DAY_OF_WEEK,CHP_SHIFT,POPULATION,CNTY_CITY_LOC,SPECIAL_COND,BEAT_TYPE,CHP_BEAT_TYPE,CITY_DIVISION_LAPD,CHP_BEAT_CLASS,BEAT_NUMBER,PRIMARY_RD,SECONDARY_RD,DISTANCE,DIRECTION,INTERSECTION,WEATHER_1,WEATHER_2,STATE_HWY_IND,CALTRANS_COUNTY,CALTRANS_DISTRICT,STATE_ROUTE,ROUTE_SUFFIX,POSTMILE_PREFIX,POSTMILE,LOCATION_TYPE,RAMP_INTERSECTION,SIDE_OF_HWY,TOW_AWAY,COLLISION_SEVERITY,NUMBER_KILLED,NUMBER_INJURED,PARTY_COUNT,PRIMARY_COLL_FACTOR,PCF_CODE_OF_VIOL,PCF_VIOL_CATEGORY,PCF_VIOLATION,PCF_VIOL_SUBSECTION,HIT_AND_RUN,TYPE_OF_COLLISION,MVIW,PED_ACTION,ROAD_SURFACE,ROAD_COND_1,ROAD_COND_2,LIGHTING,CONTROL_DEVICE,CHP_ROAD_TYPE,PEDESTRIAN_ACCIDENT,BICYCLE_ACCIDENT,MOTORCYCLE_ACCIDENT,TRUCK_ACCIDENT,NOT_PRIVATE_PROPERTY,ALCOHOL_INVOLVED,STWD_VEHTYPE_AT_FAULT,CHP_VEHTYPE_AT_FAULT,COUNT_SEVERE_INJ,COUNT_VISIBLE_INJ,COUNT_COMPLAINT_PAIN,COUNT_PED_KILLED,COUNT_PED_INJURED,COUNT_BICYCLIST_KILLED,COUNT_BICYCLIST_INJURED,COUNT_MC_KILLED,COUNT_MC_INJURED,PRIMARY_RAMP,SECONDARY_RAMP,LATITUDE,LONGITUDE,COUNTY,CITY,POINT_X,POINT_Y
9237033,2020,2021-04-12,2102,2020-12-05,1512,117,2,6,5,2,2102,0,0,0,,0,001,"REDWOOD HWY","VILLAGE CORTE MADEERA",116.00,W,N,B,-,N,,,,,,,,,,N,3,0,1,1,A,-,03,22350,A,N,E,I,A,A,H,-,A,D,0,,Y,,,Y,,L,04,0,1,0,0,0,0,1,0,0,"- ","- ",37.935768127441406,-122.51569366455078,MARIN,"CORTE MADERA",,
9237034,2020,2021-04-26,2104,2020-12-26,1345,103,1D,6,5,3,2104,0,0,0,,0,002,"REDWOOD HWY","RT 101",0.00,,Y,A,-,Y,MRN,4,101,-,-,8.202,R,4,N,N,3,0,2,2,A,-,09,21802,A,N,D,C,A,A,H,-,A,A,0,,,,,Y,,A,01,0,1,1,0,0,0,0,0,0,"- ",NF,37.938529968261719,-122.51544952392578,MARIN,LARKSPUR,-122.51651763916016,37.938011169433594
92372743,2024,2024-04-23,9350,2024-04-13,"700 ",023716,,6,1,2,2110,0,1,2,,1,030,"US-101 N/B TO RODEO AVE","WOLFBACK RIDGE",4541.00,N,N,C,-,Y,,,,,,,,,,Y,4,0,1,1,A,-,03,22350,,N,E,J,A,B,H,-,E,D,0,,,,,Y,,A,07,0,0,1,0,0,0,0,0,0,"- ","- ",37.8603515625,-122.50103759765625,MARIN,SAUSALITO,-122.50095367431641,37.859767913818359
92372901,2024,2024-04-23,9350,2024-04-14,2025,023793,,7,2,3,2104,0,1,2,,2,050,"US-101 N/B TO REDWOOD HIGHWAY FRONTAGE ROAD","WORNUM DR",925.00,N,N,A,-,Y,MRN,,101," "," ",8.214,H,,R,Y,4,0,1,1,A,-,08,22107,,N,E,J,A,A,H,-,C,D,0,,,,,Y,,A,01,0,0,1,0,0,0,0,0,0,"- ","- ",37.938079833984375,-122.51628875732422,MARIN,LARKSPUR,-122.51649475097656,37.938114166259766
92373858,2024,2024-04-24,9350,2024-04-02,"753 ",023802,,2,1,5,2109,0,1,1,,1,015,"I-580 W/B","RICHMOND SAN RAFAEL BRIDGE TOLL PLAZA",14309.00,W,N,A,-,Y,MRN,,580," "," ",1.039,H,,L,N,3,0,1,2,A,-,03,22350,,M,C,C,A,A,H,-,A,D,0,,,,,Y,,A,01,0,1,0,0,0,0,0,0,0,"- ","- ",37.936130523681641,-122.45272827148438,MARIN,"SAN RAFAEL",-122.45276641845703,37.936038970947266
92374271,2024,2024-04-24,9350,2024-04-17,1930,022411,,3,2,5,2109,0,1,2,,1,060,"US-101 N/B","SECOND ST",1645.00,S,N,A,-,Y,MRN,,101," "," ",10.534,H,,R,N,4,0,1,3,A,-,07,21658,A,N,B,C,A,A,H,-,B,D,0,,,,,Y,,A,07,0,0,1,0,0,0,0,0,0,"- ","- ",37.967159271240234,-122.51814270019531,MARIN,"SAN RAFAEL",-122.51805877685547,37.967266082763672
92375461,2024,2024-04-26,9350,2024-04-15,2042,023700,,1,2,9,2100,0,2,4,,1,044,"SIR FRANCIS DRAKE BLVD","SAMUEL P. TAYLOR PARK ENTRANCE",230.00,E,N,A,-,N,,,,,,,,,,N,3,0,1,1,A,-,01,23152,A,N,E,I,A,A,H,-,D,D,0,,,,,Y,Y,A,01,0,1,0,0,0,0,0,0,0,"- ","- ",38.020111083984375,-122.72888946533203,MARIN,UNINCORPORATED,,
92375839,2024,2024-04-26,9350,2024-04-09,1825,023669,,2,2,9,2100,0,2,4,,1,014,"PANORAMIC HWY","EDGEWOOD AVE",3725.00,W,N,A,-,Y,,,,,,,,,,Y,3,0,1,1,A,-,08,22107,,N,E,I,A,A,H,-,A,D,0,,,,,Y,,A,07,0,1,0,0,0,0,0,0,0,"- ","- ",37.914119720458984,-122.58470916748047,MARIN,UNINCORPORATED,-122.58446502685547,37.914573669433594
92375893,2024,2024-04-26,9350,2024-04-18,1720,023793,,4,2,5,2109,0,1,2,,1,060,"US-101 S/B TO HETHERTON AVENUE","MISSION AVE",312.00,N,N,A,-,Y,MRN,,101," "," ",11.208,H,,L,Y,3,0,1,2,A,-,03,22350,,N,C,C,A,A,H,-,A,D,0,,,,,Y,,A,01,0,1,0,0,0,0,0,0,0,"- ","- ",37.975429534912109,-122.52111053466797,MARIN,"SAN RAFAEL",-122.52089691162109,37.97540283203125
92376076,2024,2024-04-26,9350,2024-04-08,1840,023669,,1,2,9,2100,0,2,4,,1,016,"LUCAS VALLEY ROAD","LOMA ALTA FIRE ROAD",2370.00,E,N,A,-,N,,,,,,,,,,Y,4,0,1,1,A,-,08,22107,,N,F,J,A,A,H,-,A,D,0,,,,,Y,,A,07,0,0,1,0,0,0,0,0,0,"- ","- ",38.044189453125,-122.61702728271484,MARIN,UNINCORPORATED,,
92376198,2024,2024-04-26,9350,2024-04-18,1700,023793,,4,2,9,2100,0,3,5,,2,003,"THOMAS DR","CENTRAL CT",65.00,E,N,A,-,N,,,,,,,,,,N,3,0,1,1,B,-,22,,,N,F,A,A,A,H,-,A,D,0,,Y,,,Y,,-,"- ",0,1,0,0,0,0,1,0,0,"- ","- ",37.905910491943359,-122.51329803466797,MARIN,UNINCORPORATED,-122.51325225830078,37.905857086181641
92376236,2024,2024-04-26,9350,2024-04-19,1530,022271,,5,2,9,2100,0,1,2,,2,040,"US-101 NORTHBOUND","TIBURON BLVD",600.00,S,N,A,-,Y,MRN,,101," "," ",5.574,H,,R,N,4,0,1,2,A,-,03,22350,,M,C,C,A,A,H,-,A,D,0,,,,,Y,,-,99,0,0,1,0,0,0,0,0,0,"- ","- ",37.901020050048828,-122.51582336425781,MARIN,UNINCORPORATED,-122.5157470703125,37.901016235351562
92376263,2024,2024-04-26,9350,2024-04-13,2040,023716,,6,2,9,2100,0,1,2,,2,040,"US-101 N/B","NORTH BRIDGE BLVD",1531.00,N,N,C,-,Y,MRN,,101," "," ",3.647,H,,R,Y,3,0,2,2,A,-,03,22350,,N,C,C,A,B,H,-,D,D,0,,,,,Y,,A,07,0,1,1,0,0,0,0,0,0,"- ","- ",37.875431060791016,-122.50975036621094,MARIN,UNINCORPORATED,-122.50981903076172,37.875377655029297
92378175,2024,2024-04-30,9350,2024-04-17,"630 ",023802,,3,1,9,2100,0,3,5,,2,002,"US-101 S/B TO DONAHUE ST","DONAHUE ST",0.00,,Y,A,-,N,,,,,,,,,,Y,4,0,1,2,A,-,08,22107,,N,B,C,A,A,H,-,A,A,0,,,,Y,Y,,-,"- ",0,0,1,0,0,0,0,0,0,"- ","- ",37.871620178222656,-122.50845336914062,MARIN,UNINCORPORATED,,
9237818,2021,2021-04-15,2106,2021-02-22,1550,421,N410,1,5,4,2106,0,0,0,,0,NP4,"SOUTH NOVATO BL","ROWLAND BL",568.00,S,N,A,-,N,,,,,,,,,,,4,0,1,2,A,-,03,22350,,N,C,C,A,A,H,-,A,A,0,,,,,Y,,D,22,0,0,1,0,0,0,0,0,0,"- ","- ",38.088031768798828,-122.56508636474609,MARIN,NOVATO,-122.56381225585938,38.086799621582031
92378209,2024,2024-04-30,9350,2024-04-19,1650,023069,,5,2,9,2100,0,3,5,,2,006,"NICASIO VALLEY RD","POINT REYES PETALUMA RD",165.00,E,N,A,-,N,,,,,,,,,,N,3,0,1,1,A,-,04,21703,,N,F,A,A,A,H,-,A,D,0,,,Y,,Y,,C,02,0,1,0,0,0,0,0,0,1,"- ","- ",38.09674072265625,-122.73325347900391,MARIN,UNINCORPORATED,-122.73329162597656,38.096839904785156
92378217,2024,2024-04-30,9350,2024-04-17,1800,023669,,3,2,9,2100,0,1,3,,1,012,SR-1,"ERICA ROAD",1340.00,N,N,A,-,Y,MRN,,1," "," ",3.150,H,,R,Y,3,0,2,2,A,-,05,21650,,N,A,C,A,A,H,-,A,D,0,,,,,Y,,A,01,0,2,0,0,0,0,0,0,0,"- ","- ",37.885879516601562,-122.55165863037109,MARIN,UNINCORPORATED,-122.55166625976562,37.885883331298828
92378424,2024,2024-04-30,9350,2024-04-21,1440,023793,,7,2,9,2100,0,1,2,,1,080,"US-101 S/B","SAN ANTONIO RD",4160.00,N,N,A,-,Y,MRN,,101," "," ",26.283,H,,L,Y,4,0,3,4,A,-,03,22350,,N,C,C,A,A,H,-,A,D,0,,,,,Y,,A,01,0,0,3,0,0,0,0,0,0,"- ","- ",38.170528411865234,-122.58603668212891,MARIN,UNINCORPORATED,-122.58606719970703,38.170509338378906
9237843,2021,2021-04-12,2109,2021-02-21,0043,659,39,7,5,5,2109,0,0,0,,0,003,"WOODLAND AV","DU BOIS ST",234.00,S,N,A,-,N,,,,,,,,,,N,2,0,1,1,A,-,01,23153,F,F,E,I,A,A,H,-,C,D,0,,,,,Y,Y,A,71,1,0,0,0,0,0,0,0,0,"- ","- ",37.962818145751953,-122.51695251464844,MARIN,"SAN RAFAEL",-122.51660919189453,37.962696075439453
9237847,2021,2021-04-07,2109,2021-03-07,1314,649,38,7,5,5,2109,0,0,0,,0,002,"WOODLAND AV","LOVELL AV",400.00,E,N,A,-,N,,,,,,,,,,Y,2,0,1,1,A,-,03,22350,,N,E,I,A,A,H,-,A,D,0,,,,,Y,,D,22,1,0,0,0,0,0,0,0,0,"- ","- ",37.963241577148438,-122.52208709716797,MARIN,"SAN RAFAEL",-122.52295684814453,37.963752746582031
92378535,2024,2024-04-30,9350,2024-04-21,1725,020979,,7,2,9,2100,0,1,2,,2,031,"US-101 N/B TO GGB VISTA POINT","ALEXANDER AVE",1290.00,S,N,A,-,Y,,,,,,,,,,Y,2,0,1,1,A,-,03,22350,,N,E,I,A,A,H,-,A,D,0,,,Y,,Y,,C,02,1,0,0,0,0,0,0,0,1,"- ","- ",37.833278656005859,-122.48136138916016,MARIN,UNINCORPORATED,-122.48459625244141,37.835601806640625
92378565,2024,2024-04-30,9350,2024-04-22,"205 ",023095,,1,3,9,2100,0,1,1,,1,015,"I-580 E/B","MAIN ST",10560.00,E,N,A,-,Y,MRN,,580," "," ",0.637,H,,R,Y,4,0,1,2,A,-,03,22350,,N,C,C,A,A,H,-,C,A,0,,,,,Y,,E,22,0,0,1,0,0,0,0,0,0,"- ","- ",37.935161590576172,-122.44548034667969,MARIN,UNINCORPORATED,-122.44548034667969,37.935150146484375
92380199,2024,2024-05-02,9350,2024-04-24,1315,022468,,3,1,9,2100,0,3,5,,2,003,"ALEXANDER AVE","BUNKER RD",0.00,,Y,A,-,N,,,,,,,,,,Y,4,0,1,2,A,-,09,21802,A,N,A,C,A,A,H,-,A,A,0,,,,,Y,,A,01,0,0,1,0,0,0,0,0,0,"- ","- ",37.837890625,-122.48307037353516,MARIN,UNINCORPORATED,-122.48301696777344,37.837863922119141
92381271,2024,2024-05-03,9350,2024-04-30,1239,016034,,2,1,9,2100,0,1,1,,1,015,"I-580 W/B","MAIN STREET UNDERCROSSING",2112.00,E,N,A,-,Y,MRN,,580," "," ",2.229,H,,L,Y,3,0,1,2,A,-,03,22350,,N,C,C,A,A,H,-,A,D,0,,,,,Y,,A,01,0,1,0,0,0,0,0,0,0,"- ","- ",37.941860198974609,-122.47332763671875,MARIN,UNINCORPORATED,-122.47338104248047,37.941707611083984
92381366,2024,2024-05-03,9350,2024-05-01,1650,022411,,3,2,9,2100,0,3,5,,2,003,"REED BLVD","INEZ PL",260.00,E,N,A,-,N,,,,,,,,,,Y,4,0,1,2,A,-,08,22107,,N,C,E,A,A,H,-,A,D,0,,,,,Y,,A,01,0,0,1,0,0,0,0,0,0,"- ","- ",37.897548675537109,-122.50820922851562,MARIN,UNINCORPORATED,-122.50827789306641,37.897552490234375
9238231,2021,2021-03-26,2106,2021-02-22,1229,457,N204,1,5,4,2106,0,0,0,,0,NP2,"BAHIA DR","CERRO CREST DR",1474.00,W,N,A,-,N,,,,,,,,,,Y,4,0,1,1,A,-,08,22107,,N,E,I,A,A,H,-,A,D,0,,,,,Y,,A,01,0,0,1,0,0,0,0,0,0,"- ","- ",38.122650146484375,-122.53254699707031,MARIN,NOVATO,-122.53763580322266,38.123153686523438
9238232,2021,2021-03-26,2106,2021-02-16,1340,421,N429,2,5,4,2106,0,0,0,,0,NP4,"INDUSTRIAL WY","1ST ST",211.00,W,N,A,-,N,,,,,,,,,,N,4,0,1,2,A,-,10,21950,A,N,G,B,E,A,H,-,A,A,0,Y,,,,Y,,A,01,0,0,1,0,1,0,0,0,0,"- ","- ",38.107200622558594,-122.57122039794922,MARIN,NOVATO,-122.57205963134766,38.107379913330078
9238249,2021,2021-04-06,2106,2021-03-03,1243,467,N114,3,5,4,2106,0,0,0,,0,NP1,"SAN MARIN DR","NOVATO BL",60.00,N,N,A,-,N,,,,,,,,,,N,4,0,1,2,A,-,03,22350,,N,C,C,A,A,H,-,A,D,0,,,,,Y,,A,01,0,0,1,0,0,0,0,0,0,"- ","- ",38.117908477783203,-122.60971832275391,MARIN,NOVATO,-122.60961151123047,38.118015289306641
9238250,2021,2021-04-06,2106,2021-03-03,2011,450,N210,3,5,4,2106,0,0,0,,0,NP2,"ROWLAND BL","VINTAGE WY",23.00,W,N,A,-,N,,,,,,,,,,Y,2,0,2,1,A,-,01,23152,F,F,E,I,A,A,H,-,C,A,0,,,,,Y,,A,01,1,0,1,0,0,0,0,0,0,"- ","- ",38.086788177490234,-122.54927825927734,MARIN,NOVATO,-122.55520629882812,38.093620300292969
92383505,2024,2024-05-07,9350,2024-04-24,1700,023551,,3,2,9,2100,0,1,2,,1,030,"US-101 N/B","DONAHUE ST",1320.00,S,N,B,-,Y,MRN,,101," "," ",3.196,H,,R,Y,4,0,1,2,A,-,03,22350,,N,C,C,A,A,H,-,A,D,0,,,,,Y,,A,07,0,0,1,0,0,0,0,0,0,"- ","- ",37.869308471679688,-122.50714111328125,MARIN,UNINCORPORATED,-122.50709533691406,37.869308471679688
92383559,2024,2024-05-07,9350,2024-04-22,1245,022468,,1,1,9,2100,0,2,4,,2,024,"SIR FRANCIS DRAKE BLVD","ALTAMIRA AVE",52.00,E,N,A,-,Y,,,,,,,,,,Y,4,0,1,3,A,-,03,22350,,N,C,C,A,A,H,-,A,D,0,,,,,Y,,A,07,0,0,1,0,0,0,0,0,0,"- ","- ",37.957740783691406,-122.55040740966797,MARIN,UNINCORPORATED,-122.55039978027344,37.957771301269531
9238379,2021,2021-04-09,2109,2021-01-13,0130,613,29,3,5,5,2109,0,0,0,,0,004,"MISSION AV","GRAND AV",233.00,E,N,A,-,N,,,,,,,,,,N,4,0,1,2,A,-,08,22107,,M,C,E,A,A,H,-,C,D,0,,,,,Y,,A,01,0,0,1,0,0,0,0,0,0,"- ","- ",37.973171234130859,-122.5177001953125,MARIN,"SAN RAFAEL",-122.51779937744141,37.973201751708984
92384170,2024,2024-05-07,9350,2024-03-24,"742 ",022020,,7,1,4,2106,0,1,2,,2,070,"US-101 S/B","NAVE DRIVE OVERCROSSING",794.00,S,N,B,-,Y,MRN,,101," "," ",16.477,H,,L,Y,1,1,0,1,A,-,03,22350,,N,E,8,A,B,H,-,A,D,0,,,,,Y,,A,01,0,0,0,0,0,0,0,0,0,"- ","- ",38.046039581298828,-122.53394317626953,MARIN,NOVATO,-122.53384399414062,38.046001434326172
9238473,2021,2021-04-07,2109,2021-03-11,1900,642,15,4,5,5,2109,0,0,0,,0,002,"MISSION AV","LINCOLN AV",123.00,E,N,A,-,N,,,,,,,,,,Y,4,0,1,3,A,-,01,23152,,N,C,C,A,A,H,-,C,A,0,,,,,Y,Y,A,01,0,0,1,0,0,0,0,0,0,"- ","- ",37.974460601806641,-122.52306365966797,MARIN,"SAN RAFAEL",-122.52299499511719,37.974227905273438
92384781,2024,2024-05-08,9350,2024-04-30,1517,023669,,2,2,9,2100,0,2,4,,1,043,"REDWOOD HIGHWAY FRONTAGE ROAD","SEMINARY DR",153.00,S,N,A,-,Y,MRN,,101," "," ",4.884,H,,R,Y,3,0,1,2,A,-,08,22107,,N,A,C,A,A,H,-,A,D,0,,,,,Y,,A,01,0,1,0,0,0,0,0,0,0,"- ","- ",37.891021728515625,-122.51628875732422,MARIN,UNINCORPORATED,-122.51650238037109,37.891033172607422
92384993,2023,2024-05-08,9350,2023-12-08,1700,021099,,5,2,4,2106,0,1,2,,2,070,"US-101 SOUTHBOUND","NAVE DRIVE OVERCROSSING",2323.00,N,N,A,-,Y,MRN,,101," "," ",17.085,H,,L,Y,1,1,1,2,A,-,08,22107,,N,C,E,A,A,H,-,C,D,0,,,,,Y,,A,01,0,1,0,0,0,0,0,0,0,"- ","- ",38.054359436035156,-122.53095245361328,MARIN,NOVATO,-122.53084564208984,38.054351806640625
92385031,2024,2024-05-08,9350,2024-04-19,1000,023551,,5,1,9,2100,1,1,3,,1,012,SR-1,"ERICA RD",1320.00,N,N,B,-,Y,MRN,,1," "," ",2.740,H,,R,N,4,0,1,2,A,-,05,21460,A,N,B,C,A,A,H,-,A,D,0,,,,,Y,,H,17,0,0,1,0,0,0,0,0,0,"- ","- ",37.887779235839844,-122.54707336425781,MARIN,UNINCORPORATED,-122.54707336425781,37.887790679931641
9238581,2021,2021-04-20,2109,2021-03-10,2031,637,17,3,5,5,2109,0,0,0,,0,002,"2ND ST","TAMALPAIS AV",0.00,,Y,C,-,N,,,,,,,,,,N,4,0,1,2,A,-,17,21657,,M,D,C,A,B,H,-,C,A,0,,,,,Y,,A,01,0,0,1,0,0,0,0,0,0,"- ","- ",37.970680236816406,-122.52337646484375,MARIN,"SAN RAFAEL",-122.52340698242188,37.970668792724609
92386648,2024,2024-05-10,9350,2024-04-25,1645,023793,,4,2,9,2100,0,1,3,,1,012,"SR-1 S/B TO US-101 N/B","POHONO ST",348.00,S,N,A,-,Y,,,,,,,,,,Y,3,0,1,1,A,-,01,23152,A,N,E,I,A,A,H,-,A,D,0,,,,,Y,Y,A,07,0,1,0,0,0,0,0,0,0,"- ","- ",37.878780364990234,-122.51419067382812,MARIN,UNINCORPORATED,-122.51426696777344,37.878799438476562
92386652,2024,2024-05-10,9350,2024-04-21,1557,023716,,7,2,9,2100,0,2,4,,1,044,"SIR FRANCIS DRAKE BLVD",SR-1,51.00,E,N,A,-,N,,,,,,,,,,N,3,0,1,2,A,-,01,23152,G,N,C,C,A,A,H,-,A,A,0,,,,,Y,Y,D,22,0,1,0,0,0,0,0,0,0,"- ","- ",38.040611267089844,-122.78771209716797,MARIN,UNINCORPORATED,-122.80513763427734,38.064231872558594
92386654,2024,2024-05-10,9350,2024-04-16,1807,023716,,2,2,2,2102,0,1,2,,2,050,"US-101 N/B","GREENBRAE PEDESTRAIN O/C",1056.00,S,N,A,-,Y,MRN,,101," "," ",8.094,H,,R,N,3,0,1,6,A,-,07,21658,A,N,B,C,A,A,H,-,A,D,0,,,,,Y,,D,22,0,1,0,0,0,0,0,0,0,"- ","- ",37.936389923095703,-122.51667022705078,MARIN,"CORTE MADERA",-122.5167236328125,37.936389923095703
92386746,2024,2024-05-10,9350,2024-05-02,"900 ",017978,,4,1,4,2106,0,1,2,,2,070,"US-101 S/B","NAVE DRIVE OVERCROSSING",121.00,N,N,A,-,Y,MRN,,101," "," ",16.670,H,,L,N,4,0,1,2,A,-,03,22350,,M,C,C,A,A,H,-,A,D,0,,,,,Y,,-,99,0,0,1,0,0,0,0,0,0,"- ","- ",38.048488616943359,-122.53224945068359,MARIN,NOVATO,-122.53229522705078,38.048503875732422
92386761,2024,2024-05-10,9350,2024-05-02,1650,019150,,4,2,4,2106,0,1,2,,1,080,"US-101 S/B","ATHERTON AVE",4752.00,N,N,A,-,Y,MRN,,101," ",R,22.894,H,,L,N,4,0,1,2,A,-,03,22350,,M,C,C,A,A,D,-,A,D,0,,,,,Y,,A,07,0,0,1,0,0,0,0,0,0,"- ","- ",38.130611419677734,-122.56417846679688,MARIN,NOVATO,-122.56414031982422,38.130607604980469
92386821,2024,2024-05-10,9350,2024-05-01,1252,017729,,3,1,9,2100,0,2,4,,1,043,"REDWOOD HIGHWAY FRONTAGE","REED BOULEVARD",135.00,S,N,A,-,N,,,,,,,,,,Y,4,0,1,4,C,-,18,,,N,E,E,A,A,H,-,A,D,0,,,,,Y,,-,"- ",0,0,1,0,0,0,0,0,0,"- ","- ",37.900848388671875,-122.51532745361328,MARIN,UNINCORPORATED,-122.51530456542969,37.900981903076172
92386905,2024,2024-05-10,9350,2024-05-07,"855 ",022468,,2,1,5,2109,0,1,2,,1,060,"US-101 S/B","MISSION AVE",1320.00,N,N,A,-,Y,MRN,,101," "," ",11.352,H,,L,N,4,0,2,3,A,-,03,22350,,N,C,C,A,A,H,-,A,D,0,,,,,Y,,D,22,0,0,2,0,0,0,0,0,0,"- ","- ",37.977519989013672,-122.52076721191406,MARIN,"SAN RAFAEL",-122.52072143554688,37.977519989013672
92386913,2024,2024-05-10,9350,2024-05-07,"920 ",017978,,2,1,4,2106,0,1,2,,2,070,"US-101 SB","IGNACIO BOULEVARD OVERCROSSING",91.00,S,N,A,-,Y,MRN,,101," "," ",17.984,H,,L,N,4,0,1,2,A,-,03,22350,,N,C,C,A,A,H,-,A,D,0,,,,,Y,,A,01,0,0,1,0,0,0,0,0,0,"- ","- ",38.065841674804688,-122.53733825683594,MARIN,NOVATO,-122.53726196289062,38.065883636474609
92386917,2024,2024-05-10,9350,2024-05-08,"240 ",017691,,3,3,4,2106,0,1,2,,2,070,"U.S. 101 N/B","NAVE DRIVE OVERCROSSING",2112.00,S,N,A,-,Y,MRN,,101," "," ",16.210,H,,R,Y,3,0,1,1,A,-,03,22350,,N,E,I,A,A,H,-,D,D,0,,,,,Y,,A,01,0,1,0,0,0,0,0,0,0,"- ","- ",38.042629241943359,-122.53594207763672,MARIN,NOVATO,-122.53581237792969,38.042575836181641
92386942,2024,2024-05-10,9350,2024-05-08,1415,019150,,3,2,4,2106,0,1,2,,1,080,"US-101 N/B","ATHERTON AVE",3696.00,N,N,A,-,Y,MRN,,101," ",R,22.656,H,,R,Y,4,0,1,6,C,-,18,,,N,B,C,A,A,D,-,A,D,0,,,,Y,Y,,-,"- ",0,0,1,0,0,0,0,0,0,"- ","- ",38.12744140625,-122.56516265869141,MARIN,NOVATO,-122.56509399414062,38.127422332763672
92387119,2024,2024-05-10,9350,2024-05-05,1650,023471,,7,2,9,2100,0,3,5,,2,003,"PARADISE DR","TEABERRY LN",160.00,S,N,A,-,Y,,,,,,,,,,N,3,0,1,1,A,-,08,22107,,N,E,I,A,A,H,-,A,D,0,,Y,,,Y,,L,04,0,1,0,0,0,0,1,0,0,"- ","- ",37.891048431396484,-122.45014190673828,MARIN,UNINCORPORATED,-122.45016479492188,37.891170501708984
92387720,2024,2024-05-13,9350,2024-05-04,2200,023453,,6,3,5,2109,0,1,2,,1,060,"US-101 S/B","N. SAN PEDRO ROAD",1085.00,N,N,G,-,Y,MRN,,101," "," ",12.912,H,,L,N,3,0,1,2,A,-,01,23152,A,N,C,C,A,A,H,-,C,D,0,,,,,Y,Y,A,01,0,1,0,0,0,0,0,0,0,"- ","- ",37.996780395507812,-122.53421783447266,MARIN,"SAN RAFAEL",-122.53424072265625,37.996768951416016
92389060,2024,2024-05-14,9350,2024-05-05,1154,022468,,7,1,5,2109,0,1,2,,2,050,"US-101 N/B","BELLAM BLVD",2112.00,S,N,A,-,Y,MRN,,101," "," ",9.268,H,,R,Y,3,0,1,1,A,-,03,22350,,N,E,I,A,A,H,-,A,D,0,,,,,Y,,A,01,0,1,0,0,0,0,0,0,0,"- ","- ",37.951988220214844,-122.50933837890625,MARIN,"SAN RAFAEL",-122.50937652587891,37.952022552490234
92389116,2024,2024-05-14,9350,2024-05-04,"510 ",022578,,6,3,5,2109,0,1,2,,1,060,"US-101 S/B","VILLA AVENUE U/C",860.00,N,N,C,-,Y,MRN,,101," "," ",12.376,H,,L,Y,4,0,1,2,A,-,03,22350,,N,B,C,A,B,H,-,D,D,0,,,,,Y,,D,22,0,0,1,0,0,0,0,0,0,"- ","- ",37.990268707275391,-122.52915191650391,MARIN,"SAN RAFAEL",-122.52912139892578,37.990287780761719
92391468,2024,2024-05-23,9350,2024-05-05,1150,021391,,7,1,9,2100,0,2,4,,1,016,"LUCAS VALLEY ROAD","3838 LUCAS VALLEY ROAD",3960.00,E,N,A,-,N,,,,,,,,,,N,2,0,1,4,A,-,05,21460,A,F,C,C,A,A,H,-,A,D,0,,Y,,,Y,,A,07,1,0,0,0,0,0,1,0,0,"- ","- ",38.043811798095703,-122.61318969726562,MARIN,UNINCORPORATED,,
92391623,2024,2024-05-16,9350,2024-05-09,1145,016034,,4,1,9,2100,0,1,1,,1,015,"I-580 W/B","MAIN STREET UNDERCROSSING",12144.00,E,N,A,-,Y,MRN,,580," "," ",0.342,H,,L,Y,4,0,2,2,A,-,08,22107,,N,E,8,A,A,H,-,A,D,0,,,,,Y,,A,01,0,0,2,0,0,0,0,0,0,"- ","- ",37.934921264648438,-122.4400634765625,MARIN,UNINCORPORATED,-122.44007110595703,37.934795379638672
92392703,2024,2024-05-17,9350,2024-05-07,1650,022795,,2,2,5,2109,0,1,2,,1,060,"US-101 N/B","NORTH SAN PEDRO ROAD",1161.00,N,N,A,-,Y,MRN,,101," "," ",12.923,H,,R,Y,4,0,2,3,A,-,03,22350,,N,C,C,A,A,H,-,A,D,0,,,,,Y,,D,22,0,0,2,0,0,0,0,0,0,"- ","- ",37.997001647949219,-122.53417205810547,MARIN,"SAN RAFAEL",-122.53412628173828,37.997016906738281
9239290,2020,2021-04-15,2104,2020-11-29,1330,111,1A,7,5,3,2104,0,0,0,,0,002,"MAGNOLIA AV","COLLEGE CT",0.00,,Y,A,-,N,,,,,,,,,,N,3,0,1,1,A,-,03,22350,,N,E,I,A,A,G,-,A,D,0,,Y,,,Y,,L,04,0,1,0,0,0,0,1,0,0,"- ","- ",37.948440551757812,-122.549072265625,MARIN,LARKSPUR,-122.54924011230469,37.948551177978516