CASE_ID,ACCIDENT_YEAR,PROC_DATE,JURIS,COLLISION_DATE,COLLISION_TIME,OFFICER_ID,REPORTING_DISTRICT,DAY_OF_WEEK,CHP_SHIFT,POPULATION,CNTY_CITY_LOC,SPECIAL_COND,BEAT_TYPE,CHP_BEAT_TYPE,CITY_DIVISION_LAPD,CHP_BEAT_CLASS,BEAT_NUMBER,PRIMARY_RD,SECONDARY_RD,DISTANCE,DIRECTION,INTERSECTION,WEATHER_1,WEATHER_2,STATE_HWY_IND,CALTRANS_COUNTY,CALTRANS_DISTRICT,STATE_ROUTE,ROUTE_SUFFIX,POSTMILE_PREFIX,POSTMILE,LOCATION_TYPE,RAMP_INTERSECTION,SIDE_OF_HWY,TOW_AWAY,COLLISION_SEVERITY,NUMBER_KILLED,NUMBER_INJURED,PARTY_COUNT,PRIMARY_COLL_FACTOR,PCF_CODE_OF_VIOL,PCF_VIOL_CATEGORY,PCF_VIOLATION,PCF_VIOL_SUBSECTION,HIT_AND_RUN,TYPE_OF_COLLISION,MVIW,PED_ACTION,ROAD_SURFACE,ROAD_COND_1,ROAD_COND_2,LIGHTING,CONTROL_DEVICE,CHP_ROAD_TYPE,PEDESTRIAN_ACCIDENT,BICYCLE_ACCIDENT,MOTORCYCLE_ACCIDENT,TRUCK_ACCIDENT,NOT_PRIVATE_PROPERTY,ALCOHOL_INVOLVED,STWD_VEHTYPE_AT_FAULT,CHP_VEHTYPE_AT_FAULT,COUNT_SEVERE_INJ,COUNT_VISIBLE_INJ,COUNT_COMPLAINT_PAIN,COUNT_PED_KILLED,COUNT_PED_INJURED,COUNT_BICYCLIST_KILLED,COUNT_BICYCLIST_INJURED,COUNT_MC_KILLED,COUNT_MC_INJURED,PRIMARY_RAMP,SECONDARY_RAMP,LATITUDE,LONGITUDE,COUNTY,CITY,POINT_X,POINT_Y
9325169,2021,2021-09-30,2109,2021-08-21,2300,648,37,6,5,5,2109,0,0,0,,0,002,"WOODLAND AV","SIEBEL ST",88.00,E,N,A,-,N,,,,,,,,,,N,4,0,1,2,A,-,08,22107,,M,B,C,A,A,H,-,C,D,0,,,,,Y,Y,D,73,0,0,1,0,0,0,0,0,0,"- ","- ",,,MARIN,"SAN RAFAEL",-122.52635192871094,37.964496612548828
9325173,2021,2021-10-21,2109,2021-09-07,1428,648,16,2,5,5,2109,0,0,0,,0,002,"A ST","2ND ST",0.00,,Y,A,-,N,,,,,,,,,,N,4,0,1,2,A,-,12,21453,A,N,D,C,A,A,H,-,A,A,0,,,,,Y,,D,73,0,0,1,0,0,0,0,0,0,"- ","- ",37.971080780029297,-122.52771759033203,MARIN,"SAN RAFAEL",-122.52854156494141,37.971179962158203
9326230,2021,2021-11-19,2109,2021-09-20,1937,572,26,1,5,5,2109,0,0,0,,0,004,"IRWIN ST","3RD ST",0.00,,Y,A,-,N,,,101,,,,,,,Y,4,0,1,2,A,-,00,21145,,N,D,C,A,A,H,-,C,A,0,,,,,Y,,A,01,0,0,1,0,0,0,0,0,0,"- ","- ",37.971229553222656,-122.52095031738281,MARIN,"SAN RAFAEL",-122.52168273925781,37.971446990966797
9326231,2021,2021-10-28,2109,2021-09-21,0753,433,50,2,5,5,2109,0,0,0,,0,006,"MANUEL T FREITAS PKY","LAS PAVADAS",0.00,,Y,A,-,N,,,,,,,,,,N,4,0,1,2,A,-,09,21802,A,N,D,C,A,A,H,-,A,A,0,,,,,Y,,A,01,0,0,1,0,0,0,0,0,0,"- ","- ",38.011749267578125,-122.55570983886719,MARIN,"SAN RAFAEL",-122.55573272705078,38.011699676513672
9326517,2021,2021-10-14,2104,2021-08-10,1325,094,1C,2,5,3,2104,0,0,0,,0,002,"ESFD BL","LARKSPUR LANDING CIR",104.00,E,N,A,-,N,,,,,,,,,,N,3,0,1,2,A,-,08,22107,,N,B,C,A,A,H,-,A,D,0,,,,,Y,,A,01,0,1,0,0,0,0,0,0,0,"- ","- ",,,MARIN,LARKSPUR,,
9326533,2021,2021-11-16,2106,2021-09-14,1545,473,N121,2,5,4,2106,0,0,0,,0,NP1,"SAN CARLOS WY","SAN MARIN DR W",405.00,W,N,A,-,N,,,,,,,,,,Y,4,0,1,4,A,-,21,22106,,N,B,D,A,A,H,-,A,D,0,,,,,Y,,A,07,0,0,1,0,0,0,0,0,0,"- ","- ",38.118900299072266,-122.60913848876953,MARIN,NOVATO,-122.60916900634766,38.118980407714844
9326537,2021,2021-11-18,2104,2021-08-09,1725,138,1C,1,5,3,2104,0,0,0,,0,002,"ESFD BL","DRAKES COVE RD",390.00,W,N,A,-,N,,,,,,,,,,N,3,0,1,2,A,-,04,21703,,N,C,C,A,A,H,-,A,D,0,,,,,Y,,A,01,0,1,0,0,0,0,0,0,0,"- ","- ",37.944568634033203,-122.50350952148438,MARIN,LARKSPUR,-122.50374603271484,37.945236206054688
9326541,2021,2021-11-30,2104,2021-09-14,1736,078,,2,5,3,2104,0,0,0,,0,002,GREENBRAE,"PORTAL DR",14.00,E,N,A,-,N,,,,,,,,,,N,4,0,1,2,A,-,03,22350,,N,C,C,A,A,H,-,A,D,0,,,,,Y,,D,72,0,0,1,0,0,0,0,0,0,"- ","- ",37.947219848632812,-122.52947998046875,MARIN,LARKSPUR,,
9326572,2021,2021-11-18,2109,2021-09-22,1253,524,39,3,5,5,2109,0,0,0,,0,003,"ANDERSON DR","IRWIN AV",10.00,W,N,A,-,N,,,,,,,,,,N,3,0,1,2,A,-,03,22350,,N,C,C,A,A,H,-,A,A,0,,,,,Y,,D,22,0,1,0,0,0,0,0,0,0,"- ","- ",37.966289520263672,-122.52188873291016,MARIN,"SAN RAFAEL",-122.52191162109375,37.966255187988281
9326586,2021,2021-10-12,2106,2021-07-24,1743,450,N214,6,5,4,2106,0,0,0,,0,NP2,"DE LONG AV","REICHERT AV",0.00,,Y,A,-,,,,,,,,,,,,4,0,2,2,A,-,03,22350,,N,C,C,A,A,H,-,A,A,0,,,,,Y,,A,01,0,0,2,0,0,0,0,0,0,"- ","- ",38.105518341064453,-122.56655120849609,MARIN,NOVATO,-122.56669616699219,38.105587005615234
9326641,2021,2021-10-20,2102,2021-08-22,1405,094,2,7,5,2,2102,0,0,0,,0,001,"CORTE MADERA AV","1ST ST",0.00,,Y,A,-,N,,,,,,,,,,N,3,0,1,2,A,-,06,21755,A,N,H,G,A,A,H,-,A,D,0,,Y,,,Y,,L,04,0,1,0,0,0,0,1,0,0,"- ","- ",37.925670623779297,-122.52999877929688,MARIN,"CORTE MADERA",-122.52987670898438,37.925758361816406
9326642,2021,2021-10-22,2102,2021-08-18,1149,078,2A,3,5,2,2102,0,0,0,,0,001,"MOHAWK AV","MONONA DR",3.00,N,N,A,-,N,,,,,,,,,,N,3,0,1,2,A,-,09,21801,A,N,D,C,A,A,H,-,A,D,0,,,,,Y,,A,01,0,1,0,0,0,0,0,0,0,"- ","- ",37.928379058837891,-122.52168273925781,MARIN,"CORTE MADERA",-122.52165985107422,37.928379058837891
9326643,2021,2021-10-22,2104,2021-08-26,0805,078,1,4,5,3,2104,0,0,0,,0,002,"LUCKY DR","DOHERTY DR",31.00,S,N,A,-,N,,,,,,,,,,N,4,0,1,2,A,-,"- ",,,N,H,G,A,A,H,-,A,D,0,,Y,,,Y,,L,04,0,0,1,0,0,0,1,0,0,"- ","- ",37.937709808349609,-122.52381134033203,MARIN,LARKSPUR,-122.52147674560547,37.937431335449219
9326665,2021,2021-10-22,2106,2021-09-22,1927,405,,3,5,4,2106,0,0,0,,0,NP2,"VINTAGE WY","ROWLAND BL S",591.00,E,N,A,-,N,,,,,,,,,,Y,4,0,1,2,A,-,09,21453,C,N,A,C,A,A,H,-,C,A,0,,,,,Y,,A,01,0,0,1,0,0,0,0,0,0,"- ","- ",38.085941314697266,-122.55020904541016,MARIN,NOVATO,-122.55513763427734,38.093589782714844
9326666,2021,2021-10-22,2106,2021-09-18,1821,409,301,6,5,4,2106,0,0,0,,0,NP3,"NAVE DR","BOLLING DR",477.00,N,N,A,-,N,,,,,,,,,,Y,4,0,1,2,A,-,09,21804,A,N,D,C,A,A,H,-,A,D,0,,,,,Y,,A,01,0,0,1,0,0,0,0,0,0,"- ","- ",38.051189422607422,-122.53096771240234,MARIN,NOVATO,-122.53060150146484,38.052284240722656
9326667,2021,2021-10-22,2106,2021-09-12,1703,424,N101,7,5,4,2106,0,0,0,,0,NP3,"NAVE DR","BOLLING DR",1060.00,S,N,A,-,N,,,,,,,,,,Y,2,0,1,2,A,-,05,21650,1,N,D,G,A,A,H,-,A,D,0,,Y,,,Y,,L,04,1,0,0,0,0,0,1,0,0,"- ","- ",38.051189422607422,-122.53096771240234,MARIN,NOVATO,-122.53130340576172,38.048320770263672
9326668,2021,2021-11-05,2104,2021-09-03,2100,078,1C,5,5,3,2104,0,0,0,,0,002,"LARKSPUR LANDING CIR","LINCOLN VILLAGE CIR",12.00,E,N,A,-,N,,,,,,,,,,N,3,0,1,2,A,-,10,21950,A,F,G,B,C,A,H,-,C,A,0,Y,,,,Y,,A,01,0,1,0,0,1,0,0,0,0,"- ","- ",37.948459625244141,-122.50832366943359,MARIN,LARKSPUR,-122.50787353515625,37.9476318359375
9326669,2021,2021-10-22,2102,2021-09-20,0850,026,2,1,5,2,2102,0,0,0,,0,001,"TAMALPAIS DR","RT 580",0.00,,Y,A,-,N,,,,,,,,,,Y,3,0,1,2,-,-,"- ",,A,N,D,C,A,A,H,-,A,A,0,,,,,Y,,A,01,0,1,0,0,0,0,0,0,0,"- ","- ",37.927539825439453,-122.51757049560547,MARIN,"CORTE MADERA",,
9326670,2021,2021-10-22,2109,2021-09-08,1227,551,16,3,5,5,2109,0,0,0,,0,002,"4TH ST","A ST",75.00,E,N,A,-,N,,,,,,,,,,N,4,0,1,2,A,-,21,22106,,N,B,C,A,A,H,-,A,D,0,,,,,Y,,A,01,0,0,1,0,0,0,0,0,0,"- ","- ",37.973140716552734,-122.52821350097656,MARIN,"SAN RAFAEL",-122.5279541015625,37.973121643066406
9326671,2021,2021-10-22,2109,2021-09-16,1955,655,29,4,5,5,2109,0,0,0,,0,004,"2ND ST","IRWIN ST",0.00,,Y,A,-,N,,,,,,,,,,N,4,0,1,3,A,-,03,22350,,N,C,C,A,A,H,-,C,D,0,,,,,Y,,A,01,0,0,1,0,0,0,0,0,0,"- ","- ",37.970119476318359,-122.52017211914062,MARIN,"SAN RAFAEL",-122.52117156982422,37.970478057861328
9326672,2021,2021-10-22,2109,2021-09-16,1318,662,17,4,5,5,2109,0,0,0,,0,002,"LINCOLN AV","3RD ST",165.00,N,N,A,-,N,,,,,,,,,,N,3,0,1,2,A,-,21,22106,,N,G,B,E,A,H,-,A,D,0,Y,,,,Y,,A,01,0,1,0,0,1,0,0,0,0,"- ","- ",37.972129821777344,-122.523681640625,MARIN,"SAN RAFAEL",-122.52396392822266,37.972103118896484
9326673,2021,2021-10-22,2109,2021-09-11,1401,592,16,6,5,5,2109,0,0,0,,0,001,"LINCOLN AV","3RD ST",38.00,N,N,A,-,N,,,,,,,,,,N,3,0,1,4,A,-,17,22517,,N,B,C,A,A,H,-,A,A,0,,,Y,,Y,,-,,0,1,0,0,0,0,0,0,1,"- ","- ",37.971660614013672,-122.52406311035156,MARIN,"SAN RAFAEL",-122.52405548095703,37.971763610839844
9326674,2021,2021-10-22,2109,2021-09-25,2031,641,26,6,5,5,2109,0,0,0,,0,002,"3RD ST","GRAND AV",0.00,,Y,A,-,N,,,,,,,,,,Y,4,0,1,2,A,-,12,21453,A,N,D,C,A,A,H,-,C,A,0,,,,,Y,,A,01,0,0,1,0,0,0,0,0,0,"- ","- ",37.970970153808594,-122.51882934570312,MARIN,"SAN RAFAEL",-122.51887512207031,37.970973968505859
9326675,2021,2021-10-22,2109,2021-09-09,1130,630,50,4,5,5,2109,0,0,0,,0,005,"DEL PRESIDIO BL","MANUEL T FREITAS PKWY",0.00,,Y,A,-,N,,,,,,,,,,N,4,0,1,2,A,-,03,22350,,N,C,C,A,A,H,-,A,A,0,,,,,Y,,A,01,0,0,1,0,0,0,0,0,0,"- ","- ",,,MARIN,"SAN RAFAEL",-122.54392242431641,38.007289886474609
9326868,2021,2021-10-29,2105,2021-09-30,1345,MV6236,90000,4,5,3,2105,0,0,0,,0,MV1,"HILL ST","BUENA VISTA AV",40.00,N,N,A,-,N,,,,,,,,,,N,3,0,1,2,A,-,21,22106,,N,C,B,E,A,C,-,A,A,0,Y,,Y,,Y,,C,02,0,1,0,0,1,0,0,0,0,"- ","- ",,,MARIN,"MILL VALLEY",-122.54408264160156,37.907039642333984
9326869,2021,2021-11-01,2105,2021-09-28,1630,MV6240,90002,2,5,3,2105,0,0,0,,0,MV2,"EAST BLITHEDALE AV","CAMINO ALTO",0.00,,Y,B,C,N,,,,,,,,,,N,4,0,1,2,A,-,03,22350,,N,C,C,A,B,H,-,A,A,0,,,,,Y,,A,01,0,0,1,0,0,0,0,0,0,"- ","- ",,,MARIN,"MILL VALLEY",-122.52867126464844,37.900413513183594
9326870,2021,2021-10-29,2105,2021-09-08,1517,MV6227,MV2,3,5,3,2105,0,0,0,,0,002,"SYCAMORE AV","CAMINO ALTO",505.00,E,N,A,-,N,,,,,,,,,,N,2,0,1,2,A,-,03,22350,,N,A,G,A,A,H,-,A,A,0,,Y,,,Y,,A,01,1,0,0,0,0,0,1,0,0,"- ","- ",,,MARIN,"MILL VALLEY",-122.52842712402344,37.896537780761719
9326871,2021,2021-10-29,2105,2021-09-02,1509,MV6238,90001,4,5,3,2105,0,0,0,,0,MV2,"HAMILTON DR","SHELTER BAY AV",50.00,E,N,A,-,N,,,,,,,,,,N,3,0,1,1,A,-,03,22350,,N,F,I,A,A,H,-,A,D,0,,Y,,,Y,,L,04,0,1,0,0,0,0,1,0,0,"- ","- ",,,MARIN,"MILL VALLEY",-122.51850891113281,37.893379211425781
93280563,2024,2024-08-01,9350,2024-07-27,1010,022445,,6,1,9,2100,0,1,3,,1,012,SR-1,"TENNESSEE VALLEY RD",0.00,,Y,A,-,N,,,,,,,,,,N,4,0,1,2,A,-,09,21801,A,N,D,C,A,A,H,-,A,A,0,,,Y,,Y,,A,01,0,0,1,0,0,0,0,0,1,"- ","- ",37.879550933837891,-122.52269744873047,MARIN,UNINCORPORATED,-122.52259063720703,37.879550933837891
93281146,2024,2024-08-09,9350,2024-07-27,"518 ",023453,,6,3,4,2106,0,1,2,,1,080,"US-101 S/B","DE LONG AVE O/C",715.00,S,N,A,-,Y,MRN,,101," ",R,20.968,H,,L,N,4,0,1,1,A,-,03,22350,,N,E,J,A,A,B,-,B,D,0,,,,,Y,,A,01,0,0,1,0,0,0,0,0,0,"- ","- ",38.103038787841797,-122.56182861328125,MARIN,NOVATO,-122.56183624267578,38.103038787841797
9336344,2021,2021-10-18,2110,2021-09-01,1524,SP5272,10001,3,5,2,2110,0,0,0,,0,SP2,BRIDGEWAY,"BRIDGEWAY 1200",0.00,,Y,B,-,N,,,,,,,,,,N,4,0,1,3,A,-,04,21703,,N,C,C,A,A,H,-,A,D,0,,,,,Y,,A,01,0,0,1,0,0,0,0,0,0,"- ","- ",,,MARIN,SAUSALITO,-122.50570678710938,37.872604370117188
9337463,2021,2021-10-19,2109,2021-09-08,0800,662,16,3,5,5,2109,0,0,0,,0,001,"MISSION AV","WILKINS AV",75.00,E,N,A,-,N,,,,,,,,,,Y,3,0,1,1,A,-,08,22107,,N,E,I,A,A,H,-,A,D,0,,,,,Y,Y,A,01,0,1,0,0,0,0,0,0,0,"- ","- ",37.974739074707031,-122.52767181396484,MARIN,"SAN RAFAEL",-122.52645111083984,37.974906921386719
9337464,2021,2021-10-19,2109,2021-09-18,2334,591,10,6,5,5,2109,0,0,0,,0,001,"MIRAMAR AV","RESERVOIR RD",560.00,S,N,A,-,N,,,,,,,,,,Y,3,0,1,2,A,-,01,23152,A,N,C,E,A,A,H,-,C,D,0,,,,,Y,Y,A,01,0,1,0,0,0,0,0,0,0,"- ","- ",37.9716796875,-122.53707122802734,MARIN,"SAN RAFAEL",-122.53945159912109,37.970298767089844
9337465,2021,2021-10-19,2109,2021-09-20,1859,657,21,1,5,5,2109,0,0,0,,0,003,"BELVEDERE ST","BELLAM BL",0.00,,Y,A,-,N,,,,,,,,,,N,4,0,1,2,A,-,05,21650,,N,H,G,A,A,H,-,B,D,0,,Y,,,Y,Y,L,04,0,0,1,0,0,0,1,0,0,"- ","- ",37.962078094482422,-122.50286102294922,MARIN,"SAN RAFAEL",-122.50263977050781,37.961368560791016
9337525,2021,2021-10-07,2109,2021-08-27,1820,655,22,5,5,5,2109,0,0,0,,0,003,"BELLAM BL","KERNER BL",0.00,,Y,A,-,N,,,,,,,,,,N,4,0,1,3,A,-,03,22350,,N,C,C,A,A,H,-,A,A,0,,,,,Y,,A,01,0,0,1,0,0,0,0,0,0,"- ","- ",37.961471557617188,-122.50182342529297,MARIN,"SAN RAFAEL",-122.50186157226562,37.961578369140625
9337569,2021,2021-11-02,2109,2021-09-03,1236,513,53,5,5,5,2109,0,0,0,,0,006,"SMITH RANCH RD","DEER VALLEY RD",0.00,,Y,A,-,N,,,,,,,,,,Y,3,0,1,1,A,-,00,22017,,N,E,I,A,A,H,-,A,A,0,,,,,Y,,A,01,0,1,0,0,0,0,0,0,0,"- ","- ",38.019500732421875,-122.53111267089844,MARIN,"SAN RAFAEL",-122.53109741210938,38.019428253173828
9338471,2021,2021-10-19,2106,2021-09-15,1352,421,,3,5,4,2106,0,0,0,,0,,"DE LONG AV","REICHERT AV",456.00,E,N,A,-,N,,,,,,,,,,N,3,0,1,2,A,-,03,22350,,N,C,C,A,A,H,-,A,A,0,,,,,Y,,A,01,0,1,0,0,0,0,0,0,0,"- ","- ",38.105518341064453,-122.56655120849609,MARIN,NOVATO,-122.56515502929688,38.105316162109375
9338472,2021,2021-10-19,2106,2021-09-17,0540,415,,5,5,4,2106,0,0,0,,0,,"SAN MARIN DR","SERENO WY",408.00,W,N,A,-,N,,,,,,,,,,N,3,0,1,3,A,-,01,23152,F,N,C,E,A,A,H,-,C,D,0,,,,,Y,,A,01,0,1,0,0,0,0,0,0,0,"- ","- ",38.1239013671875,-122.58741760253906,MARIN,NOVATO,-122.58893585205078,38.124538421630859
9338473,2021,2021-10-19,2106,2021-09-03,1251,480,N429,5,5,4,2106,0,0,0,,0,NP4,"7TH ST","GRANT AV",86.00,N,N,A,-,N,,,,,,,,,,N,3,0,1,2,A,-,09,21804,A,N,D,C,A,A,H,-,A,D,0,,,,,Y,,A,01,0,1,0,0,0,0,0,0,0,"- ","- ",,,MARIN,NOVATO,-122.57821655273438,38.109397888183594
9338474,2021,2021-10-19,2106,2021-09-09,0819,381,N401,4,5,4,2106,0,0,0,,0,NP4,"SOUTH NOVATO BL","ADELE ST",0.00,,Y,A,-,N,,,,,,,,,,N,4,0,2,4,A,-,09,21801,A,N,D,C,A,A,H,-,A,A,0,,,,,Y,,A,01,0,0,2,0,0,0,0,0,0,"- ","- ",38.090919494628906,-122.56678771972656,MARIN,NOVATO,-122.56697082519531,38.090770721435547
9338744,2021,2021-10-12,2106,2021-08-28,1729,415,,6,5,4,2106,0,0,0,,0,,"VIRGINIA AV","CREEKSIDE CT",0.00,,Y,A,-,N,,,,,,,,,,Y,3,0,1,2,A,-,06,21750,,N,C,C,A,A,H,-,A,D,0,,,,,Y,,A,01,0,1,0,0,0,0,0,0,0,"- ","- ",38.111251831054688,-122.58701324462891,MARIN,NOVATO,-122.58673858642578,38.111282348632812
9338745,2021,2021-10-12,2106,2021-08-21,1802,450,N430,6,5,4,2106,0,0,0,,0,NP4,"VALLEJO AV","3RD ST",0.00,,Y,A,-,N,,,,,,,,,,Y,4,0,2,2,A,-,09,21802,A,N,D,C,A,A,H,-,A,A,0,,,,,Y,,A,01,0,0,2,0,0,0,0,0,0,"- ","- ",38.109588623046875,-122.57315063476562,MARIN,NOVATO,-122.57289123535156,38.1102294921875
9338746,2021,2021-10-12,2106,2021-08-24,1400,343,,2,5,4,2106,0,0,0,,0,NP1,"SAN MARIN DR","SAN CARLOS WY W",0.00,,Y,A,-,N,,,,,,,,,,N,4,0,1,2,A,-,10,21950,A,N,G,B,B,A,H,-,A,A,0,Y,,,,Y,,A,01,0,0,1,0,1,0,0,0,0,"- ","- ",38.118900299072266,-122.60913848876953,MARIN,NOVATO,-122.60916900634766,38.118976593017578
9339801,2021,2021-10-21,2109,2021-10-01,1018,606,16,5,5,5,2109,0,0,0,,0,002,"A ST","4TH ST",12.00,S,N,A,-,N,,,,,,,,,,N,3,0,1,2,A,-,00,21954,,N,G,B,B,A,H,-,A,A,0,Y,,,,Y,,N,60,0,1,0,0,1,0,0,0,0,"- ","- ",37.973140716552734,-122.52821350097656,MARIN,"SAN RAFAEL",-122.52821350097656,37.973106384277344
9339805,2021,2021-10-22,2109,2021-10-12,0805,422,54,2,5,5,2109,0,0,0,,0,006,"CIVIC CENTER DR","SCETTRINI DR",288.00,S,N,A,-,N,,,,,,,,,,Y,2,0,1,1,A,-,03,22350,,N,E,I,A,A,H,-,A,D,0,,,,,Y,,A,01,1,0,0,0,0,0,0,0,0,"- ","- ",38.001598358154297,-122.53666687011719,MARIN,"SAN RAFAEL",-122.5380859375,38.00311279296875
93432534,2024,2024-08-02,9350,2024-07-17,1555,023068,,3,2,9,2100,0,2,4,,2,024,"SIR FRANCIS DRAKE BLVD WESTBOUND","ASH AVE",45.00,E,N,A,-,N,,,,,,,,,,Y,2,0,1,3,A,-,03,22350,,N,B,C,A,A,H,-,A,A,0,,,Y,,Y,,C,02,1,0,0,0,0,0,0,0,1,"- ","- ",37.954299926757812,-122.54573822021484,MARIN,UNINCORPORATED,-122.57427215576172,37.985435485839844
9343798,2021,2021-10-29,2110,2021-09-25,1124,SP5272,10000,6,5,2,2110,0,0,0,,0,SP2,BRIDGEWAY,"PINE ST",0.00,,Y,A,-,N,,,,,,,,,,N,4,0,1,2,A,-,03,22350,,N,G,B,B,A,H,-,A,D,0,Y,Y,,,Y,,L,04,0,0,1,0,1,0,0,0,0,"- ","- ",,,MARIN,SAUSALITO,-122.48490905761719,37.859138488769531
93447044,2023,2024-10-08,9350,2023-12-17,1956,022395,,7,2,9,2100,0,1,1,,1,015,"I-580 (RICHMOND-SAN RAFAEL BRIDGE) W/B","MAIN STREET UNDERCROSSING",10190.00,E,N,B,-,Y,MRN,,580," "," ",0.677,H,,L,Y,1,1,2,2,A,-,03,22350,,N,C,C,A,A,H,-,C,D,0,,,,,Y,,A,01,1,0,1,0,0,0,0,0,0,"- ","- ",37.935359954833984,-122.44618988037109,MARIN,UNINCORPORATED,-122.44620513916016,37.935199737548828
9347701,2021,2021-10-22,2103,2021-08-16,1233,177,DNTN,1,5,2,2103,0,0,0,,0,PAT,"SIR FRANCIS DRAKE BL","PASTORI AV",657.00,W,N,A,-,N,,,,,,,,,,N,3,0,1,2,A,-,03,22350,,N,C,C,A,A,H,-,A,A,0,,,,,Y,,A,01,0,1,0,0,0,0,0,0,0,"- ","- ",37.986991882324219,-122.58470916748047,MARIN,FAIRFAX,-122.58470153808594,37.986808776855469
9347728,2021,2021-10-27,2103,2021-09-14,2345,156,CASCD,2,5,2,2103,0,0,0,,0,PAT,"CASCADE DR","LAUREL DR",473.00,E,N,A,-,N,,,,,,,,,,Y,3,0,1,1,A,-,01,23152,A,N,H,A,A,A,H,-,D,D,0,,,Y,,Y,Y,C,03,0,1,0,0,0,0,0,0,1,"- ","- ",37.980209350585938,-122.59702301025391,MARIN,FAIRFAX,-122.59746551513672,37.979804992675781
9347743,2021,2021-12-01,2103,2021-10-15,1542,181,DNTN,5,5,2,2103,0,0,0,,0,PAT,BROADWAY,"CLAUS DR",0.00,,Y,A,-,N,,,,,,,,,,N,4,0,1,2,A,-,21,22106,,N,H,G,A,A,H,-,A,A,0,,Y,,,Y,,-,,0,0,1,0,0,0,1,0,0,"- ","- ",37.986919403076172,-122.58953094482422,MARIN,FAIRFAX,-122.58950805664062,37.987117767333984
9349243,2021,2021-10-26,2109,2021-09-14,0629,648,21,2,5,5,2109,0,0,0,,0,003,"CANAL ST","FAIRFAX ST",65.00,W,N,A,-,N,,,,,,,,,,N,4,0,1,2,A,-,21,22106,,N,H,C,A,A,H,-,B,D,0,,,,,Y,,D,22,0,0,1,0,0,0,0,0,0,"- ","- ",37.966838836669922,-122.50495910644531,MARIN,"SAN RAFAEL",-122.50482940673828,37.966266632080078
9349391,2021,2021-10-27,2109,2021-09-23,1835,659,17,4,5,5,2109,0,0,0,,0,002,"4TH ST","HETHERTON ST",0.00,,Y,A,-,N,,,,,,,,,,N,3,0,1,2,A,-,17,21451,A,N,D,C,A,A,H,-,A,A,0,,,,,Y,,A,01,0,1,0,0,0,0,0,0,0,"- ","- ",37.972389221191406,-122.52195739746094,MARIN,"SAN RAFAEL",-122.52194976806641,37.972385406494141
9349392,2021,2021-10-27,2109,2021-09-29,1418,551,16,3,5,5,2109,0,0,0,,0,,"4TH ST","CIJOS ST",0.00,,Y,A,-,N,,,,,,,,,,N,4,0,1,2,A,-,11,21950,B,N,G,B,B,A,H,-,A,A,0,Y,,,,Y,,N,60,0,0,1,0,1,0,0,0,0,"- ","- ",37.9727783203125,-122.52496337890625,MARIN,"SAN RAFAEL",-122.52494812011719,37.972782135009766
9349757,2021,2021-11-22,2110,2021-10-07,1532,SP5272,10000,4,5,2,2110,0,0,0,,0,SP2,BRIDGEWAY,"TURNEY ST",0.00,,Y,B,-,N,,,,,,,,,,Y,4,0,1,2,A,-,01,23152,,F,D,G,A,A,H,-,A,D,0,,Y,,,Y,Y,-,,0,0,1,0,0,0,1,0,0,"- ","- ",,,MARIN,SAUSALITO,-122.48583221435547,37.859569549560547
9350544,2021,2021-11-18,2109,2021-10-20,1739,648,22,3,5,5,2109,0,0,0,,0,003,"IRENE ST","KERNER BL",154.00,W,N,C,-,N,,,,,,,,,,Y,4,0,1,2,A,-,03,22350,,N,C,C,A,B,H,-,B,A,0,,,,,Y,,A,01,0,0,1,0,0,0,0,0,0,"- ","- ",37.957180023193359,-122.49971008300781,MARIN,"SAN RAFAEL",-122.50021362304688,37.957649230957031
9350772,2021,2021-11-06,2109,2021-10-08,1647,658,14,5,5,5,2109,0,0,0,,0,002,"5TH AV","LINCOLN AV",0.00,,Y,A,-,N,,,,,,,,,,Y,4,0,1,2,A,-,08,22107,,N,B,C,A,A,H,-,A,A,0,,,,,Y,,A,01,0,0,1,0,0,0,0,0,0,"- ","- ",37.973411560058594,-122.52362823486328,MARIN,"SAN RAFAEL",-122.52364349365234,37.973377227783203
9350881,2021,2021-12-01,2109,2021-10-13,1057,662,17,3,5,5,2109,0,0,0,,0,002,"LINCOLN AV","3RD ST",0.00,,Y,A,-,N,,,,,,,,,,N,3,0,1,2,A,-,09,21801,A,N,A,C,A,A,H,-,A,D,0,,Y,,,Y,,A,01,0,1,0,0,0,0,1,0,0,"- ","- ",37.971660614013672,-122.52406311035156,MARIN,"SAN RAFAEL",-122.52407836914062,37.971656799316406
9350882,2021,2021-12-01,2109,2021-10-19,1800,657,17,2,5,5,2109,0,0,0,,0,002,"LINCOLN AV","3RD ST",175.00,N,N,A,-,N,,,,,,,,,,Y,3,0,1,2,A,-,01,23152,A,M,G,B,F,A,H,-,B,D,0,Y,,,,Y,Y,A,01,0,1,0,0,1,0,0,0,0,"- ","- ",37.972129821777344,-122.523681640625,MARIN,"SAN RAFAEL",-122.52395629882812,37.972129821777344
9350883,2021,2021-12-01,2109,2021-10-04,2040,613,14,1,5,5,2109,0,0,0,,0,002,"MISSION AV","LINCOLN AV",0.00,,Y,A,-,N,,,,,,,,,,N,3,0,1,2,A,-,10,21950,,F,G,B,B,A,H,-,C,A,0,Y,,,,Y,,A,01,0,1,0,0,1,0,0,0,0,"- ","- ",37.974300384521484,-122.52340698242188,MARIN,"SAN RAFAEL",-122.52340698242188,37.97430419921875