CASE_ID,ACCIDENT_YEAR,PROC_DATE,JURIS,COLLISION_DATE,COLLISION_TIME,OFFICER_ID,REPORTING_DISTRICT,DAY_OF_WEEK,CHP_SHIFT,POPULATION,CNTY_CITY_LOC,SPECIAL_COND,BEAT_TYPE,CHP_BEAT_TYPE,CITY_DIVISION_LAPD,CHP_BEAT_CLASS,BEAT_NUMBER,PRIMARY_RD,SECONDARY_RD,DISTANCE,DIRECTION,INTERSECTION,WEATHER_1,WEATHER_2,STATE_HWY_IND,CALTRANS_COUNTY,CALTRANS_DISTRICT,STATE_ROUTE,ROUTE_SUFFIX,POSTMILE_PREFIX,POSTMILE,LOCATION_TYPE,RAMP_INTERSECTION,SIDE_OF_HWY,TOW_AWAY,COLLISION_SEVERITY,NUMBER_KILLED,NUMBER_INJURED,PARTY_COUNT,PRIMARY_COLL_FACTOR,PCF_CODE_OF_VIOL,PCF_VIOL_CATEGORY,PCF_VIOLATION,PCF_VIOL_SUBSECTION,HIT_AND_RUN,TYPE_OF_COLLISION,MVIW,PED_ACTION,ROAD_SURFACE,ROAD_COND_1,ROAD_COND_2,LIGHTING,CONTROL_DEVICE,CHP_ROAD_TYPE,PEDESTRIAN_ACCIDENT,BICYCLE_ACCIDENT,MOTORCYCLE_ACCIDENT,TRUCK_ACCIDENT,NOT_PRIVATE_PROPERTY,ALCOHOL_INVOLVED,STWD_VEHTYPE_AT_FAULT,CHP_VEHTYPE_AT_FAULT,COUNT_SEVERE_INJ,COUNT_VISIBLE_INJ,COUNT_COMPLAINT_PAIN,COUNT_PED_KILLED,COUNT_PED_INJURED,COUNT_BICYCLIST_KILLED,COUNT_BICYCLIST_INJURED,COUNT_MC_KILLED,COUNT_MC_INJURED,PRIMARY_RAMP,SECONDARY_RAMP,LATITUDE,LONGITUDE,COUNTY,CITY,POINT_X,POINT_Y
9463395,2022,2022-07-21,2106,2022-06-22,1614,485,,3,5,4,2106,0,0,0,,0,NP1,"CENTER RD","HOLSTROM CIR",0.00,,Y,A,-,N,,,,,,,,,,N,2,0,2,2,A,-,03,22350,,N,C,C,A,A,H,-,A,A,0,,,,,Y,,A,01,1,0,1,0,0,0,0,0,0,"- ","- ",38.109020233154297,-122.59758758544922,MARIN,NOVATO,-122.59841918945312,38.109447479248047
94634105,2025,2025-04-02,9350,2025-03-20,"430 ",022578,,4,3,9,2100,0,1,2,,2,070,"US-101 N/B","MILLER CREEK RD O/C",1155.00,N,N,A,-,Y,MRN,,101," "," ",15.795,H,,R,Y,4,0,1,1,A,-,01,23152,A,N,E,I,A,B,H,-,D,D,0,,,,,Y,Y,A,01,0,0,1,0,0,0,0,0,0,"- ","- ",38.036758422851562,-122.53645324707031,MARIN,UNINCORPORATED,-122.53633117675781,38.036754608154297
9463413,2022,2022-07-22,2106,2022-07-05,1709,288,N304,2,5,4,2106,0,0,0,,0,NP3,"IGNACIO BL","ALAMEDA DEL PRADO",0.00,,Y,A,-,N,,,,,,,,,,N,4,0,1,2,A,-,21,22106,,N,C,C,A,A,H,-,A,A,0,,,,,Y,,A,01,0,0,1,0,0,0,0,0,0,"- ","- ",38.065650939941406,-122.54081726074219,MARIN,NOVATO,-122.54068756103516,38.065959930419922
94634145,2025,2025-04-02,9350,2025-03-17,1420,023669,,1,2,4,2106,0,1,2,,1,080,"US-101 S/B","SR-37 OVER CROSSING",442.00,N,N,B,-,Y,MRN,,101," "," ",19.175,H,,L,Y,4,0,1,2,A,-,01,23152,A,N,D,C,A,B,H,-,A,D,0,,,,,Y,Y,A,08,0,0,1,0,0,0,0,0,0,"- ","- ",38.080890655517578,-122.54727172851562,MARIN,NOVATO,-122.54731750488281,38.080860137939453
94634328,2025,2025-04-02,9350,2025-03-23,1020,022532,,7,1,9,2100,0,1,3,,1,052,SR-1,"SNAKE RD",12144.00,S,N,A,-,Y,MRN,,1," "," ",42.156,H,,R,N,2,0,1,1,A,-,08,22107,,M,F,A,A,A,H,-,A,D,0,,,Y,,Y,,C,02,1,0,0,0,0,0,0,0,1,"- ","- ",38.205459594726562,-122.92246246337891,MARIN,UNINCORPORATED,-122.92246246337891,38.205436706542969
94636317,2025,2025-04-03,9350,2025-03-24,"820 ",021266,,1,1,9,2100,0,1,2,,2,070,"US-101 S/B","MILLER CREEK RD",800.00,N,N,A,-,Y,MRN,,101," "," ",15.729,H,,L,Y,4,0,1,2,A,-,03,22350,,N,C,C,A,A,H,-,A,D,0,,,,,Y,,D,22,0,0,1,0,0,0,0,0,0,"- ","- ",38.035839080810547,-122.53684234619141,MARIN,UNINCORPORATED,-122.53684234619141,38.035839080810547
94636344,2025,2025-04-03,9350,2025-03-25,"802 ",021266,,2,1,4,2106,0,1,2,,1,080,"US-101 S/B","ROWLAND BLVD",2640.00,N,N,A,-,Y,MRN,,101," ",R,20.582,H,,L,N,3,0,1,2,A,-,07,21658,A,N,B,C,A,A,H,-,A,D,0,,,Y,,Y,,A,01,0,1,0,0,0,0,0,0,1,"- ","- ",38.097431182861328,-122.56191253662109,MARIN,NOVATO,-122.56198120117188,38.097423553466797
9463664,2022,2022-09-30,2109,2022-09-01,0738,537,54,4,5,5,2109,0,0,0,,0,006,"SMITH RANCH RD","REDWOOD HWY",0.00,,Y,A,-,N,,,,,,,,,,N,3,0,1,2,A,-,12,21453,,N,D,C,A,A,H,-,A,A,0,,,,,Y,,A,01,0,1,0,0,0,0,0,0,0,"- ","- ",38.019779205322266,-122.53507995605469,MARIN,"SAN RAFAEL",-122.53903961181641,38.021167755126953
94637355,2025,2025-04-04,9350,2025-03-10,2230,024001,,1,3,5,2109,0,1,2,,2,050,"US-101 N/B","SIR FRANCIS DRAKE BLVD.",3168.00,N,N,A,-,Y,MRN,,101," "," ",9.356,H,,R,Y,3,0,4,2,A,-,01,23152,A,N,B,2,A,A,H,-,C,D,0,,,,,Y,Y,A,01,0,4,0,0,0,0,0,0,0,"- ","- ",37.953121185302734,-122.50858306884766,MARIN,"SAN RAFAEL",-122.50856018066406,37.953113555908203
94638150,2025,2025-04-04,9350,2025-03-26,1333,022271,,3,1,5,2109,0,1,2,,2,070,"US-101 N/B","SMITH RANCH RD",180.00,N,N,B,-,Y,MRN,,101," "," ",14.745,H,,R,Y,4,0,1,3,A,-,07,21658,A,N,B,C,A,A,H,-,A,D,0,,,,,Y,,A,01,0,0,1,0,0,0,0,0,0,"- ","- ",38.021701812744141,-122.53881072998047,MARIN,"SAN RAFAEL",-122.53889465332031,38.021713256835938
94641120,2025,2025-04-08,9350,2025-03-11,1526,023700,,2,2,9,2100,0,3,5,,2,006,"MOUNT LASSEN DR.","LUCAS VALLEY RD.",30.00,N,N,A,-,N,,,,,,,,,,N,4,0,1,2,A,-,08,22107,,N,D,C,A,A,H,-,A,D,0,,,,,Y,,A,07,0,0,1,0,0,0,0,0,0,"- ","- ",38.025348663330078,-122.56876373291016,MARIN,UNINCORPORATED,-122.56869506835938,38.025260925292969
94642033,2025,2025-04-08,9350,2025-04-02,1605,019150,,3,2,4,2106,0,1,2,,1,080,"US-101 N/B","ATHERTON AVE",1584.00,N,N,A,-,Y,MRN,,101," ",R,22.338,H,,R,N,4,0,2,2,A,-,07,21658,A,N,B,C,A,A,D,-,A,D,0,,,,,Y,,D,22,0,0,2,0,0,0,0,0,0,"- ","- ",38.122730255126953,-122.56578063964844,MARIN,NOVATO,-122.56575775146484,38.122730255126953
94644234,2025,2025-04-10,9350,2025-04-01,1024,021266,,2,1,9,2100,0,1,2,,2,070,"US-101 N/B","MILLER CREEK RD",1320.00,N,N,C,-,Y,MRN,,101," "," ",15.842,H,,R,Y,4,0,4,3,A,-,03,22350,,N,C,C,A,B,H,-,A,D,0,,,,,Y,,D,22,0,0,4,0,0,0,0,0,0,"- ","- ",38.037448883056641,-122.53614807128906,MARIN,UNINCORPORATED,-122.53632354736328,38.037433624267578
94644454,2025,2025-04-10,9350,2025-04-09,1413,022271,,3,2,9,2100,0,1,2,,2,050,"US-101 S/B","SIR FRANCIS DRAKE BLVD",3440.00,N,N,A,-,Y,MRN,,101," "," ",9.351,H,,L,Y,4,0,1,1,A,-,08,22107,,N,E,J,A,A,H,-,A,D,0,,,,,Y,,A,01,0,0,1,0,0,0,0,0,0,"- ","- ",37.953071594238281,-122.50897216796875,MARIN,UNINCORPORATED,-122.50888061523438,37.953044891357422
94645108,2025,2025-04-10,9350,2025-03-29,1957,021075,,6,2,9,2100,0,2,4,,1,014,"PANORAMIC HWY","PAN TOLL RD",8448.00,E,N,A,-,N,,,,,,,,,,Y,3,0,3,1,A,-,08,22107,,N,E,I,A,A,H,-,D,D,0,,,,,Y,,A,01,0,1,2,0,0,0,0,0,0,"- ","- ",37.910789489746094,-122.58789825439453,MARIN,UNINCORPORATED,-122.58808135986328,37.910552978515625
94645132,2025,2025-04-10,9350,2025-03-30,1635,021075,,7,2,9,2100,0,2,4,,1,014,"PANORAMIC HWY","PAN TOLL RD",3600.00,E,N,B,C,N,,,,,,,,,,N,4,0,1,2,A,-,05,21460,A,N,B,C,A,B,H,-,A,D,0,,,,,Y,,A,07,0,0,1,0,0,0,0,0,0,"- ","- ",37.910800933837891,-122.59725189208984,MARIN,UNINCORPORATED,-122.59752655029297,37.911056518554688
94645979,2025,2025-04-11,9350,2025-04-02,1835,021099,,3,2,9,2100,0,3,5,,2,002,"SIR FRANCIS DRAKE BLVD","SOUTH DREAM FARM RD",400.00,E,N,A,-,Y,,,,,,,,,,N,4,0,1,2,A,-,09,21804,A,F,D,C,A,A,H,-,A,D,0,,,,,Y,,D,22,0,0,1,0,0,0,0,0,0,"- ","- ",38.087669372558594,-122.84131622314453,MARIN,UNINCORPORATED,-122.84184265136719,38.088169097900391
94646607,2025,2025-04-11,9350,2025-03-26,1545,024074,,3,2,3,2104,0,1,2,,2,050,"US-101 NB","GREENBRAE PEDESTRIAN OVERCROSSING",257.00,S,N,A,-,Y,MRN,,101," "," ",8.255,H,,R,Y,4,0,1,3,A,-,07,21658,A,N,B,C,A,A,H,-,A,D,0,,,,,Y,,D,22,0,0,1,0,0,0,0,0,0,"- ","- ",37.938701629638672,-122.51634216308594,MARIN,LARKSPUR,-122.51633453369141,37.938697814941406
9464723,2022,2022-11-28,2105,2022-09-01,1548,MV6240,90003,4,5,3,2105,0,0,0,,0,MV2,"EAST BLITHEDALE AV","LOMITA DR",0.00,,Y,A,-,N,,,,,,,,,,N,4,0,1,2,A,-,03,22350,,F,D,G,A,A,H,-,A,A,0,,Y,,,Y,Y,-,,0,0,1,0,0,0,1,0,0,"- ","- ",,,MARIN,"MILL VALLEY",-122.52651977539062,37.900798797607422
94648754,2025,2025-04-14,9350,2025-04-10,1900,022271,,4,2,9,2100,0,3,5,,2,006,"MARINWOOD AVENUE","GRANDE PASEO",80.00,N,N,A,-,N,,,,,,,,,,N,3,0,1,2,A,-,08,22107,,N,A,C,A,A,H,-,A,D,0,,,,,Y,,A,01,0,1,0,0,0,0,0,0,0,"- ","- ",38.03179931640625,-122.53898620605469,MARIN,UNINCORPORATED,-122.53986358642578,38.032905578613281
9464973,2022,2022-12-22,2105,2022-10-29,1359,MV6243,90001,6,5,3,2105,0,0,0,,0,MV2,"EVERGREEN AV","MILLER AV",107.00,W,N,A,-,N,,,,,,,,,,Y,3,0,1,1,A,-,21,22106,,N,E,I,A,A,H,-,A,D,0,,,,,Y,,A,01,0,1,0,0,0,0,0,0,0,"- ","- ",,,MARIN,"MILL VALLEY",-122.53645324707031,37.896381378173828
9464974,2022,2022-12-21,2105,2022-10-12,1431,MV6236,90000,3,5,3,2105,0,0,0,,0,MV2,"NELSON AV","MATILDA AV",15.00,N,N,A,-,N,,,,,,,,,,N,3,0,1,2,A,-,03,22350,,N,D,G,A,A,H,-,A,A,0,,Y,,,Y,,D,22,0,1,0,0,0,0,1,0,0,"- ","- ",,,MARIN,"MILL VALLEY",-122.53152465820312,37.899360656738281
94649782,2025,2025-04-15,9350,2025-04-14,1720,021099,,1,2,9,2100,0,2,4,,1,044,"SIR FRANCIS DRAKE BLVD","PLATFORM BRIDGE R0AD",9240.00,E,N,A,-,Y,,,,,,,,,,N,3,0,1,1,A,-,03,22350,,N,F,I,A,A,H,-,A,D,0,,,Y,,Y,,C,02,0,1,0,0,0,0,0,0,1,"- ","- ",38.029270172119141,-122.74336242675781,MARIN,UNINCORPORATED,-122.74198150634766,38.032444000244141
94650064,2025,2025-04-15,9350,2025-04-12,1615,022271,,6,2,9,2100,0,1,2,,1,080,"US-101 S/B","SAN ANTONIO RD",1200.00,S,N,A,-,Y,MRN,,101," "," ",25.259,H,,L,Y,4,0,1,2,A,-,03,22350,,N,C,C,A,A,H,-,A,D,0,,,,,Y,,A,07,0,0,1,0,0,0,0,0,0,"- ","- ",38.160678863525391,-122.57219696044922,MARIN,UNINCORPORATED,-122.57216644287109,38.160709381103516
94650072,2025,2025-04-15,9350,2025-03-25,1146,024084,,2,1,9,2100,0,3,5,,2,003,"SIR FRANCIS DRAKE BLVD","DRAKES COVE RD",591.00,E,N,A,-,N,,,,,,,,,,Y,4,0,1,2,A,-,05,21460,A,N,A,C,A,A,H,-,A,D,0,,,,,Y,,A,01,0,0,1,0,0,0,0,0,0,"- ","- ",37.942710876464844,-122.50128936767578,MARIN,UNINCORPORATED,-122.50126647949219,37.942695617675781
9465094,2022,2023-01-13,2104,2022-11-01,0806,138,1A,2,5,3,2104,0,0,0,,0,002,"MAGNOLIA AV","FRANCES AV",405.00,N,N,C,-,N,,,,,,,,,,N,3,0,1,2,A,-,09,21804,A,N,H,G,A,B,H,-,A,D,0,,Y,,,Y,,A,01,0,1,0,0,0,0,1,0,0,"- ","- ",37.947669982910156,-122.54812622070312,MARIN,LARKSPUR,-122.54763793945312,37.947643280029297
9465095,2022,2023-01-13,2102,2022-11-30,2145,143,2A,3,5,2,2102,0,0,0,,0,001,"FIFER AV","TAMAL VISTA BL",210.00,E,N,A,-,N,,,,,,,,,,N,3,0,1,2,A,-,08,22107,,N,B,C,A,A,H,-,C,D,0,,,,,Y,,A,01,0,1,0,0,0,0,0,0,0,"- ","- ",37.938480377197266,-122.51799011230469,MARIN,"CORTE MADERA",-122.51795196533203,37.938179016113281
9465096,2022,2023-01-13,2108,2022-11-13,1129,CM149,3,7,5,3,2108,0,0,0,,0,003,"MADRONE AV","SIR FRANCIS DRAKE BL",6.00,W,N,A,-,N,,,,,,,,,,Y,3,0,2,2,A,-,03,22350,,N,C,C,A,A,H,-,A,D,0,,,,,Y,,A,07,0,2,0,0,0,0,0,0,0,"- ","- ",37.978919982910156,-122.56478118896484,MARIN,"SAN ANSELMO",-122.56419372558594,37.978797912597656
94654712,2025,2025-04-18,9350,2025-04-15,1550,023698,,2,2,9,2100,0,1,2,,2,040,"US-101 NORTHBOUND","REDWOOD HIGHWAY FRONTAGE ROAD UNDERCROSSING",851.00,N,N,A,-,Y,MRN,,101," "," ",4.724,H,,R,N,4,0,1,3,A,-,03,22350,,N,C,C,A,A,H,-,A,D,0,,,,,Y,,A,08,0,0,1,0,0,0,0,0,0,"- ","- ",37.888721466064453,-122.5166015625,MARIN,UNINCORPORATED,-122.51665496826172,37.888717651367188
94654818,2025,2025-04-18,9350,2025-04-17,"250 ",021739,,4,3,9,2100,0,1,2,,2,070,"US-101 SOUTHBOUND","MILLER CREEK RD O/C",1584.00,N,N,C,-,Y,MRN,,101," "," ",16.118,H,,L,Y,4,0,1,2,A,-,03,22350,,N,D,C,A,B,H,-,D,D,0,,,,,Y,,-,"- ",0,0,1,0,0,0,0,0,0,"- ","- ",38.041358947753906,-122.5367431640625,MARIN,UNINCORPORATED,-122.53689575195312,38.041400909423828
94655279,2025,2025-04-18,9350,2025-04-12,1225,024244,,6,1,2,2102,0,1,2,,2,050,"US-101 S/B ON RAMP FROM E BLITHEDALE AVE","E BLITHEDALE AVENUE",15.00,S,N,A,-,Y,,,,,,,,,,N,3,0,3,2,A,-,00,22235,,N,C,D,A,A,H,-,A,D,0,,,,,Y,,A,01,0,1,2,0,0,0,0,0,0,"- ","- ",37.902980804443359,-122.51799011230469,MARIN,"CORTE MADERA",-122.51561737060547,37.902698516845703
9465670,2022,2023-01-17,2106,2022-11-07,1736,496,N104,1,5,4,2106,0,0,0,,0,NP4,"REDWOOD BL","LAMONT AV",938.00,S,N,C,-,N,,,,,,,,,,N,4,0,1,2,A,-,05,21650,1,N,A,G,A,B,H,-,D,D,0,,Y,,,Y,,L,04,0,0,1,0,0,0,1,0,0,"- ","- ",38.100139617919922,-122.56771850585938,MARIN,NOVATO,-122.56552886962891,38.098361968994141
9465671,2022,2023-01-17,2106,2022-11-01,1543,496,N104,2,5,4,2106,0,0,0,,0,NP4,"ROWLAND BL","SOUTH NOVATO BL",350.00,W,N,A,-,N,,,,,,,,,,N,4,0,1,2,A,-,09,21801,A,N,D,C,A,A,H,-,A,D,0,,,,,Y,,A,01,0,0,1,0,0,0,0,0,0,"- ","- ",38.087181091308594,-122.56601715087891,MARIN,NOVATO,-122.56604766845703,38.087306976318359
94656803,2025,2025-04-21,9350,2025-04-07,1713,024198,,1,2,3,2105,0,1,3,,1,012,SR-1,"DOLAN AVE",70.00,N,N,A,-,Y,MRN,,1," "," ",0.890,H,,R,Y,4,0,2,2,A,-,05,21460,A,N,A,C,A,A,H,-,A,D,0,,,,,Y,,A,07,0,0,2,0,0,0,0,0,0,"- ","- ",37.879539489746094,-122.52816009521484,MARIN,"MILL VALLEY",-122.52816772460938,37.879543304443359
94659925,2025,2025-04-23,9350,2025-04-16,1740,023698,,3,2,9,2100,0,1,3,,1,012,"SR-1 SOUTHBOUND TO US-101 SOUTHBOUND",SR-1,1003.00,S,N,A,-,Y,,,,,,,,,,Y,3,0,1,1,A,-,03,22350,,N,E,I,A,A,H,-,A,D,0,,,,,Y,,A,01,0,1,0,0,0,0,0,0,0,"- ","- ",37.878421783447266,-122.51542663574219,MARIN,UNINCORPORATED,,
9466058,2022,2022-12-09,2106,2022-10-08,1934,450,,6,5,4,2106,0,0,0,,0,,"KELLY CT","RANDOLPH DR",144.00,W,N,A,-,N,,,,,,,,,,N,4,0,1,2,A,-,09,21804,,N,H,C,A,A,H,-,C,D,0,,,,,Y,,I,12,0,0,1,0,0,0,0,0,0,"- ","- ",38.053230285644531,-122.52726745605469,MARIN,NOVATO,-122.52590942382812,38.0548095703125
9466551,2022,2023-02-09,2109,2022-12-26,2358,613,17,1,5,5,2109,0,0,0,,0,002,"TAMALPAS AV","HETHERTON ST",67.00,W,N,C,-,N,,,,,,,,,,N,3,0,1,2,A,-,"- ",,,N,G,B,D,B,H,-,C,D,0,Y,,,,Y,,N,60,0,1,0,0,1,0,0,0,0,"- ","- ",37.971099853515625,-122.52310943603516,MARIN,"SAN RAFAEL",-122.522216796875,37.972423553466797
94668288,2025,2025-04-29,9350,2025-04-05,1700,024198,,6,2,9,2100,0,2,4,,1,014,"PANORAMIC HWY","MUIR WOODS ROAD",0.00,,Y,B,-,Y,,,,,,,,,,N,3,0,1,2,A,-,09,21801,A,N,D,G,A,A,H,-,A,D,0,,Y,,,Y,,A,01,0,1,0,0,0,0,1,0,0,"- ","- ",37.893459320068359,-122.55728149414062,MARIN,UNINCORPORATED,-122.55725860595703,37.893527984619141
94668337,2025,2025-04-29,9350,2025-04-02,1630,024168,,3,2,2,2102,0,1,2,,2,050,"US-101 N/B","TAMALPAIS DR",981.00,N,N,A,-,Y,MRN,,101," "," ",7.556,H,,R,N,4,0,1,1,C,-,18,,,N,E,I,A,A,H,-,A,D,0,,,,,Y,,-,"- ",0,0,1,0,0,0,0,0,0,"- ","- ",37.928668975830078,-122.51548004150391,MARIN,"CORTE MADERA",-122.51535797119141,37.928684234619141
94668355,2025,2025-04-29,9350,2025-03-28,1640,024198,,5,2,5,2109,0,1,2,,2,050,"US-101 N/B","RT 580",528.00,S,N,A,-,Y,MRN,,101," "," ",9.812,H,,R,Y,3,0,1,4,A,-,03,22350,,N,C,C,A,A,H,-,A,D,0,,,,,Y,,A,01,0,1,0,0,0,0,0,0,0,"- ","- ",37.959930419921875,-122.50935363769531,MARIN,"SAN RAFAEL",-122.50933837890625,37.959930419921875
94669917,2025,2025-04-30,9350,2025-04-23,"648 ",016034,,3,1,9,2100,0,1,1,,1,015,"I-580 W/B","MAIN STREET UNDERCROSSING",6864.00,E,N,A,-,Y,MRN,,580," "," ",1.354,H,,L,N,4,0,2,3,A,-,03,22350,,N,C,C,A,A,H,-,A,D,0,,,,,Y,,A,01,0,0,2,0,0,0,0,0,0,"- ","- ",37.937679290771484,-122.45816040039062,MARIN,UNINCORPORATED,-122.45819091796875,37.9376220703125
94669957,2025,2025-04-30,9350,2025-04-12,1800,024198,,6,2,2,2102,0,1,2,,2,050,"US-101 N/B","TAMALPAIS DR",1056.00,S,N,A,-,Y,MRN,,101," "," ",6.982,H,,R,Y,3,0,1,1,A,-,03,22350,,N,E,8,A,A,H,-,A,D,0,,,,,Y,,A,01,0,1,0,0,0,0,0,0,0,"- ","- ",37.920928955078125,-122.51165771484375,MARIN,"CORTE MADERA",-122.51177978515625,37.920890808105469
94670026,2025,2025-05-07,9350,2025-04-05,1550,024198,,6,2,9,2100,0,2,4,,1,014,"PANORAMIC HWY","KENT WAY",528.00,E,N,A,-,Y,,,,,,,,,,Y,4,0,1,2,A,-,05,21460,A,N,D,C,A,A,H,-,A,D,0,,,,,Y,,A,01,0,0,1,0,0,0,0,0,0,"- ","- ",37.897830963134766,-122.56166839599609,MARIN,UNINCORPORATED,-122.5623779296875,37.899021148681641
94670848,2025,2025-04-30,9350,2025-04-21,1319,021266,,1,1,9,2100,0,3,5,,2,005,"BEL MARIN KEYS BLVD","BERMUDA HARBOUR",50.00,E,N,A,-,N,,,,,,,,,,Y,4,0,1,2,A,-,08,22107,,N,B,E,A,A,H,-,A,D,0,,,,,Y,,A,01,0,0,1,0,0,0,0,0,0,"- ","- ",38.081108093261719,-122.52474975585938,MARIN,UNINCORPORATED,-122.52480316162109,38.081287384033203
94670868,2025,2025-04-30,9350,2025-04-25,"740 ",024174,,5,1,2,2102,0,1,2,,2,050,"US-101 S/B","WORNUM DR",63.00,S,N,B,-,Y,MRN,,101," "," ",8.014,H,,L,N,4,0,1,2,A,-,03,22350,,N,C,C,A,A,H,-,A,D,0,,,,,Y,,D,22,0,0,1,0,0,0,0,0,0,"- ","- ",37.935169219970703,-122.51683807373047,MARIN,"CORTE MADERA",-122.51679229736328,37.9351806640625
94670879,2025,2025-04-30,9350,2025-04-11,"820 ",024098,,5,1,9,2100,0,1,3,,2,037,"SR-37 W/B","HARBOR DRIVE",362.00,E,N,A,-,Y,MRN,,37," "," ",14.593,H,,L,N,4,0,1,2,A,-,07,21658,A,N,B,C,A,A,H,-,A,D,0,,,,,Y,,A,07,0,0,1,0,0,0,0,0,0,"- ","- ",38.115299224853516,-122.50601959228516,MARIN,UNINCORPORATED,-122.50605010986328,38.115325927734375
94673691,2025,2025-05-02,9350,2025-04-25,1724,022577,,5,2,9,2100,0,1,2,,2,050,"US-101 NORTHBOUND",SR-131,3010.00,N,N,A,-,Y,MRN,,101," "," ",6.272,H,,R,N,4,0,1,2,A,-,03,22350,,N,C,C,A,A,H,-,A,D,0,,,,,Y,,A,07,0,0,1,0,0,0,0,0,0,"- ","- ",37.910850524902344,-122.51304626464844,MARIN,UNINCORPORATED,-122.51304626464844,37.910850524902344
9467376,2023,2023-02-24,2109,2023-01-25,"800 ",668,17,3,5,5,2109,0,0,0,,0,002,"HEATHERTON ST","3RD ST",0.00,,Y,A,-,N,,,,,,,,,,N,3,0,1,2,A,-,10,21950,A,N,G,B,B,A,H,-,A,A,0,Y,,,,Y,,D,22,0,1,0,0,1,0,0,0,0,"- ","- ",37.971408843994141,-122.52223205566406,MARIN,"SAN RAFAEL",-122.52223968505859,37.971431732177734
9467377,2023,2023-02-16,2109,2023-01-20,"758 ",638,39,5,5,5,2109,0,0,0,,0,003,"ANDERSEN DR","DU BOIS ST",150.00,S,N,A,-,N,,,,,,,,,,Y,4,0,2,4,A,-,03,22350,A,N,C,C,A,A,H,-,A,D,0,,,,,Y,,A,01,0,0,2,0,0,0,0,0,0,"- ","- ",37.963569641113281,-122.51725006103516,MARIN,"SAN RAFAEL",-122.516845703125,37.963367462158203
9467378,2023,2023-02-28,2109,2023-01-23,1315,618,23,1,5,5,2109,0,0,0,,0,003,"FRANCISCO BL E","GRANGE WY",1102.00,E,N,A,-,N,,,,,,,,,,Y,4,0,1,1,A,-,08,22107,,N,E,I,A,A,H,-,A,D,0,,,,,Y,,D,22,0,0,1,0,0,0,0,0,0,"- ","- ",37.943901062011719,-122.48020172119141,MARIN,"SAN RAFAEL",-122.48499298095703,37.945205688476562
9467379,2023,2023-02-24,2109,2023-01-11,"730 ",668,14,3,5,5,2109,0,0,0,,0,002,"LINCOLN AV","MISSION AV",14.00,N,N,C,-,N,,,,,,,,,,N,4,0,1,2,A,-,03,22350,,N,C,C,A,B,H,-,A,A,0,,,,Y,Y,,F,26,0,0,1,0,0,0,0,0,0,"- ","- ",37.974109649658203,-122.52374267578125,MARIN,"SAN RAFAEL",-122.52339935302734,37.974338531494141
9467484,2023,2023-02-15,2109,2023-01-10,1712,657,14,2,5,5,2109,0,0,0,,0,002,"NYE ST","MISSION AV",0.00,,Y,A,-,N,,,,,,,,,,Y,3,0,2,2,A,-,09,21802,A,N,D,C,A,B,H,-,C,D,0,,,,,Y,,A,01,0,2,0,0,0,0,0,0,0,"- ","- ",37.974571228027344,-122.52507781982422,MARIN,"SAN RAFAEL",-122.52507019042969,37.974544525146484
9467485,2023,2023-02-15,2109,2023-01-12,1057,591,13,4,5,5,2109,0,0,0,,0,002,"LINCOLN AV","WILSON CT",130.00,S,N,A,-,N,,,,,,,,,,Y,3,0,1,2,A,-,08,22103,,F,A,C,A,A,H,-,A,D,0,,,,,Y,,A,01,0,1,0,0,0,0,0,0,0,"- ","- ",37.986549377441406,-122.52616119384766,MARIN,"SAN RAFAEL",-122.52628326416016,37.986377716064453
9467486,2023,2023-02-23,2109,2023-01-12,1759,655,39,4,5,5,2109,0,0,0,,0,003,"DU BOIS ST","RICE DR",0.00,,Y,A,-,N,,,,,,,,,,N,4,0,1,2,A,-,14,21201,D,N,A,-,A,A,H,-,C,D,0,,Y,,,Y,,-,"- ",0,0,1,0,0,0,1,0,0,"- ","- ",37.965778350830078,-122.51953887939453,MARIN,"SAN RAFAEL",-122.51953125,37.965778350830078
94676468,2025,2025-05-14,9350,2025-04-24,1550,022411,,4,2,9,2100,0,3,5,,2,004,"ALMONTE BLVD","WISTERIA WAY",0.00,,Y,A,-,N,,,,,,,,,,N,3,0,1,2,A,-,09,21801,A,N,B,G,A,A,H,-,A,D,0,,Y,,,Y,,A,01,0,1,0,0,0,0,1,0,0,"- ","- ",37.887691497802734,-122.52601623535156,MARIN,UNINCORPORATED,-122.52599334716797,37.887687683105469
94676478,2025,2025-05-06,9350,2025-04-24,2240,022578,,4,3,9,2100,0,1,2,,1,080,"US-101 N/B","SAN ANTONIO ROAD O/C",7920.00,S,N,A,-,Y,MRN,,101," "," ",23.990,H,,R,Y,3,0,2,3,A,-,03,22350,,N,C,C,A,A,H,-,D,D,0,,,,,Y,,A,01,0,1,1,0,0,0,0,0,0,"- ","- ",38.143970489501953,-122.56439208984375,MARIN,UNINCORPORATED,-122.56440734863281,38.143970489501953