CASE_ID,ACCIDENT_YEAR,PROC_DATE,JURIS,COLLISION_DATE,COLLISION_TIME,OFFICER_ID,REPORTING_DISTRICT,DAY_OF_WEEK,CHP_SHIFT,POPULATION,CNTY_CITY_LOC,SPECIAL_COND,BEAT_TYPE,CHP_BEAT_TYPE,CITY_DIVISION_LAPD,CHP_BEAT_CLASS,BEAT_NUMBER,PRIMARY_RD,SECONDARY_RD,DISTANCE,DIRECTION,INTERSECTION,WEATHER_1,WEATHER_2,STATE_HWY_IND,CALTRANS_COUNTY,CALTRANS_DISTRICT,STATE_ROUTE,ROUTE_SUFFIX,POSTMILE_PREFIX,POSTMILE,LOCATION_TYPE,RAMP_INTERSECTION,SIDE_OF_HWY,TOW_AWAY,COLLISION_SEVERITY,NUMBER_KILLED,NUMBER_INJURED,PARTY_COUNT,PRIMARY_COLL_FACTOR,PCF_CODE_OF_VIOL,PCF_VIOL_CATEGORY,PCF_VIOLATION,PCF_VIOL_SUBSECTION,HIT_AND_RUN,TYPE_OF_COLLISION,MVIW,PED_ACTION,ROAD_SURFACE,ROAD_COND_1,ROAD_COND_2,LIGHTING,CONTROL_DEVICE,CHP_ROAD_TYPE,PEDESTRIAN_ACCIDENT,BICYCLE_ACCIDENT,MOTORCYCLE_ACCIDENT,TRUCK_ACCIDENT,NOT_PRIVATE_PROPERTY,ALCOHOL_INVOLVED,STWD_VEHTYPE_AT_FAULT,CHP_VEHTYPE_AT_FAULT,COUNT_SEVERE_INJ,COUNT_VISIBLE_INJ,COUNT_COMPLAINT_PAIN,COUNT_PED_KILLED,COUNT_PED_INJURED,COUNT_BICYCLIST_KILLED,COUNT_BICYCLIST_INJURED,COUNT_MC_KILLED,COUNT_MC_INJURED,PRIMARY_RAMP,SECONDARY_RAMP,LATITUDE,LONGITUDE,COUNTY,CITY,POINT_X,POINT_Y
94676495,2025,2025-05-06,9350,2025-04-26,"450 ",024120,,6,3,9,2100,0,2,4,,1,044,"SIR FRANCIS DRAKE BLVD","SAN GERONIMO VALLEY DR",330.00,E,N,A,-,N,,,,,,,,,,Y,3,0,1,1,A,-,08,22107,,N,F,I,A,A,H,-,D,D,0,,,,,Y,,A,01,0,1,0,0,0,0,0,0,0,"- ","- ",38.012069702148438,-122.62922668457031,MARIN,UNINCORPORATED,-122.66908264160156,38.014923095703125
94676532,2025,2025-05-06,9350,2025-04-28,1040,024244,,1,1,9,2100,0,2,4,,2,024,"SIR FRANCIS DRAKE BLVD","TERRACE AVE",0.00,,Y,A,-,N,,,,,,,,,,N,4,0,1,2,A,-,09,21804,A,N,D,C,A,A,H,-,A,D,0,,,,,Y,,A,07,0,0,1,0,0,0,0,0,0,"- ","- ",37.954830169677734,-122.54653930664062,MARIN,UNINCORPORATED,-122.54653167724609,37.954872131347656
94677482,2025,2025-05-06,9350,2025-05-03,"950 ",024037,,6,1,9,2100,0,3,5,,2,005,"SAN PABLO AVE","N. SAN PEDRO RD.",46.00,S,N,B,-,N,,,,,,,,,,N,4,0,1,2,A,-,03,22350,,N,C,C,A,A,H,-,A,D,0,,,,,Y,,A,01,0,0,1,0,0,0,0,0,0,"- ","- ",37.996421813964844,-122.52829742431641,MARIN,UNINCORPORATED,-122.52832794189453,37.99658203125
94678822,2025,2025-05-07,9350,2025-04-26,1530,024306,,6,2,9,2100,0,3,5,,2,003,"E. SIR FRANCIS DRAKE BLVD","ANDERSEN DR",1200.00,W,N,C,-,N,,,,,,,,,,Y,4,0,1,2,A,-,09,21804,A,N,B,2,A,B,H,-,A,D,0,,,,,Y,,A,01,0,0,1,0,0,0,0,0,0,"- ","- ",37.944469451904297,-122.49707794189453,MARIN,UNINCORPORATED,-122.49720764160156,37.944313049316406
94678872,2025,2025-05-07,9350,2025-04-29,1150,024037,,2,1,9,2100,0,2,4,,2,024,"SIR FRANCIS DRAKE BLVD.","BARRY WAY",0.00,,Y,A,-,N,,,,,,,,,,Y,4,0,1,2,A,-,12,21453,A,N,D,C,A,A,H,-,A,A,0,,,,,Y,,A,01,0,0,1,0,0,0,0,0,0,"- ","- ",37.945610046386719,-122.52037048339844,MARIN,UNINCORPORATED,-122.52033233642578,37.945602416992188
94679941,2025,2025-05-08,9350,2025-04-21,1230,024098,,1,1,9,2100,0,3,5,,2,004,"COLLEGE AVE","SIR FRANCIS DRAKE BLVD",1648.00,S,N,A,-,N,,,,,,,,,,N,4,0,1,1,A,-,08,22107,,N,E,I,A,A,H,-,A,D,0,,,,,Y,,A,01,0,0,1,0,0,0,0,0,0,"- ","- ",37.951519012451172,-122.54978179931641,MARIN,UNINCORPORATED,-122.54965972900391,37.951618194580078
94680084,2025,2025-05-08,9350,2025-04-13,1150,024098,,7,1,9,2100,0,2,4,,1,014,"PANORAMIC HWY",SR-1,635.00,N,N,A,-,N,,,,,,,,,,N,3,0,1,1,A,-,08,22107,,N,F,A,A,A,H,-,A,D,0,,Y,,,Y,,L,04,0,1,0,0,0,0,1,0,0,"- ","- ",37.899559020996094,-122.63442230224609,MARIN,UNINCORPORATED,-122.63496398925781,37.897281646728516
94680665,2025,2025-05-08,9350,2025-05-03,1748,022577,,6,2,3,2104,0,1,2,,2,050,"US-101 NORTHBOUND","SIR FRANCIS DRAKE BLVD",968.00,S,N,A,-,Y,MRN,,101," "," ",8.466,H,,R,Y,3,0,2,3,A,-,03,22350,,N,D,C,A,A,H,-,A,D,0,,,,,Y,,A,01,0,1,1,0,0,0,0,0,0,"- ","- ",37.941951751708984,-122.51547241210938,MARIN,LARKSPUR,-122.51551055908203,37.94195556640625
94680684,2025,2025-05-08,9350,2025-05-04,1555,022271,,7,2,9,2100,0,1,2,,1,080,"US-101 S/B","SAN ANTONIO RD",2900.00,N,N,A,-,Y,MRN,,101," "," ",26.039,H,,L,Y,4,0,1,4,A,-,03,22350,,N,C,C,A,A,D,-,A,D,0,,,,,Y,,A,01,0,0,1,0,0,0,0,0,0,"- ","- ",38.168289184570312,-122.58262634277344,MARIN,UNINCORPORATED,-122.58261871337891,38.168300628662109
94681944,2025,2025-05-09,9350,2025-05-06,1027,016034,,2,1,9,2100,0,1,1,,1,015,"I-580 W/B","MAIN STREET UNDERCROSSING",7392.00,E,N,A,-,Y,MRN,,580," "," ",1.228,H,,L,Y,4,0,2,2,A,-,07,21658,A,N,B,2,A,A,H,-,A,D,0,,,,,Y,,A,07,0,0,2,0,0,0,0,0,0,"- ","- ",37.937019348144531,-122.45599365234375,MARIN,UNINCORPORATED,-122.45602416992188,37.93695068359375
94682049,2025,2025-05-09,9350,2025-03-29,2330,024001,,6,3,9,2100,0,1,2,,2,020,"US 101 SB (GOLDEN GATE BRIDGE)","CONZELMAN ROAD",1848.00,S,N,B,-,Y,,,,,,,,,,N,4,0,1,2,A,-,01,23152,A,N,C,C,A,B,H,-,C,D,0,,,,,Y,Y,A,07,0,0,1,0,0,0,0,0,0,"- ","- ",37.827629089355469,-122.47953033447266,MARIN,UNINCORPORATED,-122.48223876953125,37.832927703857422
94682291,2025,2025-05-09,9350,2025-05-03,"550 ",024037,,6,3,5,2109,0,1,2,,1,060,"US-101 N/B","MISSION AVE.",2300.00,N,N,B,-,Y,MRN,,101," "," ",11.540,H,,R,Y,3,0,1,1,A,-,08,22107,,N,E,I,A,A,H,-,B,D,0,,,,,Y,,A,01,0,1,0,0,0,0,0,0,0,"- ","- ",37.980308532714844,-122.52097320556641,MARIN,"SAN RAFAEL",-122.52108001708984,37.980281829833984
94685275,2025,2025-05-13,9350,2025-04-27,1620,024306,,7,2,9,2100,0,2,4,,2,025,"N SAN PEDRO ROAD","ROOSEVELT AVE",650.00,E,N,A,-,N,,,,,,,,,,Y,3,0,1,4,A,-,01,23152,A,N,B,E,A,A,H,-,A,D,0,,,,,Y,Y,A,01,0,1,0,0,0,0,0,0,0,"- ","- ",38.000591278076172,-122.52348327636719,MARIN,UNINCORPORATED,-122.52344512939453,38.000686645507812
94686041,2025,2025-05-13,9350,2025-05-04,1222,021266,,7,1,9,2100,0,1,2,,1,080,"US-101 S/B","SAN ANTONIO RD",5280.00,S,N,A,-,Y,MRN,,101," "," ",24.230,H,,L,Y,4,0,2,3,A,-,03,22350,,N,C,C,A,A,H,-,A,D,0,,,,,Y,,A,07,0,0,2,0,0,0,0,0,0,"- ","- ",38.147121429443359,-122.56552124023438,MARIN,UNINCORPORATED,-122.56552886962891,38.147117614746094
94687686,2025,2025-05-14,9350,2025-05-09,2220,023759,,5,3,5,2109,0,1,1,,1,015,"I-580 W/B","BELLAM BLVD U/C",494.00,E,N,A,-,Y,MRN,,580," "," ",4.412,H,,L,Y,3,0,1,1,A,-,08,22107,,N,E,I,A,A,H,-,D,D,0,,,,,Y,,A,07,0,1,0,0,0,0,0,0,0,"- ","- ",37.958938598632812,-122.50425720214844,MARIN,"SAN RAFAEL",-122.50433349609375,37.958889007568359
94688547,2025,2025-05-15,9350,2025-05-07,1610,024306,,3,2,9,2100,0,1,2,,2,040,"US-101 N/B",SR-131,2200.00,S,N,A,-,Y,MRN,,101," "," ",5.270,H,,R,Y,4,0,1,3,A,-,01,23152,A,N,C,C,A,A,H,-,A,D,0,,,,,Y,Y,A,07,0,0,1,0,0,0,0,0,0,"- ","- ",37.896610260009766,-122.51603698730469,MARIN,UNINCORPORATED,-122.51607513427734,37.896610260009766
94688562,2025,2025-05-15,9350,2025-04-10,1229,024174,,4,1,9,2100,0,1,2,,2,020,"US-101 N/B","CONZELMAN ROAD UNDERCROSSING",1702.00,S,N,A,-,Y,,,,,,,,,,N,4,0,2,3,A,-,03,22350,,N,C,C,A,A,H,-,A,D,0,,,,,Y,,A,01,0,0,2,0,0,0,0,0,0,"- ","- ",37.825748443603516,-122.479248046875,MARIN,UNINCORPORATED,-122.47986602783203,37.830513000488281
94688572,2025,2025-05-15,9350,2025-03-29,2325,024001,,6,3,2,2110,0,1,2,,1,030,"US-101 SOUTHBOUND","SPENCER AVE",1109.00,N,N,B,-,Y,MRN,,101," "," ",1.928,H,,L,N,4,0,2,2,A,-,01,23152,A,M,B,C,A,B,H,-,D,D,0,,,,,Y,Y,A,07,0,0,2,0,0,0,0,0,0,"- ","- ",37.855789184570312,-122.49429321289062,MARIN,SAUSALITO,-122.49432373046875,37.855766296386719
94689258,2025,2025-05-15,9350,2025-05-03,1600,023698,,6,2,9,2100,0,1,3,,1,052,SR-1,"CLARK ROAD",8870.00,N,N,A,-,N,,,,,,,,,,Y,4,0,1,1,A,-,08,22107,,N,F,J,A,A,H,-,A,D,0,,,,Y,Y,,G,27,0,0,1,0,0,0,0,0,0,"- ","- ",38.205268859863281,-122.9222412109375,MARIN,UNINCORPORATED,-122.92218780517578,38.205036163330078
94690644,2025,2025-05-16,9350,2025-05-13,1701,023095,,2,2,9,2100,0,3,5,,2,005,"DEL ORO LAGOON","DOLPHIN ISLE",200.00,E,N,A,-,N,,,,,,,,,,Y,4,0,1,2,A,-,08,22107,,N,A,E,A,A,A,-,A,D,0,,,,,Y,,A,01,0,0,1,0,0,0,0,0,0,"- ","- ",38.078739166259766,-122.51564025878906,MARIN,UNINCORPORATED,-122.51567840576172,38.078720092773438
94691299,2025,2025-05-19,9350,2025-04-05,1505,024198,,6,2,9,2100,0,1,2,,2,040,"US-101 N/B",SR-1,1584.00,S,N,A,-,Y,MRN,,101," "," ",3.815,H,,R,N,4,0,2,10,A,-,03,22350,,M,C,C,A,A,H,-,A,D,0,,,,,Y,,A,07,0,0,2,0,0,0,0,0,0,"- ","- ",37.877029418945312,-122.51209259033203,MARIN,UNINCORPORATED,-122.51205444335938,37.877067565917969
94693971,2025,2025-05-20,9350,2025-05-12,1710,024306,,1,2,4,2106,0,1,2,,2,070,"US-101 N/B TO SR-37 E/B","MARSH ROAD",650.00,W,N,B,-,Y,MRN,,37," ",R,11.229,H,,R,Y,4,0,1,1,A,-,08,22107,,N,E,I,A,A,H,-,A,D,0,,,,,Y,,A,07,0,0,1,0,0,0,0,0,0,"- ","- ",38.079689025878906,-122.54457855224609,MARIN,NOVATO,-122.544677734375,38.079681396484375
94694047,2025,2025-05-20,9350,2025-05-02,1525,021075,,5,2,9,2100,0,2,4,,1,014,"PANORAMIC HWY",SR-1,1762.00,W,N,A,-,N,,,,,,,,,,Y,4,0,1,1,A,-,08,22107,,N,E,I,A,A,H,-,A,D,0,,,,,Y,,A,07,0,0,1,0,0,0,0,0,0,"- ","- ",37.886959075927734,-122.554443359375,MARIN,UNINCORPORATED,-122.63671875,37.896251678466797
94694452,2025,2025-05-20,9350,2025-05-13,"833 ",021266,,2,1,5,2109,0,1,2,,2,050,"US-101 S/B","I-580 O/C",2640.00,S,N,A,-,Y,MRN,,101," "," ",9.501,H,,L,N,4,0,1,2,A,-,03,22350,,N,C,C,A,A,H,-,A,D,0,,,,,Y,,D,22,0,0,1,0,0,0,0,0,0,"- ","- ",37.955169677734375,-122.50875854492188,MARIN,"SAN RAFAEL",-122.50871276855469,37.955177307128906
9469473,2023,2023-10-20,2110,2023-08-22,1600,SP5287,10000,2,5,2,2110,0,0,0,,0,SP1,"BULKLEY AV","BULKLEY AV 77",0.00,,-,A,-,N,,,,,,,,,,Y,4,0,1,5,C,-,18,,,N,B,C,A,A,H,-,A,D,0,,,,,Y,,-,"- ",0,0,1,0,0,0,0,0,0,"- ","- ",,,MARIN,SAUSALITO,,
94695271,2025,2025-05-21,9350,2025-05-09,1515,022577,,5,2,9,2100,0,1,2,,1,080,"US-101 NORTHBOUND","SAN ANTONIO RD",1478.00,S,N,A,-,Y,MRN,,101," "," ",25.194,H,,R,Y,4,0,2,2,A,-,03,22350,,N,C,C,A,A,H,-,A,D,0,,,,,Y,,D,22,0,0,2,0,0,0,0,0,0,"- ","- ",38.160221099853516,-122.57121276855469,MARIN,UNINCORPORATED,-122.57122039794922,38.160213470458984
94695290,2025,2025-05-21,9350,2025-05-13,"740 ",017729,,2,1,4,2106,0,1,2,,1,080,"US-101 S/B","SR-37 OVER CROSSING",2640.00,N,N,A,-,Y,MRN,,101," "," ",19.500,H,,L,Y,3,0,3,2,A,-,03,22350,,N,C,C,A,A,H,-,A,D,0,,,,,Y,,D,22,0,1,2,0,0,0,0,0,0,"- ","- ",38.084449768066406,-122.55120086669922,MARIN,NOVATO,-122.55115509033203,38.084480285644531
94695333,2025,2025-05-21,9350,2025-05-14,"640 ",017729,,3,1,9,2100,0,1,2,,2,070,"US-101 S/B","MILLER CREEK ROAD OVER CROSSING",2112.00,S,N,A,-,Y,MRN,,101," "," ",15.124,H,,L,Y,3,0,2,2,A,-,03,22350,,N,C,C,A,A,H,-,A,D,0,,,,,Y,,A,07,0,1,1,0,0,0,0,0,0,"- ","- ",38.027099609375,-122.53800964355469,MARIN,UNINCORPORATED,-122.53798675537109,38.027099609375
94695489,2025,2025-05-21,9350,2025-05-07,1145,021266,,3,1,9,2100,0,3,5,,2,006,"ALAMEDA DE LA LOMA","ALAMEDA DEL PRADO",175.00,W,N,A,-,N,,,,,,,,,,N,4,0,1,2,A,-,09,21804,A,N,B,C,A,A,H,-,A,A,0,,,,,Y,,A,07,0,0,1,0,0,0,0,0,0,"- ","- ",38.064479827880859,-122.54006195068359,MARIN,UNINCORPORATED,-122.54006958007812,38.06451416015625
94697020,2025,2025-05-22,9350,2025-05-16,"550 ",024037,,5,3,9,2100,0,1,3,,2,013,SR-131,"REDWOOD HWY FRNTG RD.",0.00,,Y,A,-,N,,,,,,,,,,Y,4,0,1,2,A,-,12,21453,A,N,D,C,A,A,H,-,A,A,0,,,,,Y,,A,07,0,0,1,0,0,0,0,0,0,"- ","- ",37.902458190917969,-122.51261901855469,MARIN,UNINCORPORATED,-122.51255798339844,37.902580261230469
94697460,2025,2025-05-22,9350,2025-05-20,1530,019150,,2,2,9,2100,0,1,2,,2,070,"US-101 N/B","LUCAS VALLEY RD",2112.00,N,N,A,-,Y,MRN,,101," "," ",15.118,H,,R,N,4,0,1,2,A,-,03,22350,,N,C,C,A,A,H,-,A,D,0,,,,,Y,,D,22,0,0,1,0,0,0,0,0,0,"- ","- ",38.027030944824219,-122.53781890869141,MARIN,UNINCORPORATED,-122.53778076171875,38.027027130126953
94697690,2025,2025-05-22,9350,2025-05-21,1725,017201,,3,2,5,2109,0,1,2,,1,060,"US-101 S/B TO I-580 E/B","THE BELLAM BOULEVARD U/C",1346.00,N,N,A,-,Y,MRN,,580," "," ",4.760,H,,L,N,3,0,1,2,A,-,03,22350,,N,C,C,A,A,H,-,A,D,0,,,,,Y,,A,01,0,1,0,0,0,0,0,0,0,"- ","- ",37.962051391601562,-122.50974273681641,MARIN,"SAN RAFAEL",-122.50974273681641,37.962039947509766
94698663,2025,2025-05-23,9350,2025-05-16,1515,024016,,5,2,9,2100,0,1,3,,1,012,SR-1,"TENNESSEE VALLEY RD",382.00,N,N,A,-,N,,,,,,,,,,N,4,0,1,2,A,-,08,22107,,N,D,C,A,A,H,-,A,D,0,,,,,Y,,A,01,0,0,1,0,0,0,0,0,0,"- ","- ",37.880199432373047,-122.52381896972656,MARIN,UNINCORPORATED,-122.52365875244141,37.880073547363281
94698739,2025,2025-05-23,9350,2025-04-25,1734,022577,,5,2,2,2102,0,1,2,,2,050,"US-101 NORTHBOUND","TAMALPAIS DR",3960.00,S,N,A,-,Y,MRN,,101," "," ",6.609,H,,R,N,4,0,1,2,A,-,03,22350,,F,C,C,A,A,H,-,A,D,0,,,,,Y,,A,01,0,0,1,0,0,0,0,0,0,"- ","- ",37.915580749511719,-122.51148986816406,MARIN,"CORTE MADERA",-122.51145172119141,37.915573120117188
94699261,2025,2025-05-23,9350,2025-05-17,1350,024016,,6,1,9,2100,0,1,2,,2,040,"US-101 N/B","DONAHUE ST",2206.00,N,N,A,-,Y,MRN,,101," "," ",3.783,H,,R,Y,4,0,2,4,A,-,03,22350,,N,C,C,A,A,H,-,A,D,0,,,,,Y,,A,07,0,0,2,0,0,0,0,0,0,"- ","- ",37.876819610595703,-122.51155090332031,MARIN,UNINCORPORATED,-122.51160430908203,37.876766204833984
94701319,2025,2025-05-27,9350,2025-05-20,"650 ",024036,,2,1,9,2100,0,1,1,,2,115,"I-580 W/B","MAIN ST",8712.00,E,N,A,-,Y,MRN,,580," "," ",0.881,H,,L,Y,4,0,2,4,A,-,03,22350,,N,C,C,A,A,H,-,A,D,0,,,,,Y,,D,22,0,0,2,0,0,0,0,0,0,"- ","- ",37.935588836669922,-122.44992828369141,MARIN,UNINCORPORATED,-122.44994354248047,37.935504913330078
94701947,2025,2025-05-27,9350,2025-05-16,"750 ",017729,,5,1,5,2109,0,1,2,,2,070,"US-101 N/B TO LUCAS VALLEY RD.","SMITH RANCH ROAD",80.00,S,N,A,-,Y,,,,,,,,,,Y,4,0,2,3,A,-,03,22350,,N,C,C,A,A,H,-,A,A,0,,,,,Y,,D,22,0,0,2,0,0,0,0,0,0,"- ","- ",38.020351409912109,-122.53804779052734,MARIN,"SAN RAFAEL",-122.53911590576172,38.020957946777344
9470261,2023,2023-09-13,2105,2023-08-14,1656,MV6251,90004,1,5,3,2105,0,0,0,,0,MV2,"CAMINO ALTO","OVERHILL RD",950.00,N,N,A,-,N,,,,,,,,,,Y,4,0,1,2,A,-,03,22350,,N,B,C,A,A,H,-,A,D,0,,,,,Y,,A,01,0,0,1,0,0,0,0,0,0,"- ","- ",,,MARIN,"MILL VALLEY",-122.52743530273438,37.910800933837891
9470262,2023,2023-09-13,2105,2023-08-13,"833 ",MV6251,90001,7,5,3,2105,0,0,0,,0,MV2,"MILLER AV","LA GOMA ST",0.00,,Y,A,-,N,,,,,,,,,,Y,3,0,1,2,A,-,12,22450,A,N,D,C,A,A,H,-,A,A,0,,,Y,,Y,,C,02,0,1,0,0,0,0,0,0,0,"- ","- ",,,MARIN,"MILL VALLEY",-122.53694915771484,37.897560119628906
9470263,2023,2023-09-14,2105,2023-08-17,1208,MV6242,90003,4,5,3,2105,0,0,0,,0,MV2,"REDWOOD HWY FRNTG RD","HAMILTON DR",27.00,E,N,A,-,N,,,,,,,,,,N,3,0,1,2,A,-,08,22107,,N,B,G,A,A,H,-,A,A,0,,Y,,,Y,,L,04,0,1,0,0,0,0,1,0,0,"- ","- ",,,MARIN,"MILL VALLEY",-122.51689147949219,37.891891479492188
9470264,2023,2023-09-13,2105,2023-08-23,"137 ",MV6243,90004,3,5,3,2105,0,0,0,,0,MV1,"WEST BLITHEDALE AV","ELDRIDGE AV",0.00,,Y,A,-,N,,,,,,,,,,Y,3,0,1,2,A,-,01,23152,A,M,E,E,A,A,H,-,C,D,0,,,,,Y,Y,A,01,0,1,0,0,0,0,0,0,0,"- ","- ",,,MARIN,"MILL VALLEY",-122.54901123046875,37.911159515380859
9470266,2023,2023-09-13,2105,2023-08-20,1922,MV6251,90003,7,5,3,2105,0,0,0,,0,MV2,"CAMINO ALTO","KITE HILL LN",72.00,S,N,A,-,N,,,,,,,,,,Y,3,0,1,1,A,-,01,23152,B,N,E,I,A,A,H,-,A,D,0,,,,,Y,Y,A,01,0,1,0,0,0,0,0,0,0,"- ","- ",,,MARIN,"MILL VALLEY",-122.52724456787109,37.904495239257812
94703841,2025,2025-05-28,9350,2025-05-16,1445,024001,,5,2,9,2100,0,2,4,,2,024,"SIR FRANCIS DRAKE BLVD","WOLFE GRADE",0.00,,Y,A,-,N,,,,,,,,,,N,4,0,1,1,A,-,21,22106,,N,H,A,A,A,H,-,A,A,0,,,,,Y,,-,"- ",0,0,1,0,0,0,0,0,0,"- ","- ",37.952968597412109,-122.53820037841797,MARIN,UNINCORPORATED,-122.53818511962891,37.952926635742188
94705273,2025,2025-05-29,9350,2025-05-18,"12  ",023802,,7,3,9,2100,0,3,5,,2,006,"NICASIO VALLEY RD","LUCAS VALLEY ROAD",6864.00,W,N,A,-,N,,,,,,,,,,Y,4,0,1,3,A,-,05,21460,A,F,A,C,A,A,H,-,D,D,0,,,,,Y,Y,A,01,0,0,1,0,0,0,0,0,0,"- ","- ",38.078571319580078,-122.71021270751953,MARIN,UNINCORPORATED,-122.70455932617188,38.070625305175781
94705454,2025,2025-05-29,9350,2025-05-27,"745 ",016034,,2,1,5,2109,0,1,2,,1,060,"US 101 S/B FROM E/B MANUEL T. FREITAS PKWY.","MANUEL T. FREITAS PKWY.",490.00,S,N,A,-,Y,MRN,,101," "," ",13.602,H,,L,N,4,0,1,2,A,-,03,22350,,N,C,C,A,A,H,-,A,D,0,,,,,Y,,A,01,0,0,1,0,0,0,0,0,0,"- ","- ",38.005580902099609,-122.5408935546875,MARIN,"SAN RAFAEL",-122.54076385498047,38.005630493164062
94705475,2025,2025-05-29,9350,2025-05-27,1240,015964,,2,1,9,2100,0,2,4,,1,046,"PT. REYES-PETALUMA RD","PLATFORM BRIDGE RD",5280.00,W,N,A,-,N,,,,,,,,,,Y,3,0,1,1,A,-,08,22107,,N,E,I,A,A,H,-,A,D,0,,,,,Y,,A,01,0,1,0,0,0,0,0,0,0,"- ","- ",38.078090667724609,-122.77564239501953,MARIN,UNINCORPORATED,-122.77586364746094,38.078128814697266
9470716,2023,2023-10-09,2108,2023-08-22,1524,145,2,2,5,3,2108,0,0,0,,0,003,"CENTER BL","SIR FRANCIS DRAKE BL",108.00,W,N,A,-,N,,,,,,,,,,N,2,0,3,2,A,-,08,22107,,N,H,G,A,A,H,-,A,D,0,,Y,,,Y,,A,01,1,2,0,0,0,0,3,0,0,"- ","- ",37.976520538330078,-122.56157684326172,MARIN,"SAN ANSELMO",-122.56206512451172,37.976444244384766
9470717,2023,2023-10-09,2102,2023-08-27,1318,138,2,7,5,2,2102,0,0,0,,0,001,"PARADISE DR","PRINCE ROYAL DR",0.00,,Y,A,-,N,,,,,,,,,,N,2,0,1,1,A,-,08,22107,,N,E,I,A,A,H,-,A,D,0,,Y,,,Y,,L,04,1,0,0,0,0,0,1,0,0,"- ","- ",37.919219970703125,-122.50285339355469,MARIN,"CORTE MADERA",-122.50277709960938,37.919170379638672
9470718,2023,2023-10-09,2102,2023-08-28,1433,026,2,1,5,2,2102,0,0,0,,0,001,"PARADISE DR","UPLAND CIR",75.00,E,N,A,-,N,,,,,,,,,,N,2,0,1,1,A,-,03,22350,,N,E,J,A,A,A,G,A,D,0,,Y,,,Y,,L,04,1,0,0,0,0,0,1,0,0,"- ","- ",37.920291900634766,-122.49076080322266,MARIN,"CORTE MADERA",-122.490478515625,37.919937133789062
94707691,2025,2025-05-30,9350,2025-05-25,1605,022271,,7,2,9,2100,0,2,4,,1,016,"LUCAS VALLEY RD","LOMA ALTA FIRE ROAD",2795.00,W,N,A,-,N,,,,,,,,,,N,4,0,1,1,A,-,03,22350,,N,F,A,A,A,H,-,A,D,0,,Y,,,Y,,L,04,0,0,1,0,0,0,1,0,0,"- ","- ",38.043781280517578,-122.61464691162109,MARIN,UNINCORPORATED,,
94711018,2025,2025-06-03,9350,2025-05-29,1634,022577,,4,2,9,2100,0,3,5,,2,004,"COLLEGE AVE","SIR FRANCIS DRAKE BLVD",833.00,S,N,A,-,N,,,,,,,,,,N,4,0,1,1,A,-,08,22107,,N,E,I,A,A,H,-,A,D,0,,,,,Y,,A,08,0,0,1,0,0,0,0,0,0,"- ","- ",37.953559875488281,-122.54882049560547,MARIN,UNINCORPORATED,-122.54881286621094,37.953739166259766
94714271,2025,2025-06-05,9350,2025-05-30,1635,022271,,5,2,4,2106,0,1,2,,1,080,"US-101 N/B","SAN MARIN DR",5491.00,N,N,A,-,Y,MRN,,101," ",R,23.018,H,,R,N,2,0,1,3,A,-,07,21658,A,N,B,C,A,A,D,-,A,D,0,,,Y,,Y,,A,07,1,0,0,0,0,0,0,0,1,"- ","- ",38.132701873779297,-122.56363677978516,MARIN,NOVATO,-122.5635986328125,38.132701873779297
94714797,2025,2025-06-05,9350,2025-05-31,1205,024120,,6,1,9,2100,0,1,1,,1,015,"I-580 W/B","MAIN ST",11616.00,E,N,A,-,Y,MRN,,580," "," ",0.413,H,,L,N,4,0,1,3,A,-,03,22350,,N,C,C,A,A,H,-,A,A,0,,,,,Y,,A,07,0,0,1,0,0,0,0,0,0,"- ","- ",37.934970855712891,-122.44136810302734,MARIN,UNINCORPORATED,-122.44137573242188,37.934883117675781
94715245,2025,2025-06-05,9350,2025-05-16,1537,023669,,5,2,9,2100,0,3,5,,2,004,"JULIA AVE","MORNING SUN AVE",76.00,S,N,A,-,N,,,,,,,,,,N,2,0,2,1,C,-,18,,,N,H,A,A,A,H,-,A,D,0,,Y,,,Y,,-,"- ",1,1,0,0,0,0,2,0,0,"- ","- ",37.886329650878906,-122.52651977539062,MARIN,UNINCORPORATED,-122.5264892578125,37.886367797851562
94716240,2025,2025-06-06,9350,2025-06-02,1425,020979,,1,2,5,2109,0,1,1,,1,015,"I-580 E/B","BELLAM BLVD",1700.00,E,N,A,-,Y,MRN,,580," "," ",4.183,H,,R,N,4,0,1,2,A,-,03,22350,,N,C,C,A,A,H,-,A,D,0,,,,,Y,,A,01,0,0,1,0,0,0,0,0,0,"- ","- ",37.956321716308594,-122.50167083740234,MARIN,"SAN RAFAEL",-122.50148773193359,37.956439971923828
94716310,2025,2025-06-06,9350,2025-06-03,1910,022271,,2,2,9,2100,0,1,2,,2,050,"US-101 N/B","TIBURON BLVD",1910.00,N,N,A,-,Y,MRN,,101," "," ",6.066,H,,R,N,3,0,1,1,A,-,08,22107,,N,F,I,A,A,H,-,A,D,0,,,,,Y,,A,01,0,1,0,0,0,0,0,0,0,"- ","- ",37.907981872558594,-122.51416015625,MARIN,UNINCORPORATED,-122.51427459716797,37.908008575439453