CASE_ID,ACCIDENT_YEAR,PROC_DATE,JURIS,COLLISION_DATE,COLLISION_TIME,OFFICER_ID,REPORTING_DISTRICT,DAY_OF_WEEK,CHP_SHIFT,POPULATION,CNTY_CITY_LOC,SPECIAL_COND,BEAT_TYPE,CHP_BEAT_TYPE,CITY_DIVISION_LAPD,CHP_BEAT_CLASS,BEAT_NUMBER,PRIMARY_RD,SECONDARY_RD,DISTANCE,DIRECTION,INTERSECTION,WEATHER_1,WEATHER_2,STATE_HWY_IND,CALTRANS_COUNTY,CALTRANS_DISTRICT,STATE_ROUTE,ROUTE_SUFFIX,POSTMILE_PREFIX,POSTMILE,LOCATION_TYPE,RAMP_INTERSECTION,SIDE_OF_HWY,TOW_AWAY,COLLISION_SEVERITY,NUMBER_KILLED,NUMBER_INJURED,PARTY_COUNT,PRIMARY_COLL_FACTOR,PCF_CODE_OF_VIOL,PCF_VIOL_CATEGORY,PCF_VIOLATION,PCF_VIOL_SUBSECTION,HIT_AND_RUN,TYPE_OF_COLLISION,MVIW,PED_ACTION,ROAD_SURFACE,ROAD_COND_1,ROAD_COND_2,LIGHTING,CONTROL_DEVICE,CHP_ROAD_TYPE,PEDESTRIAN_ACCIDENT,BICYCLE_ACCIDENT,MOTORCYCLE_ACCIDENT,TRUCK_ACCIDENT,NOT_PRIVATE_PROPERTY,ALCOHOL_INVOLVED,STWD_VEHTYPE_AT_FAULT,CHP_VEHTYPE_AT_FAULT,COUNT_SEVERE_INJ,COUNT_VISIBLE_INJ,COUNT_COMPLAINT_PAIN,COUNT_PED_KILLED,COUNT_PED_INJURED,COUNT_BICYCLIST_KILLED,COUNT_BICYCLIST_INJURED,COUNT_MC_KILLED,COUNT_MC_INJURED,PRIMARY_RAMP,SECONDARY_RAMP,LATITUDE,LONGITUDE,COUNTY,CITY,POINT_X,POINT_Y
94761781,2025,2025-07-15,9350,2025-06-21,2325,024174,,6,3,9,2100,0,3,5,,2,002,"OLEMA BOLINAS RD","MESA RD",538.00,N,N,A,-,N,,,,,,,,,,N,2,0,1,1,A,-,08,22107,,N,F,A,A,A,H,-,C,A,0,,,Y,,Y,,-,"- ",1,0,0,0,0,0,0,0,1,"- ","- ",37.913421630859375,-122.69119262695312,MARIN,UNINCORPORATED,-122.69114685058594,37.913406372070312
94761889,2025,2025-07-15,9350,2025-07-07,1515,024578,,1,2,9,2100,0,2,4,,1,046,"POINT REYES-PETALUMA ROAD","NICASIO VALLEY RD",250.00,E,N,A,-,N,,,,,,,,,,Y,4,0,1,2,A,-,09,21804,A,N,B,C,A,A,H,-,A,D,0,,,,,Y,,A,01,0,0,1,0,0,0,0,0,0,"- ","- ",38.097599029541016,-122.73293304443359,MARIN,UNINCORPORATED,-122.73285675048828,38.097682952880859
94761900,2025,2025-07-15,9350,2025-06-29,1155,024001,,7,1,9,2100,0,3,5,,2,002,"SIR FRANCIS DRAKE BLVD","PIERCE POINT RD",1637.00,W,N,A,-,N,,,,,,,,,,Y,2,0,1,1,A,-,03,22350,,N,E,I,A,A,H,-,A,D,0,,,Y,,Y,,C,02,1,0,0,0,0,0,0,0,1,"- ","- ",38.109718322753906,-122.89376068115234,MARIN,UNINCORPORATED,-122.89328765869141,38.109512329101562
94762096,2025,2025-07-15,9350,2025-06-22,"745 ",024557,,7,1,2,2110,0,1,2,,1,030,"US-101 NB","NORTH BRIDGE BOULEVARD UNDERCROSSING",1320.00,S,N,A,-,Y,MRN,,101," "," ",3.122,H,,R,Y,3,0,1,1,A,-,01,23152,A,N,E,8,A,A,H,-,A,D,0,,,,,Y,Y,A,01,0,1,0,0,0,0,0,0,0,"- ","- ",37.868148803710938,-122.50701141357422,MARIN,SAUSALITO,-122.50711059570312,37.868152618408203
9476464,2022,2022-07-19,2108,2022-06-10,1205,026,3,5,5,3,2108,0,0,0,,0,003,"BUTTERFIELD RD","ARROYO AV",263.00,S,N,A,-,N,,,,,,,,,,N,2,0,1,2,A,-,08,22107,,F,G,B,F,A,H,-,A,D,0,Y,,,,Y,,D,22,1,0,0,0,1,0,0,0,0,"- ","- ",,,MARIN,"SAN ANSELMO",-122.57654571533203,37.991329193115234
9476470,2022,2022-08-30,2109,2022-07-02,2127,572,54,6,5,5,2109,0,0,0,,0,006,"SILVEIRA PKWY","NORTH AV",200.00,S,N,A,-,N,,,,,,,,,,Y,3,0,1,4,A,-,01,23152,,N,B,E,A,A,H,-,C,D,0,,,,,Y,Y,A,01,0,1,0,0,0,0,0,0,0,"- ","- ",38.018638610839844,-122.52631378173828,MARIN,"SAN RAFAEL",-122.52507019042969,38.021766662597656
9476471,2022,2022-07-25,2109,2022-07-07,1148,637,23,4,5,5,2109,0,0,0,,0,003,"SHORELINE PKWY","KERNER BL",321.00,E,N,A,-,N,,,,,,,,,,N,4,0,1,2,A,-,03,22350,,N,C,C,A,A,H,-,A,D,0,,,,,Y,,D,22,0,0,1,0,0,0,0,0,0,"- ","- ",37.953010559082031,-122.492919921875,MARIN,"SAN RAFAEL",-122.49281311035156,37.951862335205078
9476472,2022,2022-07-25,2109,2022-07-10,1926,655,19,7,5,5,2109,0,0,0,,0,003,"FRANCISCO BL E","MEDWAY RD",0.00,,Y,A,-,N,,,,,,,,,,Y,3,0,2,2,A,-,03,22350,,N,C,C,A,A,H,-,A,A,0,,,,,Y,,D,73,0,1,1,0,0,0,0,0,0,"- ","- ",37.96295166015625,-122.51024627685547,MARIN,"SAN RAFAEL",-122.51026916503906,37.962989807128906
94766218,2025,2025-07-17,9350,2025-06-19,1211,024523,,4,1,9,2100,0,1,2,,1,080,"US 101 SOUTHBOUND","SAN ANTONIO RD",52.00,S,N,A,-,Y,MRN,,101," "," ",25.334,H,,L,Y,4,0,1,3,A,-,03,22350,,N,C,C,A,A,H,-,A,D,0,,,,,Y,,A,01,0,0,1,0,0,0,0,0,0,"- ","- ",38.161468505859375,-122.57314300537109,MARIN,UNINCORPORATED,-122.57317352294922,38.161441802978516
94766241,2025,2025-07-17,9350,2025-07-09,1425,022578,,3,2,9,2100,0,1,2,,1,120,"US-101 S/B (GGB WEST SIDEWALK)","ALEXANDER AVE U/C",1980.00,S,N,A,-,Y,,,,,,,,,,N,4,0,1,1,A,-,08,22107,,N,E,I,A,A,H,-,A,D,0,,Y,,,Y,,L,04,0,0,1,0,0,0,1,0,0,"- ","- ",37.831741333007812,-122.48007965087891,MARIN,UNINCORPORATED,-122.48026275634766,37.831623077392578
94766264,2025,2025-07-17,9350,2025-07-09,1759,024578,,3,2,9,2100,0,1,1,,1,015,"I-580 E/B","MAIN ST",4800.00,E,N,A,-,Y,MRN,,580," "," ",1.706,H,,R,Y,4,0,4,2,A,-,03,22350,,M,C,C,A,A,H,-,A,D,0,,,,,Y,,A,01,0,0,4,0,0,0,0,0,0,"- ","- ",37.939479827880859,-122.46421813964844,MARIN,UNINCORPORATED,-122.46421051025391,37.939498901367188
94766461,2025,2025-09-03,9350,2025-07-02,"850 ",024098,,3,1,9,2100,0,2,4,,1,014,"PANORAMIC HWY","EDGEWOOD AVE",10.00,S,N,B,-,N,,,,,,,,,,N,4,0,1,2,A,-,09,21801,A,N,D,C,A,A,H,-,A,D,0,,,,,Y,,A,07,0,0,1,0,0,0,0,0,0,"- ","- ",37.909919738769531,-122.57701873779297,MARIN,UNINCORPORATED,-122.57701110839844,37.909954071044922
94766928,2025,2025-07-17,9350,2025-07-09,"850 ",017729,,3,1,9,2100,0,1,2,,2,070,"US-101 S/B","MILLER CREEK ROAD OVERCROSSING",2112.00,N,N,A,-,Y,MRN,,101," "," ",15.980,H,,L,N,3,0,3,3,A,-,03,22350,,N,C,C,A,A,H,-,A,D,0,,,,,Y,,A,01,0,2,1,0,0,0,0,0,0,"- ","- ",38.039440155029297,-122.53701019287109,MARIN,UNINCORPORATED,-122.53706359863281,38.039432525634766
94769634,2025,2025-07-21,9350,2025-07-09,2330,023731,,3,3,9,2100,0,1,1,,1,015,"I-580 W/B","MAIN ST",1820.00,E,N,A,-,Y,MRN,,580," "," ",2.253,H,,L,N,3,0,1,1,A,-,08,22107,,N,E,8,A,A,H,-,C,D,0,,,,,Y,,-,"- ",0,1,0,0,0,0,0,0,0,"- ","- ",37.941951751708984,-122.47377014160156,MARIN,UNINCORPORATED,-122.47381591796875,37.941795349121094
94769642,2025,2025-07-21,9350,2025-07-13,1400,024244,,7,2,9,2100,0,1,3,,1,042,"SR-1 S/B","HORSESHOE HILL RD",7181.00,N,N,A,-,Y,MRN,,1," "," ",19.067,H,,L,N,4,0,1,1,A,-,03,22350,,N,F,A,A,A,H,-,A,D,0,,,Y,,Y,,C,02,0,0,1,0,0,0,0,0,1,"- ","- ",37.957199096679688,-122.71572113037109,MARIN,UNINCORPORATED,-122.71570587158203,37.957233428955078
94770049,2025,2025-07-21,9350,2025-06-19,2240,024120,,4,3,9,2100,0,1,1,,1,015,"I-580 E/B","MAIN ST",11827.00,E,N,A,-,Y,MRN,,580," "," ",0.372,H,,R,N,3,0,1,3,A,-,01,23152,A,N,C,C,A,A,D,-,C,A,0,,,,,Y,Y,A,01,0,1,0,0,0,0,0,0,0,"- ","- ",37.934951782226562,-122.44062042236328,MARIN,UNINCORPORATED,-122.44063568115234,37.934833526611328
94770056,2025,2025-07-21,9350,2025-06-22,2235,024120,,7,3,9,2100,0,1,3,,2,037,"SR-37 W/B","ATHERTON AVE",50.00,E,N,A,-,Y,MRN,,37," "," ",13.785,H,,L,Y,3,0,1,1,A,-,01,23152,A,N,E,I,A,A,H,-,D,D,0,,,,,Y,Y,D,22,0,1,0,0,0,0,0,0,0,"- ","- ",38.105728149414062,-122.51161193847656,MARIN,UNINCORPORATED,-122.51157379150391,38.105701446533203
94770145,2025,2025-07-21,9350,2025-06-15,1540,024306,,7,2,9,2100,0,2,4,,1,046,"POINT REYES PETALUMA ROAD","SAN ANTONIO RD",2050.00,S,N,A,-,N,,,,,,,,,,Y,2,0,1,2,A,-,05,21460,A,N,D,C,A,A,H,-,A,D,0,,,Y,,Y,,C,02,1,0,0,0,0,0,0,0,1,"- ","- ",38.185581207275391,-122.665771484375,MARIN,UNINCORPORATED,,
94772712,2025,2025-07-22,9350,2025-07-10,"751 ",024523,,4,1,4,2106,0,1,2,,2,070,"US 101 SOUTHBOUND","IGNACIO OVER CROSSING",1373.00,S,N,A,-,Y,MRN,,101," "," ",17.742,H,,L,N,4,0,2,2,A,-,03,22350,,N,C,C,A,A,H,-,A,D,0,,,,,Y,,A,01,0,0,2,0,0,0,0,0,0,"- ","- ",38.063060760498047,-122.53466796875,MARIN,NOVATO,-122.53471374511719,38.063034057617188
94773062,2025,2025-07-22,9350,2025-07-14,1425,019150,,1,2,9,2100,0,1,2,,1,080,"US-101 S/B","SAN ANTONIO RD",3696.00,S,N,A,-,Y,MRN,,101," "," ",24.838,H,,L,Y,2,0,3,3,A,-,01,23152,A,N,C,E,A,A,D,-,A,D,0,,,,,Y,Y,A,07,1,1,1,0,0,0,0,0,0,"- ","- ",38.155529022216797,-122.56849670410156,MARIN,UNINCORPORATED,-122.56845855712891,38.155536651611328
94773830,2025,2025-07-23,9350,2025-07-18,1708,024074,,5,2,9,2100,0,1,2,,1,080,"US-101 SB","SAN ANTONIO ROAD OVERCROSSING",1434.00,S,N,A,-,Y,MRN,,101," "," ",25.217,H,,L,Y,4,0,1,2,A,-,03,22350,,N,C,C,A,A,H,-,A,D,0,,,,,Y,,A,01,0,0,1,0,0,0,0,0,0,"- ","- ",38.160259246826172,-122.57166290283203,MARIN,UNINCORPORATED,-122.57160949707031,38.160301208496094
94774170,2025,2025-07-23,9350,2025-07-16,1530,019150,,3,2,4,2106,0,1,2,,1,080,"US-101 N/B","ATHERTON AVE",4224.00,N,N,A,-,Y,MRN,,101," ",R,22.763,H,,R,N,4,0,1,1,A,-,08,22107,,N,F,A,A,A,D,-,A,D,0,,,Y,,Y,,C,02,0,0,1,0,0,0,0,0,1,"- ","- ",38.128948211669922,-122.56446838378906,MARIN,NOVATO,-122.56439208984375,38.128925323486328
94774488,2025,2025-07-23,9350,2025-07-21,1435,024198,,1,2,5,2109,0,1,2,,2,050,"US-101 N/B","RT 580",1056.00,S,N,B,-,Y,MRN,,101," "," ",9.748,H,,R,N,4,0,4,2,A,-,03,22350,,N,C,C,A,A,H,-,A,D,0,,,,,Y,,A,01,0,0,4,0,0,0,0,0,0,"- ","- ",37.958911895751953,-122.50927734375,MARIN,"SAN RAFAEL",-122.5091552734375,37.95892333984375
94775425,2025,2025-07-24,9350,2025-07-17,1810,020979,,4,2,5,2109,0,1,2,,2,050,"US-101 N/B","RT 580",1220.00,S,N,A,-,Y,MRN,,101," "," ",9.735,H,,R,Y,4,0,6,4,A,-,03,22350,,N,C,C,A,A,H,-,A,D,0,,,,,Y,,D,22,0,0,6,0,0,0,0,0,0,"- ","- ",37.958721160888672,-122.50907897949219,MARIN,"SAN RAFAEL",-122.50911712646484,37.958717346191406
94775912,2025,2025-07-24,9350,2025-07-13,1155,024523,,7,1,9,2100,0,3,5,,2,005,"POINT SAN PEDRO ROAD E/B","SUMMIT AVE",460.00,W,N,A,-,N,,,,,,,,,,N,3,0,1,1,A,-,08,22107,,N,E,I,A,A,H,-,A,D,0,,,Y,,Y,,C,02,0,1,0,0,0,0,0,0,1,"- ","- ",37.972740173339844,-122.49968719482422,MARIN,UNINCORPORATED,-122.49967193603516,37.972896575927734
94775996,2025,2025-11-19,9350,2025-07-08,1330,024608,,2,1,9,2100,0,3,5,,2,003,"REED BLVD","REDWOOD HIGHWAY FRONTAGE ROAD",0.00,,Y,A,-,N,,,,,,,,,,N,3,0,1,2,A,-,10,21950,A,N,G,B,D,A,H,-,A,D,0,Y,,,,Y,,A,07,0,1,0,0,1,0,0,0,0,"- ","- ",37.901210784912109,-122.51495361328125,MARIN,UNINCORPORATED,-122.51499176025391,37.901248931884766
94777084,2025,2025-07-25,9350,2025-06-04,"336 ",023068,,3,3,5,2109,0,1,2,,1,060,"US-101 SOUTHBOUND","N. SAN PEDRO RD",1665.00,N,N,A,-,Y,MRN,,101," "," ",12.960,H,,L,N,2,0,1,1,A,-,08,22107,,N,E,I,A,A,H,-,C,D,0,,,,,Y,,A,07,1,0,0,0,0,0,0,0,0,"- ","- ",37.997428894042969,-122.53462982177734,MARIN,"SAN RAFAEL",-122.53471374511719,37.997386932373047
9477750,2022,2022-08-23,2104,2022-06-15,1234,CM118,1B,3,5,3,2104,0,0,0,,0,002,"SIR FRANCIS DRAKE BL","BARRY RD",0.00,,Y,A,-,N,,,,,,,,,,N,3,0,1,2,A,-,04,21703,,N,C,C,A,A,H,-,A,D,0,,,,,Y,,A,71,0,1,0,0,0,0,0,0,0,"- ","- ",,,MARIN,LARKSPUR,-122.52033233642578,37.945602416992188
9477751,2022,2022-09-02,2102,2022-06-16,1143,078,2,4,5,2,2102,0,0,0,,0,001,"CHAPMAN DR","TAMALPAIS DR",13.00,S,N,A,-,N,,,,,,,,,,N,4,0,1,1,A,-,03,22350,,N,E,I,A,A,H,-,A,D,0,,Y,,,Y,,L,04,0,0,1,0,0,0,1,0,0,"- ","- ",37.925571441650391,-122.52616882324219,MARIN,"CORTE MADERA",-122.52615356445312,37.92547607421875
9477752,2022,2022-09-02,2102,2022-06-16,1556,078,2,4,5,2,2102,0,0,0,,0,001,"PARADISE DR","PRINCE ROYAL DR",0.00,,Y,A,-,N,,,,,,,,,,N,4,0,2,2,A,-,09,21802,A,N,D,C,A,A,H,-,A,D,0,,,,,Y,,A,01,0,0,2,0,0,0,0,0,0,"- ","- ",37.919219970703125,-122.50285339355469,MARIN,"CORTE MADERA",-122.50277709960938,37.919170379638672
9477753,2022,2022-10-04,2117,2022-06-09,0200,143,1B,4,5,3,2104,0,0,0,,0,002,"VIA CASITAS","VIA HIDALGO",158.00,W,N,A,-,N,,,,,,,,,,Y,3,0,1,3,A,-,01,23152,A,N,B,E,A,A,H,-,C,D,0,,,,,Y,Y,A,01,0,1,0,0,0,0,0,0,0,"- ","- ",37.946971893310547,-122.53035736083984,MARIN,LARKSPUR,-122.53034973144531,37.947063446044922
9477754,2022,2022-09-02,2108,2022-06-11,1500,111,3,6,5,3,2108,0,0,0,,0,003,"SIR FRANCIS DRAKE BL","ASH AV",32.00,E,N,A,-,N,,,,,,,,,,N,3,0,1,2,A,-,08,22107,,F,C,C,A,A,H,-,A,D,0,,,Y,,Y,,A,01,0,1,0,0,0,0,0,0,1,"- ","- ",,,MARIN,"SAN ANSELMO",-122.57431030273438,37.985458374023438
94781233,2025,2025-07-29,9350,2025-07-19,1220,018399,,6,1,4,2106,0,1,2,,2,070,"US-101 NB","NAVE DR",407.00,S,N,A,-,Y,MRN,,101," "," ",16.558,H,,R,N,4,0,1,2,A,-,17,23114,A,N,H,C,A,A,H,-,A,D,0,,,,,Y,,A,08,0,0,1,0,0,0,0,0,0,"- ","- ",38.047031402587891,-122.53282928466797,MARIN,NOVATO,-122.53280639648438,38.047019958496094
94781458,2025,2025-07-29,9350,2025-07-19,1350,024244,,6,1,9,2100,0,1,3,,1,042,SR-1,"FAIRFAX BOLINAS RD",0.00,,Y,A,-,Y,MRN,,1," "," ",17.062,H,,R,N,4,0,1,2,A,-,09,21804,A,N,D,C,A,A,H,-,A,A,0,,,,,Y,,A,07,0,0,1,0,0,0,0,0,0,"- ","- ",37.934650421142578,-122.69734191894531,MARIN,UNINCORPORATED,-122.69734954833984,37.93463134765625
94781466,2025,2025-07-29,9350,2025-07-24,1410,024523,,4,2,5,2109,0,1,2,,2,050,"US-101 N/B","RT 580",1780.00,S,N,A,-,Y,MRN,,101," "," ",9.635,H,,R,N,4,0,1,2,A,-,03,22350,,N,C,C,A,A,H,-,A,D,0,,,,,Y,,A,01,0,0,1,0,0,0,0,0,0,"- ","- ",37.957141876220703,-122.50878143310547,MARIN,"SAN RAFAEL",-122.50881195068359,37.957134246826172
94781618,2025,2025-07-29,9350,2025-07-14,"235 ",024001,,1,3,9,2100,0,1,2,,2,020,"US-101 SOUTHBOUND","ALEXANDER AVE",1756.00,N,N,E,-,Y,MRN,,101," "," ",0.680,H,,L,Y,3,0,1,2,A,-,01,23152,A,N,C,4,A,A,H,-,C,D,0,,,,,Y,Y,A,01,0,1,0,0,0,0,0,0,0,"- ","- ",37.840400695800781,-122.48690795898438,MARIN,UNINCORPORATED,-122.48679351806641,37.840358734130859
9478182,2022,2022-08-01,2109,2022-07-07,1806,649,16,4,5,5,2109,0,0,0,,0,002,"3RD ST","A ST",0.00,,Y,A,-,N,,,,,,,,,,Y,3,0,2,2,A,-,00,22453,A,N,D,C,A,A,H,-,A,A,0,,,,,Y,,A,01,0,2,0,0,0,0,0,0,0,"- ","- ",37.972171783447266,-122.52837371826172,MARIN,"SAN RAFAEL",-122.52838134765625,37.972160339355469
9478183,2022,2022-08-01,2109,2022-07-07,1758,649,7,4,5,5,2109,0,0,0,,0,001,"C ST","4TH ST",0.00,,Y,A,-,N,,,,,,,,,,N,3,0,1,2,A,-,00,21953,A,N,G,B,B,A,H,-,A,A,0,Y,,,,Y,,A,01,0,1,0,0,1,0,0,0,0,"- ","- ",37.973388671875,-122.53073120117188,MARIN,"SAN RAFAEL",-122.53073120117188,37.973403930664062
9478184,2022,2022-08-01,2109,2022-07-08,1402,651,23,5,5,5,2109,0,0,0,,0,003,"GRANGE AV","FRANCISCO BL",0.00,,Y,A,-,N,,,,,,,,,,N,3,0,1,2,A,-,06,21750,,N,H,G,A,A,H,-,A,D,0,,Y,,,Y,Y,A,07,0,1,0,0,0,0,1,0,0,"- ","- ",37.945549011230469,-122.48873138427734,MARIN,"SAN RAFAEL",-122.48870086669922,37.945522308349609
9478185,2022,2022-08-01,2109,2022-07-08,1507,592,8,5,5,5,2109,0,0,0,,0,001,"2ND ST","WEST ST",0.00,,Y,A,-,N,,,,,,,,,,N,2,0,1,2,A,-,09,21801,A,N,D,G,A,A,D,-,A,A,0,,,,,Y,,A,01,1,0,0,0,0,0,0,0,0,"- ","- ",37.974140167236328,-122.53556823730469,MARIN,"SAN RAFAEL",-122.54048919677734,37.9737548828125
94782781,2025,2025-07-30,9350,2025-07-19,1850,024198,,6,2,9,2100,0,1,1,,1,015,"I-580 E/B","MAIN STREET",8448.00,E,N,A,-,Y,MRN,,580," "," ",0.969,H,,R,N,4,0,1,2,A,-,08,22107,,N,B,C,A,A,H,-,A,D,0,,,Y,,Y,,C,02,0,0,1,0,0,0,0,0,1,"- ","- ",37.935848236083984,-122.45150756835938,MARIN,UNINCORPORATED,-122.45153045654297,37.935764312744141
9478405,2022,2022-08-02,2105,2022-06-01,1243,MV6242,90002,3,5,3,2105,0,0,0,,0,MV2,"MILLER AV","MILLER TER",74.00,S,N,A,-,N,,,,,,,,,,N,4,0,1,3,A,-,03,22350,,N,C,C,A,A,H,-,A,A,0,,,,,Y,,A,01,0,0,1,0,0,0,0,0,0,"- ","- ",,,MARIN,"MILL VALLEY",-122.54689788818359,37.904579162597656
9478406,2022,2022-08-02,2105,2022-06-08,1751,MV6240,90001,3,5,3,2105,0,0,0,,0,MV2,"MILLER AV","EVERGREEN AV",0.00,,Y,A,-,N,,,,,,,,,,Y,4,0,1,2,A,-,09,21800,A,N,D,C,A,A,H,-,A,D,0,,,,,Y,,A,01,0,0,1,0,0,0,0,0,0,"- ","- ",,,MARIN,"MILL VALLEY",-122.53617095947266,37.896568298339844
9478407,2022,2022-08-25,2105,2022-06-27,1830,MV6238,90000,1,5,3,2105,0,0,0,,0,MV1,"EDGEWOOD AV","WILDOMAR ST",0.00,,Y,A,-,N,,,,,,,,,,N,4,0,2,2,A,-,09,21802,A,N,D,D,A,A,H,-,A,D,0,,,,,Y,,A,01,0,0,2,0,0,0,0,0,0,"- ","- ",,,MARIN,"MILL VALLEY",-122.54914093017578,37.900558471679688
9478408,2022,2022-08-02,2105,2022-06-28,0700,MV6209,90002,2,5,3,2105,0,0,0,,0,MV2,"MILLER AV","MONTFORD AV",0.00,,Y,A,-,N,,,,,,,,,,Y,4,0,1,2,A,-,12,22450,A,N,D,C,A,A,H,-,A,A,0,,,,,Y,,A,01,0,0,1,0,0,0,0,0,0,"- ","- ",,,MARIN,"MILL VALLEY",-122.53704833984375,37.897487640380859
9478409,2022,2022-08-02,2105,2022-06-08,0831,MV6236,90000,3,5,3,2105,0,0,0,,0,MV2,"SYCAMORE AV","VALLEY CIR",200.00,E,N,A,-,N,,,,,,,,,,N,3,0,1,2,A,-,03,22350,,N,E,G,A,A,H,-,A,D,0,,Y,,,Y,,L,04,0,1,0,0,0,0,1,0,0,"- ","- ",,,MARIN,"MILL VALLEY",-122.53211212158203,37.897209167480469
94784143,2025,2025-07-31,9350,2025-07-20,1714,024489,,7,2,5,2109,0,1,1,,1,015,"I-580 E/B","SIR FRANCIS DRAKE BLVD",540.00,E,N,A,-,Y,MRN,,580," "," ",3.256,H,,R,Y,2,0,1,1,A,-,01,23152,A,N,B,I,A,A,H,-,A,D,0,,,,,Y,Y,D,22,1,0,0,0,0,0,0,0,0,"- ","- ",37.945468902587891,-122.48982238769531,MARIN,"SAN RAFAEL",-122.48976135253906,37.945545196533203
94784170,2025,2025-07-31,9350,2025-07-24,1620,024489,,4,2,4,2106,0,1,2,,1,080,"US-101 N/B","DE LONG AVE",470.00,S,N,A,-,Y,MRN,,101," ",R,21.012,H,,R,N,4,0,1,2,A,-,03,22350,,N,C,C,A,A,H,-,A,D,0,,,,,Y,,A,01,0,0,1,0,0,0,0,0,0,"- ","- ",38.103599548339844,-122.56160736083984,MARIN,NOVATO,-122.56166076660156,38.103595733642578
94784254,2025,2025-07-31,9350,2025-07-17,2130,024557,,4,2,9,2100,0,2,4,,1,016,"LUCAS VALLEY RD","CAMINO MARGARITA",13200.00,E,N,A,-,Y,,,,,,,,,,N,4,0,2,1,A,-,08,22107,,N,E,I,A,D,H,-,D,D,0,,,,,Y,,A,01,0,0,2,0,0,0,0,0,0,"- ","- ",38.046001434326172,-122.64333343505859,MARIN,UNINCORPORATED,-122.60910034179688,38.042304992675781
94784613,2025,2025-07-31,9350,2025-07-28,1118,016034,,1,1,9,2100,0,1,1,,1,015,"I-580 E/B","MAIN STREET UNDERCROSSING",4752.00,E,N,A,-,Y,MRN,,580," "," ",1.768,H,,R,Y,4,0,1,3,A,-,17,23114,A,M,H,2,A,A,H,-,A,D,0,,,,Y,Y,,-,99,0,0,1,0,0,0,0,0,0,"- ","- ",37.939811706542969,-122.46527862548828,MARIN,UNINCORPORATED,-122.46527099609375,37.939830780029297
94785833,2025,2025-08-01,9350,2025-07-19,2215,024120,,6,3,4,2106,0,1,3,,2,037,"US-101 N/B TO SR-37 W/B","MARSH RD U/C",647.00,W,N,B,-,Y,MRN,,37," ",R,11.228,H,,R,N,3,0,1,1,A,-,01,23152,A,N,E,I,A,A,H,-,D,A,0,,,,,Y,Y,A,01,0,1,0,0,0,0,0,0,0,"- ","- ",38.079669952392578,-122.54461669921875,MARIN,NOVATO,-122.54467010498047,38.079666137695312
9478642,2022,2022-08-09,2106,2022-06-24,1946,487,N212,5,5,4,2106,0,0,0,,0,NP2,"REDWOOD BL","GRANT AV",0.00,,Y,A,-,N,,,,,,,,,,N,4,0,1,2,A,-,12,21453,A,N,D,C,A,A,H,-,A,A,0,,,,,Y,,A,01,0,0,1,0,0,0,0,0,0,"- ","- ",38.106861114501953,-122.57054901123047,MARIN,NOVATO,-122.57038879394531,38.107566833496094
94789869,2025,2025-08-05,9350,2025-07-07,1605,024174,,1,2,9,2100,0,1,3,,1,042,SR-1,"HORSESHOE HILL RD",2429.00,N,N,B,-,N,,,,,,,,,,N,4,0,1,1,A,-,08,22107,,N,E,I,A,A,H,-,A,D,0,,,,,Y,,A,07,0,0,1,0,0,0,0,0,0,"- ","- ",37.945690155029297,-122.7064208984375,MARIN,UNINCORPORATED,-122.70655822753906,37.945774078369141
9479077,2022,2022-08-17,2106,2022-07-18,0541,424,,1,5,4,2106,0,0,0,,0,NP1,"SAN CARLOS WY","SAN MARIN DR",406.00,S,N,A,-,N,,,,,,,,,,N,4,0,1,4,A,-,08,22107,,N,C,E,A,A,H,-,B,D,0,,,,,Y,,A,01,0,0,1,0,0,0,0,0,0,"- ","- ",38.124050140380859,-122.59176635742188,MARIN,NOVATO,-122.60801696777344,38.118362426757812
94791524,2025,2025-08-06,9350,2025-07-06,1740,024244,,7,2,9,2100,0,1,3,,1,052,"SR-1 (SHORELINE HWY)","MESA RD",0.00,,Y,A,-,Y,MRN,,1," "," ",28.921,H,,R,N,3,0,1,2,A,-,08,22107,,N,D,G,A,A,H,-,A,D,0,,Y,,,Y,,A,07,0,1,0,0,0,0,1,0,0,"- ","- ",38.069229125976562,-122.80629730224609,MARIN,UNINCORPORATED,-122.8062744140625,38.069210052490234
94791667,2025,2025-08-06,9350,2025-08-02,"842 ",022577,,6,1,9,2100,0,3,5,,2,006,"NICASIO VALLEY RD","LUCAS VALLEY RD",23.00,S,N,A,-,Y,,,,,,,,,,N,4,0,1,2,A,-,04,21703,,N,C,G,A,A,H,-,A,D,0,,Y,,,Y,,L,04,0,0,1,0,0,0,1,0,0,"- ","- ",38.054580688476562,-122.69328308105469,MARIN,UNINCORPORATED,-122.69335174560547,38.054630279541016