CASE_ID,ACCIDENT_YEAR,PROC_DATE,JURIS,COLLISION_DATE,COLLISION_TIME,OFFICER_ID,REPORTING_DISTRICT,DAY_OF_WEEK,CHP_SHIFT,POPULATION,CNTY_CITY_LOC,SPECIAL_COND,BEAT_TYPE,CHP_BEAT_TYPE,CITY_DIVISION_LAPD,CHP_BEAT_CLASS,BEAT_NUMBER,PRIMARY_RD,SECONDARY_RD,DISTANCE,DIRECTION,INTERSECTION,WEATHER_1,WEATHER_2,STATE_HWY_IND,CALTRANS_COUNTY,CALTRANS_DISTRICT,STATE_ROUTE,ROUTE_SUFFIX,POSTMILE_PREFIX,POSTMILE,LOCATION_TYPE,RAMP_INTERSECTION,SIDE_OF_HWY,TOW_AWAY,COLLISION_SEVERITY,NUMBER_KILLED,NUMBER_INJURED,PARTY_COUNT,PRIMARY_COLL_FACTOR,PCF_CODE_OF_VIOL,PCF_VIOL_CATEGORY,PCF_VIOLATION,PCF_VIOL_SUBSECTION,HIT_AND_RUN,TYPE_OF_COLLISION,MVIW,PED_ACTION,ROAD_SURFACE,ROAD_COND_1,ROAD_COND_2,LIGHTING,CONTROL_DEVICE,CHP_ROAD_TYPE,PEDESTRIAN_ACCIDENT,BICYCLE_ACCIDENT,MOTORCYCLE_ACCIDENT,TRUCK_ACCIDENT,NOT_PRIVATE_PROPERTY,ALCOHOL_INVOLVED,STWD_VEHTYPE_AT_FAULT,CHP_VEHTYPE_AT_FAULT,COUNT_SEVERE_INJ,COUNT_VISIBLE_INJ,COUNT_COMPLAINT_PAIN,COUNT_PED_KILLED,COUNT_PED_INJURED,COUNT_BICYCLIST_KILLED,COUNT_BICYCLIST_INJURED,COUNT_MC_KILLED,COUNT_MC_INJURED,PRIMARY_RAMP,SECONDARY_RAMP,LATITUDE,LONGITUDE,COUNTY,CITY,POINT_X,POINT_Y
9546820,2023,2023-03-07,2109,2023-02-08,1547,674,7,3,5,5,2109,0,0,0,,0,001,"G ST","5TH AV",0.00,,Y,A,-,N,,,,,,,,,,Y,3,0,1,2,A,-,09,21804,A,N,D,C,A,A,H,-,A,A,0,,,,,Y,,A,01,0,1,0,0,0,0,0,0,0,"- ","- ",37.975078582763672,-122.53719329833984,MARIN,"SAN RAFAEL",-122.5372314453125,37.975059509277344
9547245,2023,2023-03-07,2109,2023-02-10,"958 ",674,14,5,5,5,2109,0,0,0,,0,002,"5TH AV","LINCOLN AV",0.00,,Y,A,-,N,,,,,,,,,,Y,3,0,1,2,A,-,12,21453,A,N,D,C,A,A,H,-,A,A,0,,,,,Y,,A,01,0,1,0,0,0,0,0,0,0,"- ","- ",37.973411560058594,-122.52362823486328,MARIN,"SAN RAFAEL",-122.52364349365234,37.973377227783203
9547246,2023,2023-03-07,2109,2023-02-12,"36  ",651,49,7,5,5,2109,0,0,0,,0,,"CANYON OAK DR","LUCAS VALLEY RD",0.00,,Y,A,-,N,,,,,,,,,,Y,3,0,1,1,A,-,00,23136,A,N,E,I,A,A,H,-,C,D,0,,,,,Y,Y,A,01,0,1,0,0,0,0,0,0,0,"- ","- ",38.027080535888672,-122.55164337158203,MARIN,"SAN RAFAEL",-122.55157470703125,38.027061462402344
9547247,2023,2023-03-07,2109,2023-02-06,"813 ",654,25,1,5,5,2109,0,0,0,,0,004,"GRAND AV","MOUNTAIN VIEW AV",51.00,N,N,A,-,N,,,,,,,,,,N,3,0,1,2,A,-,03,22350,,N,C,E,A,A,H,-,A,D,0,,,,,Y,,A,01,0,1,0,0,0,0,0,0,0,"- ","- ",37.981250762939453,-122.51683044433594,MARIN,"SAN RAFAEL",-122.5169677734375,37.981288909912109
9547248,2023,2023-03-07,2109,2023-02-02,"954 ",524,7,4,5,5,2109,0,0,0,,0,,"5TH AV","C ST",0.00,,Y,B,-,N,,,,,,,,,,N,3,0,1,2,A,-,10,21950,A,N,G,B,B,A,H,-,A,A,0,Y,,,,Y,,A,01,0,1,0,0,1,0,0,0,0,"- ","- ",37.974430084228516,-122.53057098388672,MARIN,"SAN RAFAEL",-122.53055572509766,37.974391937255859
9547850,2023,2023-03-07,2106,2023-02-12,1632,503,N414,7,5,4,2106,0,0,0,,0,NP4,"CENTER RD","BETTY LN",273.00,W,N,A,-,N,,,,,,,,,,Y,3,0,2,2,A,-,01,23152,F,N,C,C,A,A,H,-,A,D,0,,,,,Y,,A,01,0,1,1,0,0,0,0,0,0,"- ","- ",38.101821899414062,-122.58027648925781,MARIN,NOVATO,-122.58064270019531,38.102725982666016
9547851,2023,2023-03-07,2106,2023-02-09,"807 ",456,N407,4,5,4,2106,0,0,0,,0,NP4,"SUNSET PKWY","SHON DR",0.00,,Y,A,-,N,,,,,,,,,,,3,0,1,2,A,-,03,22350,,N,G,B,B,A,H,-,A,D,0,Y,,,,Y,,A,01,0,1,0,0,1,0,0,0,0,"- ","- ",38.079620361328125,-122.56790924072266,MARIN,NOVATO,-122.56777954101562,38.079540252685547
9547852,2023,2023-03-07,2106,2023-02-06,1532,503,N342,1,5,4,2106,0,0,0,,0,NP3,"IGNACIO BL","ALAMEDA DE PRADO",25.00,E,N,A,-,N,,,,,,,,,,Y,4,0,1,2,A,-,03,22350,,N,C,C,A,A,H,-,A,A,0,,,,,Y,,A,01,0,0,1,0,0,0,0,0,0,"- ","- ",38.064788818359375,-122.54225921630859,MARIN,NOVATO,-122.54060363769531,38.065963745117188
9548901,2023,2023-03-01,2106,2023-01-31,1219,503,N409,2,5,4,2106,0,0,0,,0,NP4,"DIABLO AV","NOVATO BL",80.00,E,N,A,-,N,,,,,,,,,,,4,0,1,2,A,-,03,22350,,N,C,C,A,A,H,-,A,D,0,,,,,Y,,A,01,0,0,1,0,0,0,0,0,0,"- ","- ",38.103199005126953,-122.5732421875,MARIN,NOVATO,-122.57307434082031,38.10333251953125
9548902,2023,2023-03-01,2106,2023-01-28,"23  ",489,,6,5,4,2106,0,0,0,,0,NP2,"REDWOOD BL","ESCALLONIA DR",0.00,,Y,A,-,N,,,,,,,,,,Y,4,0,1,2,A,-,01,23152,F,N,C,E,A,B,H,-,C,A,0,,,,,Y,,A,08,0,0,1,0,0,0,0,0,0,"- ","- ",38.116020202636719,-122.56683349609375,MARIN,NOVATO,-122.56719207763672,38.116107940673828
9548903,2023,2023-03-01,2106,2023-01-27,1335,415,,5,5,4,2106,0,0,0,,0,,"FAIRWAY DR","ALAMEDA DE LA LOMA",70.00,E,N,A,-,N,,,,,,,,,,Y,4,0,1,3,A,-,08,22107,,N,C,E,A,A,H,-,A,D,0,,,,,Y,,A,01,0,0,1,0,0,0,0,0,0,FR,"- ",38.067188262939453,-122.55441284179688,MARIN,NOVATO,-122.55419158935547,38.067340850830078
9548904,2023,2023-03-01,2106,2023-01-25,2135,450,N415,3,5,4,2106,0,0,0,,0,NP4,"CENTER RD","DIABLO AV",50.00,W,N,A,-,N,,,,,,,,,,,3,0,1,2,A,-,00,21954,,N,G,B,D,A,H,-,C,D,0,Y,,,,Y,,N,60,0,1,0,0,1,0,0,0,0,"- ","- ",38.100379943847656,-122.57539367675781,MARIN,NOVATO,-122.57546997070312,38.100433349609375
9548905,2023,2023-03-01,2106,2023-01-19,"814 ",503,N321,4,5,4,2106,0,0,0,,0,NP3,"ALAMEDA DEL PRADO","CLAY CT",500.00,N,N,A,-,N,,,,,,,,,,,4,0,1,2,A,-,04,21703,,N,C,C,A,B,H,-,A,D,0,,,,,Y,,A,07,0,0,1,0,0,0,0,0,0,"- ","- ",38.047050476074219,-122.53560638427734,MARIN,NOVATO,-122.53284454345703,38.049594879150391
9549053,2023,2023-03-13,2109,2023-02-23,"0   ",655,22,4,5,5,2109,0,0,0,,0,003,"BELLAM BL","RT 580",0.00,,Y,A,-,Y,MRN,4,580,-,-,4.610,R,4,W,N,4,0,1,2,A,-,03,22350,,M,G,B,B,A,H,-,C,A,0,Y,,,,Y,Y,A,01,0,0,1,0,1,0,0,0,0,"- ",WO,37.960590362548828,-122.50485229492188,MARIN,"SAN RAFAEL",-122.50710296630859,37.960952758789062
9549879,2023,2023-03-17,2105,2023-02-26,1418,MV6236,90000,7,5,3,2105,0,0,0,,0,MV2,"393 MILLER AVE","EVERGREEN AV",100.00,N,N,C,-,N,,,,,,,,,,N,4,0,1,2,A,-,05,21650,A,N,D,G,A,B,H,-,A,D,0,,Y,,,Y,,L,04,0,0,1,0,0,0,1,0,0,"- ","- ",,,MARIN,"MILL VALLEY",-122.53633117675781,37.896812438964844
9549880,2023,2023-03-17,2105,2023-02-16,"830 ",MV6240,90002,4,5,3,2105,0,0,0,,0,MV2,"SYCAMORE AV","CAMINO ALTO",145.00,W,N,B,-,N,,,,,,,,,,N,3,0,1,2,A,-,08,22107,,N,D,G,A,A,H,-,A,A,0,,Y,,,Y,,L,04,0,1,0,0,0,0,1,0,0,"- ","- ",,,MARIN,"MILL VALLEY",-122.53065490722656,37.896747589111328
9550345,2023,2023-03-22,2109,2023-02-18,1630,654,39,6,5,5,2109,0,0,0,,0,003,"BELLAM BL","ANDERSON DR",22.00,E,N,A,-,N,,,,,,,,,,N,4,0,1,2,A,-,03,22350,,N,C,E,A,A,H,-,A,D,0,,,,,Y,,A,01,0,0,1,0,0,0,0,0,0,"- ","- ",37.960208892822266,-122.50726318359375,MARIN,"SAN RAFAEL",-122.50689697265625,37.960800170898438
9550346,2023,2023-03-20,2109,2023-02-28,1826,646,11,2,5,5,2109,0,0,0,,0,001,"C ST","2ND ST",0.00,,Y,A,-,N,,,,,,,,,,N,4,0,1,2,A,-,10,21950,A,F,D,G,A,A,H,-,B,A,0,,Y,,,Y,,A,01,0,0,1,0,0,0,1,0,0,"- ","- ",37.970790863037109,-122.53079223632812,MARIN,"SAN RAFAEL",-122.53102874755859,37.971431732177734
9550347,2023,2023-03-20,2109,2023-02-28,1820,646,28,2,5,5,2109,0,0,0,,0,004,"ACACIA AV","OLIVE AV",0.00,,Y,A,-,N,,,,,,,,,,N,3,0,1,2,A,-,10,21950,A,N,G,B,B,A,H,-,B,D,0,Y,,,,Y,,A,01,0,1,0,0,1,0,0,0,0,"- ","- ",37.973911285400391,-122.51503753662109,MARIN,"SAN RAFAEL",-122.51499938964844,37.979270935058594
9550348,2023,2023-03-20,2109,2023-02-26,1110,657,14,7,5,5,2109,0,0,0,,0,002,"5TH AV","LINCOLN AV",0.00,,Y,C,-,N,,,,,,,,,,N,3,0,1,2,A,-,17,21451,A,N,G,B,B,B,H,-,A,A,0,Y,,,,Y,,A,01,0,1,0,0,1,0,0,0,0,"- ","- ",37.973419189453125,-122.52364349365234,MARIN,"SAN RAFAEL",-122.52364349365234,37.973377227783203
9550626,2023,2023-03-21,2108,2023-03-06,2337,111,3,1,5,3,2108,0,0,0,,0,003,"RED HILL AV","SIR FRANCIS DRAKE BL",0.00,,Y,A,-,N,,,,,,,,,,Y,3,0,1,1,A,-,03,22350,,N,E,I,A,A,H,-,C,A,0,,,,,Y,Y,A,01,0,1,0,0,0,0,0,0,0,"- ","- ",37.976520538330078,-122.56157684326172,MARIN,"SAN ANSELMO",-122.56192016601562,37.976860046386719
9550723,2023,2023-04-06,2108,2023-02-22,1212,078,,3,5,3,2108,0,0,0,,0,003,"GREENFIELD AV","SEQUOIA DR",301.00,W,N,A,-,N,,,,,,,,,,N,4,0,1,1,D,-,00,,,N,H,A,A,A,H,-,A,D,0,,Y,,,Y,,-,"- ",0,0,1,0,0,0,1,0,0,"- ","- ",,,MARIN,"SAN ANSELMO",-122.55538177490234,37.976211547851562
9550724,2023,2023-04-06,2104,2023-02-11,1906,138,1C,6,5,3,2104,0,0,0,,0,002,"ESFD BL",INTERCHANGE,0.00,,Y,A,-,N,,,,,,,,,,Y,3,0,1,2,A,-,12,21453,A,N,H,C,A,A,H,-,C,A,0,,,,,Y,,A,01,0,1,0,0,0,0,0,0,0,"- ","- ",37.934089660644531,-122.53524780273438,MARIN,LARKSPUR,,
9550725,2023,2023-04-14,2104,2023-02-11,1100,082,1B,6,5,3,2104,0,0,0,,0,002,"SIR FRANCIS DRAKE BL","DEL MONTE",26.00,E,N,B,-,N,,,,,,,,,,N,3,0,1,2,A,-,04,21703,,N,C,C,A,A,H,-,A,D,0,,,,,Y,,A,01,0,1,0,0,0,0,0,0,0,"- ","- ",37.944869995117188,-122.51862335205078,MARIN,LARKSPUR,,
9550726,2023,2023-04-06,2108,2023-02-08,"920 ",082,3,3,5,3,2108,0,0,0,,0,003,"SIR FRANCIS DRAKE BL","BANK ST",0.00,,Y,A,-,N,,,,,,,,,,N,3,0,1,2,A,-,12,21453,A,N,H,G,A,A,H,-,A,A,0,,Y,,,Y,,L,04,0,1,0,0,0,0,1,0,0,"- ","- ",37.975391387939453,-122.56182861328125,MARIN,"SAN ANSELMO",-122.56175994873047,37.975383758544922
9550799,2023,2023-05-03,2106,2023-03-08,"400 ",450,N321,3,5,4,2106,0,0,0,,0,NP3,"ALAMEDA DEL PRADO","CIELO LN",1111.00,S,N,C,-,N,,,,,,,,,,Y,4,0,1,1,A,-,01,23152,A,N,E,I,A,B,H,-,C,D,0,,,,,Y,Y,A,01,0,0,1,0,0,0,0,0,0,"- ","- ",38.056591033935547,-122.53311920166016,MARIN,NOVATO,-122.53107452392578,38.054943084716797
9550800,2023,2023-05-03,2106,2023-03-03,1919,403,N341,5,5,4,2106,0,0,0,,0,NP3,"BEL MARIN KEYS BL","NAVE DR",42.00,E,N,A,-,N,,,,,,,,,,Y,4,0,1,2,A,-,09,21801,A,F,B,C,A,A,H,-,C,A,0,,,,,Y,,A,01,0,0,1,0,0,0,0,0,0,"- ","- ",38.065181732177734,-122.53835296630859,MARIN,NOVATO,-122.53672027587891,38.066555023193359
9550911,2023,2023-05-02,2106,2023-02-28,1039,483,N420,2,5,4,2106,0,0,0,,0,NP4,"SOUTH NOVATO BL","CENTER RD",165.00,N,N,B,C,N,,,,,,,,,,Y,3,0,1,2,A,-,03,22350,,N,E,I,A,B,H,-,A,A,0,,,,,Y,,A,01,0,1,0,0,0,0,0,0,0,"- ","- ",,,MARIN,NOVATO,-122.57068634033203,38.098945617675781
9550936,2023,2023-05-04,2104,2023-01-31,1859,111,1C,2,5,3,2104,0,0,0,,0,002,"ESFD BL","REMILLARD PARK DRWY",172.00,E,N,A,-,N,,,,,,,,,,N,3,0,1,2,A,-,03,22350,,N,C,C,A,A,H,-,C,D,0,,,,,Y,,A,01,0,1,0,0,0,0,0,0,0,"- ","- ",,,MARIN,LARKSPUR,,
9550937,2023,2023-05-04,2102,2023-01-26,"930 ",137,2,4,5,2,2102,0,0,0,,0,001,"PARADISE DR","EL CAMINO DR",0.00,,Y,A,-,N,,,,,,,,,,Y,3,0,1,2,D,-,00,,,N,D,C,A,A,H,-,A,A,0,,,,,Y,,-,"- ",0,1,0,0,0,0,0,0,0,"- ","- ",37.919380187988281,-122.50521850585938,MARIN,"CORTE MADERA",-122.50521850585938,37.919422149658203
9552683,2023,2023-04-14,2109,2023-02-18,1830,663,39,6,5,5,2109,0,0,0,,0,003,"BELLAM BL","RT 580",20.00,W,N,A,-,N,,,,,,,,,,Y,3,0,3,2,A,-,01,23152,,F,C,C,A,A,H,-,A,A,0,,,,,Y,Y,D,22,0,3,0,0,0,0,0,0,0,"- ","- ",37.960208892822266,-122.50726318359375,MARIN,"SAN RAFAEL",-122.50689697265625,37.960800170898438
9553040,2023,2023-04-04,2109,2023-02-22,1440,642,28,3,5,5,2109,0,0,0,,0,004,"ACACIA AV","GRAND AV",0.00,,Y,A,-,N,,,,,,,,,,N,2,0,1,2,A,-,16,26708,A,N,G,B,B,A,H,-,A,A,0,Y,,,,Y,,A,01,1,0,0,0,1,0,0,0,0,"- ","- ",37.979351043701172,-122.51573181152344,MARIN,"SAN RAFAEL",-122.51576995849609,37.979362487792969
9553505,2023,2023-03-21,2106,2023-02-15,1634,503,,3,5,4,2106,0,0,0,,0,,"BEL MARIN KEYS BL","COMMERCIAL BL",0.00,,Y,A,-,N,,,,,,,,,,N,3,0,1,2,A,-,12,21453,A,N,H,G,A,A,H,-,A,A,0,,Y,,,Y,,D,22,0,1,0,0,0,0,1,0,0,"- ","- ",38.067169189453125,-122.53711700439453,MARIN,NOVATO,-122.53570556640625,38.068389892578125
9553603,2023,2023-03-10,2106,2023-02-14,1623,509,,2,5,4,2106,0,0,0,,0,NP1,"GRANT AV","7TH ST",0.00,,Y,A,-,N,,,,,,,,,,Y,4,0,1,2,A,-,12,21453,A,F,D,C,A,A,H,-,A,A,0,,,,,Y,,A,07,0,0,1,0,0,0,0,0,0,"- ","- ",38.108650207519531,-122.57855987548828,MARIN,NOVATO,-122.57830047607422,38.109169006347656
9554671,2023,2023-03-20,2106,2023-02-08,2155,464,N137,3,5,4,2106,0,0,0,,0,NP1,"SAN MARIN DR","REDWOOD BL",0.00,,Y,A,-,N,,,,,,,,,,Y,2,0,1,1,A,-,01,23152,A,N,E,I,A,A,H,-,C,A,0,,,Y,,Y,Y,C,02,1,0,0,0,0,0,0,0,1,"- ","- ",38.118049621582031,-122.56716156005859,MARIN,NOVATO,-122.56702423095703,38.118328094482422
9554711,2023,2023-03-15,2106,2023-02-15,1448,420,,3,5,4,2106,0,0,0,,0,NP2,"ROWLAND BL","RT 101",70.00,E,N,A,-,Y,MRN,4,101,-,R,20.424,R,4,S,,4,0,1,3,C,-,18,,,N,C,C,A,A,H,-,A,A,0,,,,,Y,,-,"- ",0,0,1,0,0,0,0,0,0,"- ",SF,38.090358734130859,-122.56147766113281,MARIN,NOVATO,-122.56134033203125,38.095172882080078
9556988,2023,2023-04-14,2109,2023-04-02,1010,537,50,7,5,5,2109,0,0,0,,0,006,"MANUEL T FREITAS PKY","NORTHGATE DR",0.00,,Y,A,-,N,,,,,,,,,,N,4,0,1,2,A,-,03,22350,,N,C,C,A,A,H,-,A,D,0,,,,,Y,,A,01,0,0,1,0,0,0,0,0,0,"- ","- ",38.008579254150391,-122.54509735107422,MARIN,"SAN RAFAEL",-122.5452880859375,38.008007049560547
9557531,2023,2023-06-12,2109,2023-05-03,2053,646,16,3,5,5,2109,0,0,0,,0,002,"3RD ST","LINDARO ST",0.00,,Y,C,-,N,,,,,,,,,,Y,3,0,1,3,A,-,08,22107,,N,G,B,B,B,H,-,C,A,0,Y,,,,Y,,-,99,0,1,0,0,1,0,0,0,0,"- ","- ",37.971549987792969,-122.52572631835938,MARIN,"SAN RAFAEL",-122.52582550048828,37.971881866455078
9557533,2023,2023-06-01,2109,2023-05-11,1213,527,39,4,5,5,2109,0,0,0,,0,003,"FRANCISCO BL W","GARY PL",0.00,,Y,A,-,N,,,,,,,,,,Y,4,0,1,2,A,-,09,21804,,N,D,C,A,A,H,-,A,D,0,,,,,Y,,A,07,0,0,1,0,0,0,0,0,0,"- ","- ",37.960289001464844,-122.51175689697266,MARIN,"SAN RAFAEL",,
9557730,2023,2023-08-09,2109,2023-07-07,1558,651,17,5,5,5,2109,0,0,0,,0,002,"HETHERTON ST","4TH ST",0.00,,Y,A,-,N,,,,,,,,,,Y,4,0,1,4,A,-,12,21453,,N,D,C,A,A,H,-,A,A,0,,,,,Y,,A,07,0,0,1,0,0,0,0,0,0,"- ","- ",37.972389221191406,-122.52195739746094,MARIN,"SAN RAFAEL",-122.52194976806641,37.972385406494141
9558610,2023,2023-03-17,2109,2023-03-07,"619 ",674,17,2,5,5,2109,0,0,0,,0,002,"3RD ST","IRWIN ST",44.00,E,N,A,-,N,,,,,,,,,,N,3,0,1,2,A,-,09,21801,A,N,H,G,A,A,H,-,A,D,0,,Y,,,Y,,D,22,0,1,0,0,0,0,1,0,0,"- ","- ",37.971229553222656,-122.52095031738281,MARIN,"SAN RAFAEL",-122.52081298828125,37.971229553222656
9558702,2023,2023-03-29,2109,2023-02-24,1600,668,20,5,5,5,2109,0,0,0,,0,003,"BELLAM BL","RT 580",0.00,,Y,A,-,Y,MRN,4,580,-,-,4.610,R,4,W,N,3,0,1,2,A,-,17,21657,,N,H,G,A,A,H,-,A,A,0,,Y,,,Y,,L,04,0,1,0,0,0,0,1,0,0,"- ",WO,37.960929870605469,-122.50492858886719,MARIN,"SAN RAFAEL",-122.50710296630859,37.960952758789062
9559047,2023,2023-03-30,2109,2023-02-27,1823,613,264,1,5,5,2109,0,0,0,,0,,"4TH ST","IRWIN ST",0.00,,Y,C,-,N,,,,,,,,,,N,3,0,2,2,A,-,08,22107,,N,A,C,A,B,H,-,C,A,0,,,,,Y,,D,72,0,1,1,0,0,0,0,0,0,"- ","- ",37.972209930419922,-122.52066802978516,MARIN,"SAN RAFAEL",-122.52068328857422,37.972206115722656
9559083,2023,2023-03-30,2109,2023-02-23,2015,659,21,4,5,5,2109,0,0,0,,0,003,"CAPRI CT","CANAL ST",0.00,,Y,C,-,N,,,,,,,,,,N,1,1,1,3,A,-,08,22107,,N,C,C,A,B,H,-,C,D,0,,,,,Y,Y,A,01,0,1,0,0,0,0,0,0,0,"- ","- ",37.967498779296875,-122.50267791748047,MARIN,"SAN RAFAEL",-122.50225830078125,37.967426300048828
9559346,2023,2023-04-24,2106,2023-03-06,1335,482,N321,1,5,4,2106,0,0,0,,0,NP3,"ALAMEDA DEL PRADO","NAVE DR",0.00,,Y,B,-,N,,,,,,,,,,N,4,0,1,2,A,-,09,21802,A,N,D,C,A,B,H,-,A,A,0,,,,,Y,,A,81,0,0,1,0,0,0,0,0,0,"- ","- ",38.048210144042969,-122.53330993652344,MARIN,NOVATO,-122.53359985351562,38.048362731933594
9559529,2023,2023-04-19,2109,2023-03-12,1521,676,41,7,5,5,2109,0,0,0,,0,003,"BELLAM BL","ANDERSEN DR",0.00,,Y,C,-,N,,,,,,,,,,Y,3,0,2,2,A,-,12,21453,A,N,D,C,A,B,F,-,A,A,0,,,,,Y,,A,01,0,1,1,0,0,0,0,0,0,"- ","- ",37.958141326904297,-122.50832366943359,MARIN,"SAN RAFAEL",-122.50837707519531,37.958076477050781
9559886,2023,2023-05-23,2109,2023-03-03,1815,662,17,5,5,5,2109,0,0,0,,0,002,"LINCOLN AV","4TH ST",0.00,,Y,A,-,N,,,,,,,,,,N,3,0,1,2,A,-,09,21804,A,F,H,G,A,A,H,-,C,A,0,,Y,,,Y,Y,L,04,0,1,0,0,0,0,1,0,0,"- ","- ",37.972640991210938,-122.52381896972656,MARIN,"SAN RAFAEL",-122.52381896972656,37.972629547119141
9559987,2023,2023-03-30,2109,2023-03-10,1300,566,46,5,5,5,2109,0,0,0,,0,006,"DEL PRESIDEO BL","MANUEL T FREITAS PKWY",0.00,,Y,A,-,Y,MRN,4,101,-,-,13.883,R,4,S,Y,3,0,1,2,A,-,09,21801,A,N,A,C,A,A,H,-,A,A,0,,,,,Y,,D,22,0,1,0,0,0,0,0,0,0,"- ","- ",38.007289886474609,-122.54393768310547,MARIN,"SAN RAFAEL",-122.54214477539062,38.009532928466797
9559998,2023,2023-04-27,2109,2023-03-08,1415,662,39,3,5,5,2109,0,0,0,,0,003,"WOODLAND AV","DU BOIS ST",224.00,S,N,A,-,N,,,,,,,,,,Y,4,0,3,3,A,-,03,22350,,N,C,C,A,A,H,-,A,D,0,,,,,Y,,A,01,0,0,3,0,0,0,0,0,0,"- ","- ",37.962360382080078,-122.51683807373047,MARIN,"SAN RAFAEL",-122.51663208007812,37.962711334228516
9562643,2023,2023-03-23,2109,2023-03-14,2304,638,19,2,5,5,2109,0,0,0,,0,003,"CANAL ST","HOAG ST",196.00,W,N,A,-,N,,,,,,,,,,N,4,0,1,3,A,-,01,23152,A,M,A,C,A,A,H,-,C,D,0,,,,,Y,Y,D,22,0,0,1,0,0,0,0,0,0,"- ","- ",37.966178894042969,-122.51068115234375,MARIN,"SAN RAFAEL",-122.51070404052734,37.966541290283203
9562859,2023,2023-04-24,2106,2023-03-14,1248,485,,2,5,4,2106,0,0,0,,0,,"SOUTH NOVATO BL","ROWLAND BL",162.00,S,N,B,-,N,,,,,,,,,,N,3,0,1,2,A,-,03,22350,,N,C,E,A,B,H,-,A,D,0,,,,,Y,,A,01,0,1,0,0,0,0,0,0,0,"- ","- ",38.087181091308594,-122.56601715087891,MARIN,NOVATO,-122.56475830078125,38.087627410888672
9563323,2023,2023-05-01,2109,2023-03-18,1030,566,7,6,5,5,2109,0,0,0,,0,001,"3RD AV","C ST",0.00,,Y,B,-,N,,,,,,,,,,Y,2,0,2,2,A,-,12,21453,A,N,A,C,A,A,H,-,A,A,0,,,,,Y,,A,07,1,1,0,0,0,0,0,0,0,"- ","- ",37.972419738769531,-122.5308837890625,MARIN,"SAN RAFAEL",-122.53089141845703,37.972412109375
9563324,2023,2023-05-01,2109,2023-03-28,1043,623,15,2,5,5,2109,0,0,0,,0,002,"LINCOLN AV","MAPLE ST",0.00,,Y,C,-,N,,,,,,,,,,Y,3,0,1,2,A,-,09,21804,A,N,D,C,A,B,H,-,A,A,0,,,,,Y,,A,01,0,1,0,0,0,0,0,0,0,"- ","- ",37.977458953857422,-122.52230834960938,MARIN,"SAN RAFAEL",-122.52233123779297,37.977424621582031
9563325,2023,2023-05-01,2109,2023-03-25,2155,646,26,6,5,5,2109,0,0,0,,0,004,"IRWIN ST","3RD ST",184.00,S,N,A,-,N,,,,,,,,,,N,3,0,2,2,A,-,17,23109,C,F,D,C,A,A,H,-,C,A,0,,,,,Y,,A,01,0,2,0,0,0,0,0,0,0,"- ","- ",37.970821380615234,-122.52073669433594,MARIN,"SAN RAFAEL",-122.52109527587891,37.970756530761719
9563326,2023,2023-05-01,2109,2023-03-29,1645,648,20,3,5,5,2109,0,0,0,,0,003,"BELVEDERE ST","VERDI ST",260.00,E,N,A,-,N,,,,,,,,,,Y,4,0,1,3,A,-,08,22107,,N,C,E,A,A,H,-,A,D,0,,,,,Y,Y,A,01,0,0,1,0,0,0,0,0,0,"- ","- ",37.961978912353516,-122.50376129150391,MARIN,"SAN RAFAEL",-122.50355529785156,37.962154388427734
9563327,2023,2023-05-01,2109,2023-03-25,1757,668,0,6,5,5,2109,0,0,0,,0,002,"2ND ST","HETHERTON ST",0.00,,Y,A,-,N,,,,,,,,,,Y,3,0,3,2,A,-,12,21453,A,N,D,C,A,A,H,-,A,A,0,,,,,Y,,A,01,0,2,1,0,0,0,0,0,0,"- ","- ",37.971038818359375,-122.52246856689453,MARIN,"SAN RAFAEL",-122.52236175537109,37.970569610595703
9563604,2023,2023-04-25,2106,2023-03-16,1344,456,N402,4,5,4,2106,0,0,0,,0,NP4,REDWOODBL,"VALLEY OAK CT",5.00,S,N,A,-,N,,,,,,,,,,Y,3,0,1,2,A,-,03,22350,,N,C,E,A,A,H,-,A,D,0,,,,,Y,,A,01,0,1,0,0,0,0,0,0,0,"- ","- ",38.086311340332031,-122.55448913574219,MARIN,NOVATO,-122.55451202392578,38.086380004882812
9563751,2023,2023-06-14,2103,2023-03-30,"652 ",156,BOLIN,4,5,2,2103,0,0,0,,0,PAT,"BOLINAS RD","CASCADE DR",0.00,,Y,A,-,N,,,,,,,,,,N,3,0,1,1,A,-,01,23152,F,N,E,I,A,B,H,-,B,D,0,,,,,Y,,D,22,0,1,0,0,0,0,0,0,0,"- ","- ",37.982578277587891,-122.59275054931641,MARIN,FAIRFAX,-122.59284210205078,37.982429504394531
9563822,2023,2023-06-05,2103,2023-03-08,"855 ",171,DNTN,3,5,2,2103,0,0,0,,0,PAT,"CENTER BL","PASTORI AV",97.00,W,N,A,-,N,,,,,,,,,,N,3,0,1,2,A,-,09,21804,,N,H,G,A,A,H,-,A,A,0,,Y,,,Y,,D,22,0,1,0,0,0,0,1,0,0,"- ","- ",39.98590087890625,-122.58331298828125,MARIN,FAIRFAX,-122.58290100097656,37.985858917236328