CASE_ID,ACCIDENT_YEAR,PROC_DATE,JURIS,COLLISION_DATE,COLLISION_TIME,OFFICER_ID,REPORTING_DISTRICT,DAY_OF_WEEK,CHP_SHIFT,POPULATION,CNTY_CITY_LOC,SPECIAL_COND,BEAT_TYPE,CHP_BEAT_TYPE,CITY_DIVISION_LAPD,CHP_BEAT_CLASS,BEAT_NUMBER,PRIMARY_RD,SECONDARY_RD,DISTANCE,DIRECTION,INTERSECTION,WEATHER_1,WEATHER_2,STATE_HWY_IND,CALTRANS_COUNTY,CALTRANS_DISTRICT,STATE_ROUTE,ROUTE_SUFFIX,POSTMILE_PREFIX,POSTMILE,LOCATION_TYPE,RAMP_INTERSECTION,SIDE_OF_HWY,TOW_AWAY,COLLISION_SEVERITY,NUMBER_KILLED,NUMBER_INJURED,PARTY_COUNT,PRIMARY_COLL_FACTOR,PCF_CODE_OF_VIOL,PCF_VIOL_CATEGORY,PCF_VIOLATION,PCF_VIOL_SUBSECTION,HIT_AND_RUN,TYPE_OF_COLLISION,MVIW,PED_ACTION,ROAD_SURFACE,ROAD_COND_1,ROAD_COND_2,LIGHTING,CONTROL_DEVICE,CHP_ROAD_TYPE,PEDESTRIAN_ACCIDENT,BICYCLE_ACCIDENT,MOTORCYCLE_ACCIDENT,TRUCK_ACCIDENT,NOT_PRIVATE_PROPERTY,ALCOHOL_INVOLVED,STWD_VEHTYPE_AT_FAULT,CHP_VEHTYPE_AT_FAULT,COUNT_SEVERE_INJ,COUNT_VISIBLE_INJ,COUNT_COMPLAINT_PAIN,COUNT_PED_KILLED,COUNT_PED_INJURED,COUNT_BICYCLIST_KILLED,COUNT_BICYCLIST_INJURED,COUNT_MC_KILLED,COUNT_MC_INJURED,PRIMARY_RAMP,SECONDARY_RAMP,LATITUDE,LONGITUDE,COUNTY,CITY,POINT_X,POINT_Y
9611078,2023,2023-11-17,2106,2023-09-02,1619,505,,6,5,4,2106,0,0,0,,0,,"SAN MARIN DR","CAMPUS DR",294.00,W,N,B,-,N,,,,,,,,,,N,4,0,1,2,A,-,01,23152,A,F,B,C,A,A,H,-,A,A,0,,,,,Y,Y,A,01,0,0,1,0,0,0,0,0,0,"- ","- ",38.121059417724609,-122.57485198974609,MARIN,NOVATO,-122.57578277587891,38.121097564697266
9611119,2023,2023-09-18,2109,2023-08-29,1441,565,26,2,5,5,2109,0,0,0,,0,004,"4TH ST","IRWIN ST",122.00,E,N,A,-,N,,,,,,,,,,N,3,0,1,2,A,-,09,21804,,N,D,C,A,A,H,-,A,D,0,,Y,,,Y,,A,01,0,1,0,0,0,0,1,0,0,"- ","- ",37.972438812255859,-122.52005004882812,MARIN,"SAN RAFAEL",-122.520263671875,37.972160339355469
9611315,2023,2023-10-25,2106,2023-09-09,"14  ",450,N317,6,5,4,2106,0,0,0,,0,NP3,"NAVE DR","MAIN GATE RD",76.00,N,N,A,-,N,,,,,,,,,,N,4,0,1,1,A,-,03,22350,,N,E,I,A,A,H,-,C,A,0,,,,,Y,,A,01,0,0,1,0,0,0,0,0,0,"- ","- ",38.056560516357422,-122.53032684326172,MARIN,NOVATO,-122.53028106689453,38.056606292724609
9611479,2023,2023-10-09,2106,2023-08-24,1715,485,,4,5,4,2106,0,0,0,,0,,"HAMILTON PKWY","NAVE DR",537.00,E,N,A,-,N,,,,,,,,,,N,4,0,1,2,A,-,03,22350,,N,C,C,A,A,H,-,A,D,0,,,,,Y,,A,01,0,0,1,0,0,0,0,0,0,"- ","- ",38.061088562011719,-122.531982421875,MARIN,NOVATO,-122.53060150146484,38.061786651611328
9611480,2023,2023-10-09,2106,2023-08-20,1125,386,,7,5,4,2106,0,0,0,,0,,"MARIN VALLEY DR","BOLLING DR",200.00,S,N,A,-,N,,,,,,,,,,Y,4,0,1,3,A,-,09,21804,A,N,D,C,A,A,H,-,A,D,0,,,,,Y,,A,01,0,0,1,0,0,0,0,0,0,"- ","- ",38.050991058349609,-122.53016662597656,MARIN,NOVATO,-122.53005981445312,38.050277709960938
9611488,2023,2023-11-07,2109,2023-09-12,1947,665,23,2,5,5,2109,0,0,0,,0,003,"FRANCISCO BL E","IRENE ST",0.00,,Y,A,-,N,,,,,,,,,,Y,3,0,1,2,A,-,01,23153,A,N,B,C,A,A,H,-,B,D,0,,,,,Y,Y,A,01,0,1,0,0,0,0,0,0,0,"- ","- ",37.956291198730469,-122.50106811523438,MARIN,"SAN RAFAEL",-122.50103759765625,37.956249237060547
9611489,2023,2023-11-07,2109,2023-09-14,2011,657,46,4,5,5,2109,0,0,0,,0,005,"NORTHGATE DR","THORNDALE DR",330.00,N,N,A,-,N,,,,,,,,,,Y,4,0,2,1,A,-,08,22107,,N,E,I,A,A,H,-,C,D,0,,,,,Y,,A,01,0,0,2,0,0,0,0,0,0,"- ","- ",38.003990173339844,-122.54943084716797,MARIN,"SAN RAFAEL",-122.54673767089844,38.003578186035156
9611490,2023,2023-11-07,2109,2023-09-15,2031,657,10,5,5,5,2109,0,0,0,,0,001,"BAYVIEW ST","MARIN ST",274.00,W,N,A,-,N,,,,,,,,,,N,4,0,1,2,A,-,06,21751,,N,B,C,A,A,H,-,C,D,0,,,,,Y,,A,01,0,0,1,0,0,0,0,0,0,"- ","- ",37.967800140380859,-122.53605651855469,MARIN,"SAN RAFAEL",-122.53604125976562,37.967990875244141
9611504,2023,2023-10-02,2102,2023-06-30,1406,082,2,5,5,2,2102,0,0,0,,0,001,"CHAPMAN DR","STETSON AV",120.00,S,N,A,-,N,,,,,,,,,,N,2,0,1,2,A,-,03,22350,,N,H,G,A,A,H,-,A,D,0,,Y,,,Y,,L,04,1,0,0,0,0,0,1,0,0,"- ","- ",,,MARIN,"CORTE MADERA",-122.52691650390625,37.920871734619141
9611518,2023,2023-09-26,2108,2023-07-14,1742,082,3,5,5,3,2108,0,0,0,,0,003,"SIR FRANCIS DRAKE BL","EL CERRITO AV",0.00,,Y,A,-,N,,,,,,,,,,N,3,0,1,2,A,-,09,21801,A,N,D,C,A,A,H,-,A,D,0,,,,,Y,,A,01,0,1,0,0,0,0,0,0,0,"- ","- ",37.983039855957031,-122.57009887695312,MARIN,"SAN ANSELMO",-122.57006072998047,37.9830322265625
9611687,2023,2023-08-29,2109,2023-08-12,2206,657,46,6,5,5,2109,0,0,0,,0,005,"LAS GALLINAS AV","NOVA ALBION WY",53.00,S,N,A,-,N,,,,,,,,,,Y,4,0,1,2,A,-,08,22107,,M,B,C,A,A,H,-,C,D,0,,,,,Y,,A,01,0,0,1,0,0,0,0,0,0,"- ","- ",38.007518768310547,-122.54885101318359,MARIN,"SAN RAFAEL",-122.54888916015625,38.008079528808594
9611983,2023,2023-10-05,2109,2023-08-18,1931,669,21,5,5,5,2109,0,0,0,,0,003,"KERNER BL","SONOMA ST",0.00,,Y,A,-,N,,,,,,,,,,N,3,0,1,2,A,-,11,21950,B,N,G,B,B,A,H,-,A,A,0,Y,,,,Y,,N,60,0,1,0,0,1,0,0,0,0,"- ","- ",37.967998504638672,-122.49948120117188,MARIN,"SAN RAFAEL",-122.50092315673828,37.965446472167969
9612022,2023,2023-10-20,2109,2023-08-24,1000,566,7,4,5,5,2109,0,0,0,,0,001,"2ND ST","EAST ST",0.00,,Y,A,-,N,,,,,,,,,,N,2,0,1,2,A,-,06,21951,,N,G,B,B,A,D,-,A,A,0,Y,,,,Y,,D,22,1,0,0,0,1,0,0,0,0,"- ","- ",37.973609924316406,-122.53922271728516,MARIN,"SAN RAFAEL",-122.53917694091797,37.973339080810547
9612039,2023,2023-09-14,2106,2023-08-04,1510,378,N201,5,5,4,2106,0,0,0,,0,NP2,"VINTAGE WY","ROWLAND BL S",705.00,S,N,A,-,N,,,,,,,,,,,4,0,1,2,A,-,03,22350,,F,B,C,A,A,H,-,A,A,0,,,,,Y,,D,22,0,0,1,0,0,0,0,0,0,"- ","- ",38.086788177490234,-122.54927825927734,MARIN,NOVATO,-122.55648040771484,38.09197998046875
9612092,2023,2023-09-11,2106,2023-07-16,1703,496,N101,7,5,4,2106,0,0,0,,0,NP1,"NOVATO BL","WILSON AV",250.00,W,N,A,-,N,,,,,,,,,,Y,4,0,2,2,A,-,09,21801,A,N,D,C,A,A,H,-,A,D,0,,,,,Y,,A,01,0,0,2,0,0,0,0,0,0,"- ","- ",38.111309051513672,-122.59117889404297,MARIN,NOVATO,-122.59171295166016,38.111942291259766
9612308,2023,2023-10-27,2109,2023-09-03,1147,675,26,7,5,5,2109,0,0,0,,0,002,"IRWIN ST","3RD ST",10.00,N,N,A,-,N,,,,,,,,,,N,3,0,1,2,A,-,03,22350,,N,C,C,A,A,H,-,A,D,0,,,,,Y,,A,01,0,1,0,0,0,0,0,0,0,"- ","- ",37.971229553222656,-122.52095031738281,MARIN,"SAN RAFAEL",-122.52168273925781,37.971446990966797
9612309,2023,2023-11-07,2109,2023-09-01,1915,658,5,5,5,5,2109,0,0,0,,0,001,"FOURTH ST","FOURTH ST 2044",0.00,,Y,A,-,N,,,,,,,,,,N,4,0,1,2,A,-,05,21202,A,N,C,C,A,A,H,-,A,A,0,,Y,,,Y,Y,L,04,0,0,1,0,0,0,1,0,0,"- ","- ",37.975460052490234,-122.54495239257812,MARIN,"SAN RAFAEL",-122.55036926269531,37.976219177246094
9613103,2023,2023-10-06,2109,2023-08-08,1004,675,39,2,5,5,2109,0,0,0,,0,003,"BELLAM BL","RT 580",0.00,,Y,A,-,Y,MRN,4,580,-,-,4.622,R,4,E,N,3,0,1,2,A,-,10,21950,A,N,G,B,B,A,H,-,A,A,0,Y,,,,Y,,A,01,0,1,0,0,1,0,0,0,0,SF,"- ",37.960208892822266,-122.50726318359375,MARIN,"SAN RAFAEL",-122.50711822509766,37.961124420166016
9614152,2023,2023-10-10,2106,2023-09-13,1034,510,,3,5,4,2106,0,0,0,,0,,"ENFRENTE RD","ENTRADA DR",166.00,S,N,A,-,N,,,,,,,,,,N,2,0,1,2,A,-,09,21804,A,N,G,B,F,A,H,-,A,D,0,Y,,,,Y,,D,22,1,0,0,0,1,0,0,0,0,"- ","- ",38.069038391113281,-122.54010772705078,MARIN,NOVATO,-122.54002380371094,38.068935394287109
9615021,2022,2023-08-29,2109,2022-07-21,2035,635,47,4,5,5,2109,0,0,0,,0,005,"PATRICIA WY","LAS COLINDAS RD",17.00,W,N,A,-,N,,,,,,,,,,N,3,0,1,1,A,-,08,22107,,N,H,-,A,A,H,-,B,D,0,,Y,,,Y,,L,04,0,1,0,0,0,0,1,0,0,"- ","- ",38.014919281005859,-122.56751251220703,MARIN,"SAN RAFAEL",-122.56630706787109,38.01904296875
9615716,2023,2023-09-20,2105,2023-05-13,"205 ",MV6242,99999,6,5,3,2105,0,0,0,,0,SO31,"ASHFORD AV","LEYTON CT",13.00,W,N,A,-,N,,,,,,,,,,N,3,0,1,3,A,-,08,22107,,N,C,E,A,A,H,-,A,A,0,,,,,Y,Y,A,01,0,1,0,0,0,0,0,0,0,"- ","- ",,,MARIN,"MILL VALLEY",-122.52466583251953,37.904376983642578
9616719,2023,2023-10-11,2109,2023-09-22,"725 ",630,21,5,5,5,2109,0,0,0,,0,003,"KERNER BL","BELLAM BL",0.00,,Y,A,-,N,,,,,,,,,,N,4,0,1,2,A,-,00,24153,B,N,H,G,A,A,H,-,A,A,0,,Y,,,Y,,A,01,0,0,1,0,0,0,1,0,0,"- ","- ",37.961261749267578,-122.50258636474609,MARIN,"SAN RAFAEL",-122.50186157226562,37.961578369140625
9617662,2022,2023-09-14,2106,2022-10-26,2008,488,N201,3,5,4,2106,0,0,0,,0,NP2,"OLIVE AV","CLUB DR",40.00,W,N,A,-,N,,,,,,,,,,Y,4,0,1,1,C,-,18,,,N,H,H,A,A,H,-,D,D,0,,,Y,,Y,,-,"- ",0,0,1,0,0,0,0,0,1,"- ","- ",38.105091094970703,-122.53825378417969,MARIN,NOVATO,-122.53844451904297,38.105609893798828
9618109,2023,2023-11-13,2109,2023-09-30,"130 ",575,22,6,5,5,2109,0,0,0,,0,003,"FRANCISCO BL E","BELLAM BL",0.00,,Y,A,-,N,,,,,,,,,,N,3,0,1,2,A,-,01,23152,,N,D,C,A,A,H,-,C,A,0,,,,,Y,Y,A,01,0,1,0,0,0,0,0,0,0,"- ","- ",37.960590362548828,-122.50485229492188,MARIN,"SAN RAFAEL",-122.50484466552734,37.960559844970703
9619108,2023,2024-02-29,2106,2023-12-06,1740,503,N407,3,5,4,2106,0,0,0,,0,NP4,"MONTE MARIA AV","DRAKEWOOD LN",20.00,E,N,A,-,N,,,,,,,,,,N,4,0,1,2,A,-,10,21950,C,N,G,B,D,B,H,-,C,D,0,Y,,,,Y,,A,07,0,0,1,0,1,0,0,0,0,"- ","- ",38.084888458251953,-122.56926727294922,MARIN,NOVATO,-122.56829071044922,38.085586547851562
9620252,2023,2023-09-25,2117,2023-07-20,1026,082,3,4,5,3,2108,0,0,0,,0,003,"SIR FRANCIS DRAKE BL","BRIDGE AV",0.00,,Y,A,-,N,,,,,,,,,,N,3,0,1,1,C,-,18,,,N,F,A,A,A,B,-,A,D,0,,,Y,,Y,,-,"- ",0,1,0,0,0,0,0,0,1,"- ","- ",37.977500915527344,-122.56320190429688,MARIN,"SAN ANSELMO",-122.56320190429688,37.977470397949219
9620359,2023,2023-10-16,2104,2023-09-18,1710,161,1,1,5,3,2104,0,0,0,,0,002,"MAGNOLIA AV","WILTSHIRE AV",53.00,S,N,A,-,N,,,,,,,,,,N,2,0,2,3,A,-,03,22350,,N,C,C,A,A,H,-,A,D,0,,,,,Y,,A,07,1,1,0,0,0,0,0,0,0,"- ","- ",37.928630828857422,-122.53278350830078,MARIN,LARKSPUR,-122.53265380859375,37.928516387939453
9620360,2023,2023-10-16,2104,2023-09-02,1213,047,1,6,5,3,2104,0,0,0,,0,002,"MAGNOLIA AV","DOHERTY DR",0.00,,Y,A,-,N,,,,,,,,,,N,2,0,1,2,A,-,03,22350,,N,H,G,A,A,H,-,A,A,0,,Y,,,Y,,A,01,1,0,0,0,0,0,1,0,0,"- ","- ",37.93804931640625,-122.53486633300781,MARIN,LARKSPUR,-122.53480529785156,37.93804931640625
9620361,2023,2023-10-13,2108,2023-09-14,1500,138,3,4,5,3,2108,0,0,0,,0,003,"SIR FRANCIS DRAKE BL","BANK ST",95.00,S,N,A,-,N,,,,,,,,,,N,3,0,1,2,A,-,17,22517,,N,H,E,A,A,H,-,A,D,0,,Y,,,Y,,A,01,0,1,0,0,0,0,1,0,0,"- ","- ",37.975021362304688,-122.65145111083984,MARIN,"SAN ANSELMO",-122.56177520751953,37.975120544433594
9620362,2023,2023-10-25,2102,2023-09-16,1445,078,2,6,5,2,2102,0,0,0,,0,001,"PARADISE DR","SEAWOLF PSE",285.00,N,N,A,-,N,,,,,,,,,,N,4,0,1,1,A,-,03,22350,,N,H,G,A,A,H,-,A,D,0,,Y,,,Y,,L,04,0,0,1,0,0,0,1,0,0,"- ","- ",37.919750213623047,-122.50668334960938,MARIN,"CORTE MADERA",-122.50521850585938,37.919418334960938
9620363,2023,2023-10-19,2104,2023-09-14,1517,138,1,4,5,3,2104,0,0,0,,0,002,"DOHERTY DR","ROSE LN",110.00,E,N,A,-,N,,,,,,,,,,N,3,0,2,3,A,-,03,22350,,N,C,C,A,A,H,-,A,D,0,,,,,Y,,D,22,0,2,0,0,0,0,0,0,0,"- ","- ",37.938209533691406,-122.53311920166016,MARIN,LARKSPUR,-122.53277587890625,37.938201904296875
9620364,2023,2023-10-16,2108,2023-09-11,1833,143,3,1,5,3,2108,0,0,0,,0,,"WOODSIDE DR","BUTTERFIELD RD",0.00,,Y,A,-,N,,,,,,,,,,Y,3,0,1,2,A,-,08,22107,,N,E,C,A,A,H,-,B,D,0,,,,,Y,,A,01,0,1,0,0,0,0,0,0,0,"- ","- ",37.994979858398438,-122.57694244384766,MARIN,"SAN ANSELMO",-122.57693481445312,37.994968414306641
9620365,2023,2023-10-19,2108,2023-09-14,1949,137,3,4,5,3,2108,0,0,0,,0,,"SAN ANSELMO AV","SIR FRANCIS DRAKE BL",162.00,S,N,B,-,N,,,,,,,,,,N,3,0,1,2,A,-,21,22106,,N,E,I,A,A,H,-,A,D,0,,,,,Y,,A,01,0,1,0,0,0,0,0,0,0,"- ","- ",,,MARIN,"SAN ANSELMO",-122.57685852050781,37.986137390136719
9620366,2023,2023-10-16,2108,2023-09-13,"825 ",138,3,3,5,3,2108,0,0,0,,0,,"BUTTERFIELD RD","CARLSON AV",0.00,,Y,A,-,N,,,,,,,,,,N,3,0,1,2,A,-,06,21760,B,N,H,G,A,A,H,-,A,D,0,,Y,,,Y,,A,01,0,1,0,0,0,0,1,0,0,"- ","- ",37.993381500244141,-122.57679748535156,MARIN,"SAN ANSELMO",-122.57677459716797,37.993400573730469
9620409,2023,2023-10-12,2106,2023-09-25,1407,412,,1,5,4,2106,0,0,0,,0,,"DE LONG AV","REICHERT AV",40.00,W,N,B,-,N,,,,,,,,,,N,4,0,2,2,A,-,12,21453,A,N,D,C,A,A,H,-,A,A,0,,,,,Y,,A,01,0,0,2,0,0,0,0,0,0,"- ","- ",38.105518341064453,-122.56655120849609,MARIN,NOVATO,-122.56683349609375,38.105613708496094
9620410,2023,2023-10-12,2106,2023-09-22,1600,450,N214,5,5,4,2106,0,0,0,,0,NP2,"DE LONG AV","REICHERT AV",0.00,,Y,A,-,N,,,,,,,,,,Y,4,0,2,2,A,-,01,23152,A,N,D,C,A,A,H,-,A,A,0,,,,,Y,Y,A,01,0,0,2,0,0,0,0,0,0,"- ","- ",38.105518341064453,-122.56655120849609,MARIN,NOVATO,-122.56669616699219,38.105587005615234
9620411,2023,2023-10-12,2106,2023-09-22,1329,494,,5,5,4,2106,0,0,0,,0,,"VINTAGE WY","ROWLAND BL",170.00,W,N,A,-,N,,,,,,,,,,Y,4,0,1,2,A,-,04,21703,,N,-,C,A,A,H,-,A,A,0,,,,,Y,,A,01,0,0,1,0,0,0,0,0,0,"- ","- ",38.085941314697266,-122.55020904541016,MARIN,NOVATO,-122.55548095703125,38.093208312988281
9620412,2023,2023-10-12,2106,2023-09-19,1755,503,N125,2,5,4,2106,0,0,0,,0,NP1,"NOVATO BL","SIMMONS LN",0.00,,Y,A,-,N,,,,,,,,,,N,3,0,1,2,A,-,03,22350,,N,-,G,A,A,H,-,A,A,0,,Y,,,Y,,L,04,0,1,0,0,0,0,1,0,0,"- ","- ",38.110801696777344,-122.59011840820312,MARIN,NOVATO,-122.58992004394531,38.111129760742188
9620930,2023,2023-12-06,2109,2023-10-09,1145,615,55,1,5,5,2109,0,0,0,,0,006,"CIVIC CENTER DR","VERA SCHULTZ DR",252.00,N,N,A,-,N,,,,,,,,,,N,3,0,1,2,A,-,09,21804,A,F,E,I,A,A,H,-,A,D,0,,,Y,,Y,,A,01,0,1,0,0,0,0,0,0,1,"- ","- ",38.000820159912109,-122.53547668457031,MARIN,"SAN RAFAEL",-122.53099060058594,37.999801635742188
9620931,2023,2023-12-06,2109,2023-10-10,1724,678,29,2,5,5,2109,0,0,0,,0,004,"3RD ST","UNION ST",350.00,E,N,A,-,N,,,,,,,,,,N,3,0,1,2,A,-,03,22350,,N,C,C,A,A,H,-,A,D,0,,,,,Y,,A,01,0,1,0,0,0,0,0,0,0,"- ","- ",37.969341278076172,-122.51445770263672,MARIN,"SAN RAFAEL",-122.51551818847656,37.969955444335938
9620932,2023,2023-12-06,2109,2023-10-01,2500,476,21,7,5,5,2109,0,0,0,,0,003,"BELLAM BL","BELVEDERE ST",57.00,W,N,A,-,N,,,,,,,,,,Y,2,0,1,2,A,-,11,21950,B,F,G,B,D,A,H,-,C,D,0,Y,,,,Y,Y,N,60,1,0,0,0,1,0,0,0,0,"- ","- ",37.961261749267578,-122.50258636474609,MARIN,"SAN RAFAEL",-122.50282287597656,37.961311340332031
9620933,2023,2023-12-06,2109,2023-10-03,2117,651,26,2,5,5,2109,0,0,0,,0,004,"IRWIN ST","3RD ST",0.00,,Y,A,-,N,,,,,,,,,,Y,3,0,2,2,A,-,12,21453,A,N,D,C,A,A,H,-,C,A,0,,,,,Y,,A,01,0,2,0,0,0,0,0,0,0,"- ","- ",37.971229553222656,-122.52095031738281,MARIN,"SAN RAFAEL",-122.52095794677734,37.97125244140625
9620934,2023,2023-12-06,2109,2023-10-01,2009,651,7,7,5,5,2109,0,0,0,,0,001,"2ND ST","B ST",0.00,,Y,A,-,N,,,,,,,,,,N,4,0,1,2,A,-,12,21453,A,M,H,G,A,A,H,-,C,A,0,,Y,,,Y,Y,A,01,0,0,1,0,0,0,1,0,0,"- ","- ",37.971298217773438,-122.52979278564453,MARIN,"SAN RAFAEL",-122.52982330322266,37.971305847167969
9621416,2023,2023-12-14,2109,2023-10-30,"833 ",665,16,1,5,5,2109,0,0,0,,0,002,"A ST","2ND ST",0.00,,Y,A,-,N,,,,,,,,,,N,2,0,1,2,A,-,12,21453,A,N,H,G,A,A,H,-,A,A,0,,Y,,,Y,,A,01,1,0,0,0,0,0,1,0,0,"- ","- ",,,MARIN,"SAN RAFAEL",-122.52854156494141,37.971179962158203
9621417,2023,2023-12-14,2109,2023-10-23,1648,527,14,1,5,5,2109,0,0,0,,0,002,"5TH AV","LINCOLN AV",0.00,,Y,A,-,N,,,,,,,,,,N,4,0,1,2,A,-,11,21456,,N,G,B,B,A,H,-,A,A,0,Y,,,,Y,,N,60,0,0,1,0,1,0,0,0,0,"- ","- ",37.973411560058594,-122.52362823486328,MARIN,"SAN RAFAEL",-122.52364349365234,37.973377227783203
9621585,2023,2023-12-05,2109,2023-10-31,2000,675,17,2,5,5,2109,0,0,0,,0,002,"3RD ST","TAMALPAIS AV",0.00,,Y,A,-,N,,,,,,,,,,N,4,0,1,2,A,-,03,22350,,N,C,C,A,A,H,-,A,A,0,,,,,Y,,A,01,0,0,1,0,0,0,0,0,0,"- ","- ",37.971481323242188,-122.52272033691406,MARIN,"SAN RAFAEL",-122.523193359375,37.971549987792969
9621588,2023,2023-11-29,2105,2023-10-29,1435,MV6238,90004,7,5,3,2105,0,0,0,,0,MV1,"CORTE MADERA AV","KING ST",115.00,E,N,A,-,N,,,,,,,,,,N,2,0,1,1,A,-,03,22350,,N,H,I,A,A,H,-,A,D,0,,Y,,,Y,,-,,1,0,0,0,0,0,1,0,0,"- ","- ",,,MARIN,"MILL VALLEY",-122.55249786376953,37.914901733398438
9621589,2023,2023-11-29,2105,2023-10-27,2009,MV6251,90002,5,5,3,2105,0,0,0,,0,MV2,"MILLER AV","CAMINO ALTO",1056.00,S,N,A,-,N,,,,,,,,,,Y,3,0,1,1,A,-,03,22350,,N,E,I,A,A,H,-,C,D,0,,,Y,,Y,Y,C,03,0,1,0,0,0,0,0,0,1,"- ","- ",,,MARIN,"MILL VALLEY",-122.53298950195312,37.894351959228516
9621590,2023,2023-11-29,2105,2023-10-19,2015,MV6234,90000,4,5,3,2105,0,0,0,,0,MV1,"MILLER AV","THROCKMORTON AV",177.00,S,N,A,-,N,,,,,,,,,,Y,3,0,2,3,A,-,03,22350,,N,B,E,A,A,H,-,C,D,0,,,,,Y,,A,01,0,1,1,0,0,0,0,0,0,"- ","- ",,,MARIN,"MILL VALLEY",-122.54801177978516,37.90576171875
9621591,2023,2023-11-29,2105,2023-10-26,1731,MV6253,90003,4,5,3,2105,0,0,0,,0,MV2,"EAST BLITHEDALE AV","ROQUE MORAES DR",0.00,,Y,A,-,N,,,,,,,,,,Y,3,0,1,2,A,-,21,22106,,N,D,C,A,A,H,-,A,A,0,,,,,Y,,A,01,0,1,0,0,0,0,0,0,0,"- ","- ",,,MARIN,"MILL VALLEY",-122.52651977539062,37.900798797607422
9621592,2023,2023-11-29,2105,2023-10-13,"830 ",MV6253,90003,5,5,3,2105,0,0,0,,0,MV2,"SYCAMORE AV","CAMINO ALTO",480.00,E,N,A,-,N,,,,,,,,,,N,3,0,1,2,A,-,03,22350,,N,D,G,A,A,H,-,A,D,0,,Y,,,Y,,-,,0,1,0,0,0,0,1,0,0,"- ","- ",,,MARIN,"MILL VALLEY",-122.52851104736328,37.896522521972656
9621593,2023,2023-11-29,2105,2023-10-09,"916 ",MV6206,MV9,1,5,3,2105,0,0,0,,0,001,"EAST BLITHEDALE AV","CAMINO ALTO",369.00,W,N,A,-,N,,,,,,,,,,Y,4,0,1,3,A,-,03,22350,,N,C,C,A,A,H,-,A,D,0,,,Y,,Y,,C,02,0,0,1,0,0,0,0,0,0,"- ","- ",,,MARIN,"MILL VALLEY",-122.52989196777344,37.900711059570312
9621671,2023,2023-11-01,2109,2023-09-05,"955 ",524,17,2,5,5,2109,0,0,0,,0,,"4TH ST","HETHERTON AV",0.00,,Y,A,-,N,,,,,,,,,,N,3,0,1,2,A,-,08,22107,,N,H,G,A,A,H,-,A,A,0,,Y,,,Y,,A,01,0,1,0,0,0,0,1,0,0,"- ","- ",,,MARIN,"SAN RAFAEL",-122.52194976806641,37.972385406494141
9621672,2023,2023-11-01,2109,2023-09-05,1125,422,18,2,5,5,2109,0,0,0,,0,003,"YACHT CLUB DR","FRANCISCO BL E",0.00,,Y,A,-,N,,,,,,,,,,N,4,0,1,2,A,-,09,21802,,N,H,G,A,A,H,-,A,A,0,,Y,,,Y,,A,01,0,0,1,0,0,0,1,0,0,"- ","- ",37.966888427734375,-122.51718902587891,MARIN,"SAN RAFAEL",-122.51722717285156,37.966941833496094
9621678,2023,2023-11-01,2109,2023-09-08,"919 ",651,5,5,5,5,2109,0,0,0,,0,001,"4TH ST","W CRESCENT DR",0.00,,Y,A,-,N,,,,,,,,,,N,3,0,1,2,A,-,05,21650,1,N,D,G,A,A,H,-,A,D,0,,Y,,,Y,,L,04,0,1,0,0,0,0,1,0,0,"- ","- ",37.976280212402344,-122.54810333251953,MARIN,"SAN RAFAEL",-122.54911804199219,37.976005554199219
9621679,2023,2023-11-01,2109,2023-09-08,1140,513,17,5,5,5,2109,0,0,0,,0,002,"3RD ST","TAMALPAIS AV",10.00,E,N,A,-,N,,,,,,,,,,N,3,0,1,2,A,-,03,22350,,N,C,C,A,A,H,-,A,D,0,,,,,Y,,A,01,0,1,0,0,0,0,0,0,0,"- ","- ",37.971481323242188,-122.52272033691406,MARIN,"SAN RAFAEL",-122.52315521240234,37.971546173095703
9621680,2023,2023-11-01,2109,2023-09-10,2058,642,11,7,5,5,2109,0,0,0,,0,001,"D ST","SAN RAFAEL AV",0.00,,Y,A,-,N,,,,,,,,,,N,4,0,2,2,A,-,03,22350,,N,D,C,A,A,H,-,C,A,0,,,,,Y,,A,01,0,0,2,0,0,0,0,0,0,"- ","- ",37.965888977050781,-122.533203125,MARIN,"SAN RAFAEL",-122.53321075439453,37.965896606445312
9621683,2023,2023-10-02,2102,2023-08-02,1749,082,2,3,5,2,2102,0,0,0,,0,001,"PARADISE DR","HARBOR DR",142.00,W,N,A,-,N,,,,,,,,,,N,3,0,2,3,A,-,03,22350,,N,E,I,F,A,H,-,A,D,0,Y,,Y,,Y,,C,02,0,1,1,0,1,0,0,0,1,"- ","- ",37.920070648193359,-122.50881195068359,MARIN,"CORTE MADERA",-122.50929260253906,37.920299530029297
9621684,2023,2023-10-02,2104,2023-08-07,1205,138,1C,1,5,3,2104,0,0,0,,0,002,"ESFD BL","REMILLARD PK",253.00,W,N,A,-,N,,,,,,,,,,N,3,0,2,3,A,-,03,22350,,N,C,C,A,A,H,-,A,D,0,,,,,Y,,A,01,0,2,0,0,0,0,0,0,0,"- ","- ",37.945049285888672,-122.50299072265625,MARIN,LARKSPUR,,
9621685,2023,2023-10-02,2104,2023-08-15,1158,026,1C,2,5,3,2104,0,0,0,,0,002,"ESFD BL","REMILARD PK",17.00,N,N,A,-,N,,,,,,,,,,N,3,0,1,2,A,-,09,21801,A,N,H,G,A,A,H,-,A,D,0,,Y,,,Y,,L,04,0,1,0,0,0,0,1,0,0,"- ","- ",,,MARIN,LARKSPUR,,