CASE_ID,ACCIDENT_YEAR,PROC_DATE,JURIS,COLLISION_DATE,COLLISION_TIME,OFFICER_ID,REPORTING_DISTRICT,DAY_OF_WEEK,CHP_SHIFT,POPULATION,CNTY_CITY_LOC,SPECIAL_COND,BEAT_TYPE,CHP_BEAT_TYPE,CITY_DIVISION_LAPD,CHP_BEAT_CLASS,BEAT_NUMBER,PRIMARY_RD,SECONDARY_RD,DISTANCE,DIRECTION,INTERSECTION,WEATHER_1,WEATHER_2,STATE_HWY_IND,CALTRANS_COUNTY,CALTRANS_DISTRICT,STATE_ROUTE,ROUTE_SUFFIX,POSTMILE_PREFIX,POSTMILE,LOCATION_TYPE,RAMP_INTERSECTION,SIDE_OF_HWY,TOW_AWAY,COLLISION_SEVERITY,NUMBER_KILLED,NUMBER_INJURED,PARTY_COUNT,PRIMARY_COLL_FACTOR,PCF_CODE_OF_VIOL,PCF_VIOL_CATEGORY,PCF_VIOLATION,PCF_VIOL_SUBSECTION,HIT_AND_RUN,TYPE_OF_COLLISION,MVIW,PED_ACTION,ROAD_SURFACE,ROAD_COND_1,ROAD_COND_2,LIGHTING,CONTROL_DEVICE,CHP_ROAD_TYPE,PEDESTRIAN_ACCIDENT,BICYCLE_ACCIDENT,MOTORCYCLE_ACCIDENT,TRUCK_ACCIDENT,NOT_PRIVATE_PROPERTY,ALCOHOL_INVOLVED,STWD_VEHTYPE_AT_FAULT,CHP_VEHTYPE_AT_FAULT,COUNT_SEVERE_INJ,COUNT_VISIBLE_INJ,COUNT_COMPLAINT_PAIN,COUNT_PED_KILLED,COUNT_PED_INJURED,COUNT_BICYCLIST_KILLED,COUNT_BICYCLIST_INJURED,COUNT_MC_KILLED,COUNT_MC_INJURED,PRIMARY_RAMP,SECONDARY_RAMP,LATITUDE,LONGITUDE,COUNTY,CITY,POINT_X,POINT_Y
9644252,2023,2023-12-06,2106,2023-10-30,1350,491,,1,5,4,2106,0,0,0,,0,NP3,"BOLLING CIR","BOLLING DR",183.00,E,N,A,-,N,,,,,,,,,,Y,4,0,1,2,A,-,03,22350,,N,C,C,A,A,H,-,A,D,0,,,,,Y,,A,07,0,0,1,0,0,0,0,0,0,"- ","- ",38.050998687744141,-122.52764129638672,MARIN,NOVATO,-122.52694702148438,38.050552368164062
9644256,2023,2023-12-06,2106,2023-10-24,1700,503,,2,5,4,2106,0,0,0,,0,,"GRANT AV","4TH ST E",0.00,,Y,A,-,N,,,,,,,,,,N,4,0,1,2,A,-,09,21802,A,N,A,C,A,A,H,-,A,D,0,,,,,Y,,A,07,0,0,1,0,0,0,0,0,0,"- ","- ",38.108379364013672,-122.57420349121094,MARIN,NOVATO,-122.57473754882812,38.108455657958984
9644260,2023,2023-12-06,2106,2023-10-23,1838,496,N101,1,5,4,2106,0,0,0,,0,NP1,"NOVATO BL","GRANDE VISTA",30.00,W,N,A,-,N,,,,,,,,,,Y,4,0,3,3,A,-,03,22350,,N,C,C,C,A,H,-,C,D,0,Y,,,,Y,,A,01,0,0,3,0,0,0,0,0,0,"- ","- ",38.113510131835938,-122.60196685791016,MARIN,NOVATO,-122.6019287109375,38.113685607910156
9646240,2023,2024-01-12,2109,2023-11-25,"438 ",622,42,6,5,5,2109,0,0,0,,0,005,"MONTECILLO RD","NOVA ALBION WY",740.00,W,N,A,-,N,,,,,,,,,,N,4,0,1,1,A,-,08,22107,,N,E,I,A,A,H,-,C,D,0,,,,,Y,,A,01,0,0,1,0,0,0,0,0,0,"- ","- ",38.004570007324219,-122.55525970458984,MARIN,"SAN RAFAEL",-122.55420684814453,38.005001068115234
9646677,2023,2024-04-30,2109,2023-12-07,1147,635,28,4,5,5,2109,0,0,0,,0,004,"GRAND AV","JEWELL AV",130.00,N,N,B,C,N,,,,,,,,,,Y,4,0,1,2,A,-,03,22350,,N,C,E,A,B,H,-,A,D,0,,,,,Y,,A,07,0,0,1,0,0,0,0,0,0,"- ","- ",37.976829528808594,-122.51687622070312,MARIN,"SAN RAFAEL",-122.51680755615234,37.977149963378906
9647690,2023,2023-12-16,2104,2023-10-25,1643,111,1,3,5,3,2104,0,0,0,,0,002,"ONYX ST","MADRONE AV",184.00,N,N,A,-,N,,,,,,,,,,N,2,0,1,1,A,-,16,24002,A,N,E,I,A,A,H,-,A,D,0,,Y,,,Y,,L,04,1,0,0,0,0,0,1,0,0,"- ","- ",37.931480407714844,-122.53838348388672,MARIN,LARKSPUR,-122.53804779052734,37.931442260742188
9647691,2023,2023-12-16,2104,2023-10-06,"922 ",026,1,5,5,3,2104,0,0,0,,0,002,"MAGNOLIA AV","CREEKSIDE DR",153.00,N,N,A,-,N,,,,,,,,,,Y,3,0,1,1,A,-,08,22107,,N,E,I,A,A,H,-,A,D,0,,,,,Y,,A,07,0,1,0,0,0,0,0,0,0,"- ","- ",37.941291809082031,-122.53878784179688,MARIN,LARKSPUR,-122.53910064697266,37.941574096679688
9647692,2023,2023-12-16,2102,2023-10-29,1630,135,1,7,5,2,2102,0,0,0,,0,001,"NELLEN AV","LUCKY DR",225.00,E,N,A,-,N,,,,,,,,,,N,3,0,1,2,D,-,00,,,N,A,G,A,A,H,-,A,D,0,,Y,,,Y,,-,"- ",0,1,0,0,0,0,1,0,0,"- ","- ",37.939910888671875,-122.51692962646484,MARIN,"CORTE MADERA",-122.51683044433594,37.939395904541016
9647693,2023,2023-12-16,2108,2023-10-31,1609,CM150,3,2,5,3,2108,0,0,0,,0,003,"SYCAMORE AV","MADRONE AV",411.00,E,N,A,-,N,,,,,,,,,,N,3,0,1,2,A,-,09,21804,A,N,H,G,A,A,H,-,A,D,0,,Y,,,Y,,L,04,0,1,0,0,0,0,1,0,0,"- ","- ",,,MARIN,"SAN ANSELMO",-122.56600189208984,37.977409362792969
9647911,2023,2023-12-26,2105,2023-11-29,1617,MV6206,MV9,3,5,3,2105,0,0,0,,0,MV1,"MILLER AV","LA GOMA ST",0.00,,Y,A,-,N,,,,,,,,,,Y,4,0,1,2,A,-,12,22450,A,N,D,C,A,A,H,-,A,A,0,,,,,Y,,A,01,0,0,1,0,0,0,0,0,0,"- ","- ",,,MARIN,"MILL VALLEY",-122.53694915771484,37.897560119628906
9648400,2023,2024-01-16,2105,2023-11-04,1753,MV6234,90003,6,5,3,2105,0,0,0,,0,MV2,"HILL ST","SUNNYSIDE AV",10.00,E,N,A,-,N,,,,,,,,,,N,3,0,1,2,A,-,09,21802,A,N,D,G,A,A,H,-,A,D,0,,Y,,,Y,,A,01,0,1,0,0,0,0,1,0,0,"- ","- ",,,MARIN,"MILL VALLEY",-122.54409790039062,37.906089782714844
9649372,2023,2024-02-16,2106,2023-12-28,1325,467,N126,4,5,4,2106,0,0,0,,0,NP1,"GRANT AV","4TH ST",0.00,,Y,B,C,N,,,,,,,,,,Y,3,0,1,1,A,-,01,23152,F,N,E,I,A,B,H,-,A,A,0,,,,,Y,,A,01,0,1,0,0,0,0,0,0,0,"- ","- ",38.108379364013672,-122.57420349121094,MARIN,NOVATO,-122.57473754882812,38.108455657958984
9649373,2023,2024-02-16,2106,2023-12-27,1734,412,,3,5,4,2106,0,0,0,,0,NP3,"ALAMEDA DEL PRADO","NAVE DR",6.00,N,N,C,-,N,,,,,,,,,,N,4,0,1,2,A,-,08,22107,,N,B,C,A,B,H,-,C,D,0,,,,,Y,,A,01,0,0,1,0,0,0,0,0,0,"- ","- ",38.048210144042969,-122.53330993652344,MARIN,NOVATO,-122.53359222412109,38.048374176025391
9649374,2023,2024-02-16,2106,2023-12-19,2130,489,,2,5,4,2106,0,0,0,,0,NP3,"NAVE DR","MAIN GATE RD",500.00,N,N,A,-,N,,,,,,,,,,Y,4,0,1,3,A,-,05,21651,C,F,A,C,A,B,H,-,C,D,0,,,,,Y,,A,01,0,0,1,0,0,0,0,0,0,"- ","- ",38.056560516357422,-122.53032684326172,MARIN,NOVATO,-122.53054809570312,38.057750701904297
9649375,2023,2024-02-16,2106,2023-12-13,1305,503,N422,3,5,4,2106,0,0,0,,0,NP4,"SOUTH NOVATO BL","NAVE CT",301.00,N,N,A,-,N,,,,,,,,,,Y,4,0,1,2,A,-,09,21804,A,N,D,C,A,A,H,-,A,D,0,,,,,Y,,A,07,0,0,1,0,0,0,0,0,0,"- ","- ",38.101169586181641,-122.57205200195312,MARIN,NOVATO,-122.57254791259766,38.101943969726562
9649376,2023,2024-02-16,2106,2023-12-13,"945 ",512,,3,5,4,2106,0,0,0,,0,,"CANYON RD","CANYON CT",0.00,,Y,A,-,N,,,,,,,,,,N,4,0,1,2,A,-,12,21367,B,F,G,B,E,B,D,E,A,A,0,Y,,,,Y,,-,,0,0,1,0,1,0,0,0,0,"- ","- ",,,MARIN,NOVATO,-122.25894165039062,38.361186981201172
9649377,2023,2024-02-16,2106,2023-12-04,1447,496,,1,5,4,2106,0,0,0,,0,NP4,"GRANT AV","2ND ST",55.00,E,N,A,-,N,,,,,,,,,,N,4,0,1,2,A,-,08,22107,,N,H,G,A,A,H,-,A,D,0,,Y,,,Y,,L,04,0,0,1,0,0,0,1,0,0,"- ","- ",38.107940673828125,-122.57225799560547,MARIN,NOVATO,-122.57248687744141,38.107994079589844
9651987,2024,2024-06-25,2109,2024-01-10,"745 ",687,11,3,5,5,2109,0,0,0,,0,,"C ST","BAYVIEW ST",0.00,,Y,B,-,N,,,,,,,,,,Y,3,0,1,2,A,-,09,21800,D,N,D,C,A,B,H,-,A,D,0,,,,,Y,,A,01,0,1,0,0,0,0,0,0,0,"- ","- ",37.967578887939453,-122.5318603515625,MARIN,"SAN RAFAEL",-122.53186798095703,37.967571258544922
9652396,2024,2024-03-23,2109,2024-01-16,1211,,11,2,5,5,2109,0,0,0,,0,,"D ST","ANTONETTE AV",675.00,S,N,B,-,N,,,,,,,,,,N,2,0,1,2,A,-,05,21460,A,N,A,C,A,A,H,-,A,D,0,,Y,,,Y,,L,04,1,0,0,0,0,0,1,0,0,"- ","- ",37.962841033935547,-122.53294372558594,MARIN,"SAN RAFAEL",-122.53415679931641,37.962261199951172
9652631,2024,2024-03-22,2109,2024-01-11,"750 ",527,46,4,5,5,2109,0,0,0,,0,005,"DEL PRESIDIO BL","LAS GALLINAS AV",167.00,N,N,A,-,N,,,,,,,,,,Y,3,0,1,2,-,-,"- ",,,N,B,C,A,A,H,-,A,D,0,,,,,Y,,-,"- ",0,1,0,0,0,0,0,0,0,"- ","- ",38.006458282470703,-122.54470825195312,MARIN,"SAN RAFAEL",-122.54444122314453,38.006828308105469
9652751,2024,2024-03-28,2109,2024-01-05,1525,618,39,5,5,5,2109,0,0,0,,0,003,"DU BOIS ST","WOODLAND AV",0.00,,Y,A,-,N,,,,,,,,,,N,3,0,1,2,D,-,00,,,N,D,C,A,A,H,-,A,A,0,,,,,Y,,-,"- ",0,1,0,0,0,0,0,0,0,"- ","- ",37.963520050048828,-122.51809692382812,MARIN,"SAN RAFAEL",-122.51737213134766,37.962882995605469
9652886,2024,2024-04-20,2109,2024-01-25,1043,527,13,4,5,5,2109,0,0,0,,0,002,"LINCOLN AV","PALOMA ST",0.00,,Y,A,-,N,,,,,,,,,,N,3,0,1,2,A,-,10,21950,A,N,G,B,B,A,H,-,A,A,0,Y,,,,Y,,D,72,0,1,0,0,1,0,0,0,0,"- ","- ",37.977859497070312,-122.52217102050781,MARIN,"SAN RAFAEL",-122.52220153808594,37.977832794189453
9652988,2024,2024-03-26,2109,2024-01-16,"855 ",665,30,2,5,5,2109,0,0,0,,0,004,"POINT SAN PEDRO","MOORING RD",0.00,,Y,B,-,N,,,,,,,,,,Y,3,0,1,2,A,-,09,21804,A,N,D,C,A,B,H,-,A,D,0,,,,,Y,,A,01,0,1,0,0,0,0,0,0,0,"- ","- ",37.968070983886719,-122.51026916503906,MARIN,"SAN RAFAEL",-122.51023101806641,37.968055725097656
9652989,2024,2024-03-26,2109,2024-01-08,2203,658,11,1,5,5,2109,0,0,0,,0,001,"D ST","SAN RAFAEL AV",324.00,S,N,A,-,N,,,,,,,,,,Y,4,0,1,2,A,-,05,21460,A,N,B,C,A,A,H,-,C,D,0,,,,,Y,,A,01,0,0,1,0,0,0,0,0,0,"- ","- ",37.964729309082031,-122.53296661376953,MARIN,"SAN RAFAEL",-122.53334808349609,37.965015411376953
9652990,2024,2024-03-26,2109,2024-01-13,"258 ",658,17,6,5,5,2109,0,0,0,,0,002,"2ND ST","HETHERTON ST",0.00,,Y,A,-,N,,,,,,,,,,Y,4,0,2,2,A,-,12,21453,A,F,A,C,A,A,H,-,C,A,0,,,Y,,Y,Y,C,06,0,0,2,0,0,0,0,0,1,"- ","- ",37.9705810546875,-122.52236175537109,MARIN,"SAN RAFAEL",-122.52236175537109,37.970569610595703
9652991,2024,2024-03-26,2109,2024-01-20,1757,658,26,6,5,5,2109,0,0,0,,0,004,"MISSION AV","GRAND AV",0.00,,Y,A,-,N,,,,,,,,,,Y,4,0,1,2,A,-,09,21801,,N,A,C,A,A,H,-,C,D,0,,,,,Y,,A,01,0,0,1,0,0,0,0,0,0,"- ","- ",37.973628997802734,-122.51840209960938,MARIN,"SAN RAFAEL",-122.5184326171875,37.973602294921875
9654109,2024,2024-03-28,2109,2024-01-11,"646 ",527,46,4,5,5,2109,0,0,0,,0,005,"DEL PRESIDIO BL","MANUEL T FREITAS PKY",168.00,S,N,A,-,N,,,,,,,,,,Y,3,0,1,2,A,-,08,22107,,N,D,C,A,A,H,-,C,D,0,,,,,Y,,D,73,0,1,0,0,0,0,0,0,0,"- ","- ",38.007061004638672,-122.54405975341797,MARIN,"SAN RAFAEL",-122.54431915283203,38.0069580078125
9654150,2024,2024-03-01,2106,2024-01-09,1120,386,,2,5,4,2106,0,0,0,,0,,"RT 37","MARSH DR",144.00,E,N,A,-,Y,MRN,4,37,-,R,11.440,H,-,E,Y,3,0,1,1,A,-,03,22350,,N,E,I,A,B,H,-,A,D,0,,,,,Y,,D,22,0,1,0,0,0,0,0,0,0,EO,"- ",38.08074951171875,-122.54409027099609,MARIN,NOVATO,-122.542724609375,38.082103729248047
9654769,2024,2024-01-25,2106,2024-01-02,1920,503,N137,2,5,4,2106,0,0,0,,0,NP1,"ATHERTON AV","REDWOOD BL",15.00,E,N,B,-,N,,,,,,,,,,N,4,0,1,2,A,-,07,21658,A,F,B,C,A,B,H,-,C,A,0,,,,,Y,,A,01,0,0,1,0,0,0,0,0,0,"- ","- ",,,MARIN,NOVATO,-122.56494140625,38.117633819580078
9655137,2023,2024-02-12,2105,2023-12-14,2353,MV6238,90001,4,5,3,2105,0,0,0,,0,MV2,"EAST BLITHEDALE AV","CAMINO ALTO",18.00,,N,A,-,N,,,,,,,,,,N,4,0,1,3,A,-,03,22350,,N,C,C,A,A,H,-,C,A,0,,,Y,,Y,,C,02,0,0,1,0,0,0,0,0,0,"- ","- ",,,MARIN,"MILL VALLEY",-122.52867126464844,37.900413513183594
9655138,2023,2024-02-15,2105,2023-12-08,"841 ",MV6243,90003,5,5,3,2105,0,0,0,,0,MV2,"EAST BLITHEDALE AV","ROQUE MORAES DR",48.00,W,N,A,-,N,,,,,,,,,,Y,4,0,1,2,A,-,03,22350,,N,C,C,A,A,H,-,A,A,0,,,,,Y,,A,01,0,0,1,0,0,0,0,0,0,"- ","- ",,,MARIN,"MILL VALLEY",-122.52666473388672,37.900737762451172
9656528,2023,2024-01-30,2106,2023-12-12,1335,491,,2,5,4,2106,0,0,0,,0,NP4,"CENTER RD","DIABLO AV",10.00,S,N,A,-,N,,,,,,,,,,N,4,0,2,2,A,-,09,21800,A,N,D,C,A,A,H,-,A,A,0,,,,,Y,,A,01,0,0,2,0,0,0,0,0,0,"- ","- ",38.099739074707031,-122.57584381103516,MARIN,NOVATO,-122.57528686523438,38.100357055664062
9656609,2023,2024-02-06,2105,2023-12-22,2238,MV6234,90002,5,5,3,2105,0,0,0,,0,MV2,"REDWOOD HWY FRNTG RD","RT 101",420.00,S,N,A,-,N,,,,,,,,,,Y,4,0,1,2,A,-,01,23153,A,N,A,C,A,A,H,-,C,D,0,,,,,Y,Y,A,01,0,0,1,0,0,0,0,0,0,"- ","- ",,,MARIN,"MILL VALLEY",-122.53136444091797,37.923667907714844
9657188,2023,2024-02-05,2106,2023-12-30,1257,450,N210,6,5,4,2106,0,0,0,,0,NP2,"VINTAGE WY","ROWLAND BL",257.00,S,N,A,-,N,,,,,,,,,,N,3,0,1,2,A,-,09,21804,,F,D,G,A,A,H,-,A,D,0,,Y,,,Y,,A,01,0,1,0,0,0,0,1,0,0,"- ","- ",38.093521118164062,-122.55476379394531,MARIN,NOVATO,-122.55565643310547,38.093017578125
9657675,2024,2024-07-03,2110,2024-01-07,1048,SP5290,10000,7,5,2,2110,0,0,0,,0,SP2,BRIDGEWAY,"LIGHT STANDARD #314Y",62.00,S,N,A,-,N,,,,,,,,,,N,2,0,1,2,A,-,17,22517,,N,H,G,A,A,H,-,A,D,0,,Y,,,Y,,A,01,1,0,0,0,0,0,1,0,0,"- ","- ",,,MARIN,SAUSALITO,,
9657994,2024,2024-04-05,2106,2024-01-02,"657 ",415,,2,5,4,2106,0,0,0,,0,,"SOUTH NOVATO BL","ARTHUR ST",15.00,N,N,A,-,N,,,,,,,,,,Y,2,0,1,2,A,-,12,21453,A,N,G,B,B,A,H,-,C,A,0,Y,,,,Y,,A,01,1,0,0,0,1,0,0,0,0,"- ","- ",38.091609954833984,-122.56848907470703,MARIN,NOVATO,-122.56777954101562,38.092350006103516
9658123,2024,2024-03-05,2109,2024-01-04,"811 ",630,26,4,5,5,2109,0,0,0,,0,004,"5TH AV","IRWIN ST",0.00,,Y,A,-,N,,,,,,,,,,N,4,0,1,2,A,-,10,21950,A,N,G,B,B,A,H,-,A,A,0,Y,,,,Y,,A,01,0,0,1,0,1,0,0,0,0,"- ","- ",37.972980499267578,-122.52047729492188,MARIN,"SAN RAFAEL",-122.52046203613281,37.972999572753906
9658983,2024,2024-03-18,2106,2024-01-07,"903 ",511,,7,5,4,2106,0,0,0,,0,NP4,"GRANT AV","REDWOOD BL",88.00,W,N,A,-,N,,,,,,,,,,N,3,0,1,2,A,-,03,22350,,N,C,G,A,A,H,-,A,A,0,,Y,,,Y,,A,01,0,1,0,0,0,0,1,0,0,"- ","- ",38.107490539550781,-122.57009887695312,MARIN,NOVATO,-122.57068634033203,38.107627868652344
9659298,2024,2024-03-23,2106,2024-01-29,1515,505,,1,5,4,2106,0,0,0,,0,NP4,"HILL RD","DIABLO AV",38.00,S,N,A,-,N,,,,,,,,,,Y,2,0,1,2,A,-,03,22350,,F,G,B,B,A,H,-,A,A,0,Y,,,,Y,,A,01,1,0,0,0,1,0,0,0,0,"- ","- ",38.097278594970703,-122.57772827148438,MARIN,NOVATO,-122.57750701904297,38.097118377685547
9659299,2024,2024-03-23,2106,2024-01-14,1249,511,,7,5,4,2106,0,0,0,,0,NP3,"IGNACIO BL","ENTRADA DR",710.00,E,N,A,-,N,,,,,,,,,,Y,4,0,2,2,A,-,09,21804,A,N,D,C,A,A,H,-,A,A,0,,,,,Y,,A,01,0,0,2,0,0,0,0,0,0,"- ","- ",38.067920684814453,-122.54579925537109,MARIN,NOVATO,-122.54389953613281,38.066936492919922
9660026,2024,2024-03-29,2106,2024-01-02,1533,496,N103,2,5,4,2106,0,0,0,,0,NP3,"ENFRENTE RD","RT 101",13.00,S,N,C,-,Y,MRN,4,101,-,-,18.262,R,4,S,Y,3,0,1,2,A,-,12,22450,A,N,A,C,A,B,H,-,A,D,0,,,,,Y,,A,01,0,1,0,0,0,0,0,0,0,"- ",SF,38.068248748779297,-122.53903961181641,MARIN,NOVATO,-122.53898620605469,38.069618225097656
9660079,2024,2024-05-28,2106,2024-02-11,2015,491,N101,7,5,4,2106,0,0,0,,0,NP1,"ESCALLONIA DR","ENCINA CT",0.00,,Y,A,-,N,,,,,,,,,,Y,3,0,1,2,A,-,01,23152,A,N,C,E,A,A,H,-,C,D,0,,,,,Y,Y,A,01,0,1,0,0,0,0,0,0,0,"- ","- ",38.115329742431641,-122.56906127929688,MARIN,NOVATO,-122.56900787353516,38.116043090820312
9660080,2024,2024-05-28,2106,2024-02-01,1207,415,,4,5,4,2106,0,0,0,,0,,"NOVATO BL","SIMMONS LN",123.00,E,N,A,-,N,,,,,,,,,,Y,4,0,1,2,A,-,03,22350,,N,C,C,A,A,H,-,A,A,0,,,,,Y,,A,07,0,0,1,0,0,0,0,0,0,"- ","- ",38.110801696777344,-122.59011840820312,MARIN,NOVATO,-122.58953857421875,38.110973358154297
9660251,2024,2024-03-01,2105,2024-01-16,1836,2105,90002,2,5,3,2105,0,0,0,,0,MV2,"MILLER AV","MONTFORD AV",37.00,N,N,C,-,N,,,,,,,,,,Y,4,0,1,2,A,-,01,23153,A,N,C,C,A,B,H,-,C,D,0,,,,,Y,Y,A,01,0,0,1,0,0,0,0,0,0,"- ","- ",,,MARIN,"MILL VALLEY",-122.53713989257812,37.897563934326172
9664571,2024,2024-04-18,2106,2024-02-13,1832,505,N101,2,5,4,2106,0,0,0,,0,NP1,"CENTER RD","HOLSTROM CIR",16.00,E,N,A,-,N,,,,,,,,,,Y,2,0,2,3,A,-,01,23152,F,F,C,G,A,A,H,-,C,D,0,,Y,,,Y,,A,01,1,1,0,0,0,0,2,0,0,"- ","- ",38.109020233154297,-122.59758758544922,MARIN,NOVATO,-122.59836578369141,38.109439849853516
9665043,2024,2024-05-13,2105,2024-02-25,1555,MV6253,90003,7,5,3,2105,0,0,0,,0,MV1,"MILLER AV","SUNNYSIDE AV",105.00,S,N,A,-,N,,,,,,,,,,N,4,0,1,2,A,-,03,22350,,N,C,D,A,A,H,-,A,A,0,,,,,Y,,A,01,0,0,1,0,0,0,0,0,0,"- ","- ",,,MARIN,"MILL VALLEY",-122.5474853515625,37.90521240234375
9665044,2024,2024-05-01,2105,2024-02-02,"830 ",MV6240,90002,5,5,3,2105,0,0,0,,0,MV2,"CAMINO ALTO","SYCAMORE AV",265.00,S,N,B,-,N,,,,,,,,,,N,2,0,2,2,A,-,17,22517,,N,H,G,A,B,H,-,A,D,0,,Y,,,Y,,A,01,1,1,0,0,0,0,1,0,0,"- ","- ",,,MARIN,"MILL VALLEY",-122.53014373779297,37.895942687988281
9665335,2024,2024-05-07,2106,2024-02-13,1824,487,N108,2,5,4,2106,0,0,0,,0,NP1,"CENTER RD","WESTERN DR",15.00,W,N,A,-,N,,,,,,,,,,Y,4,0,1,2,A,-,01,23152,F,F,A,C,A,A,H,-,C,A,0,,,,,Y,,A,07,0,0,1,0,0,0,0,0,0,"- ","- ",38.109481811523438,-122.59967803955078,MARIN,NOVATO,-122.59947967529297,38.109661102294922
9665783,2024,2024-05-28,2106,2024-03-12,1030,415,,2,5,4,2106,0,0,0,,0,,"REDWOOD BL","LANDING CT",390.00,N,N,A,-,N,,,,,,,,,,Y,4,0,1,1,A,-,03,22350,,N,E,I,A,A,H,-,A,A,0,,,,,Y,,A,01,0,0,1,0,0,0,0,0,0,"- ","- ",38.09735107421875,-122.56487274169922,MARIN,NOVATO,-122.56581878662109,38.098411560058594
9665851,2024,2024-04-12,2106,2024-02-22,"940 ",415,,4,5,4,2106,0,0,0,,0,,"GRANT AV","5TH ST",152.00,W,N,B,-,N,,,,,,,,,,N,3,0,1,2,A,-,09,21804,,N,H,G,A,A,H,-,A,D,0,,Y,,,Y,,A,01,0,1,0,0,0,0,1,0,0,"- ","- ",38.108730316162109,-122.57575225830078,MARIN,NOVATO,-122.57642364501953,38.108810424804688
9667793,2024,2024-03-08,2103,2024-01-26,2326,177,DNTN,5,5,2,2103,0,0,0,,0,PAT,"CENTER BL","PACHECO AV",0.00,,Y,A,-,N,,,,,,,,,,N,4,0,1,2,A,-,08,22107,,M,C,E,A,A,H,-,C,D,0,,,,,Y,,A,01,0,0,1,0,0,0,0,0,0,"- ","- ",37.986888885498047,-122.58724975585938,MARIN,FAIRFAX,-122.58721923828125,37.986911773681641
9668020,2024,2024-04-29,2106,2024-02-08,"715 ",467,N427,4,5,4,2106,0,0,0,,0,NP4,"DONNA ST","CLEO ST",0.00,,Y,A,-,N,,,,,,,,,,N,3,0,2,3,A,-,10,21950,A,N,G,B,B,A,H,-,B,D,0,Y,,,,Y,,D,22,0,1,1,0,2,0,0,0,0,"- ","- ",38.091171264648438,-122.56584167480469,MARIN,NOVATO,-122.56510162353516,38.091907501220703
9668514,2024,2024-03-18,2106,2024-01-08,2004,489,,1,5,4,2106,0,0,0,,0,NP4,"REDWOOD BL","GRANT AV",140.00,S,N,A,-,N,,,,,,,,,,N,4,0,1,2,A,-,11,21954,A,N,G,B,D,A,H,-,C,A,0,Y,,,,Y,Y,N,60,0,0,1,0,1,0,0,0,0,"- ","- ",38.107490539550781,-122.57009887695312,MARIN,NOVATO,-122.57053375244141,38.107204437255859
9671897,2024,2024-04-12,2104,2024-01-29,1810,094,1C,1,5,3,2104,0,0,0,,0,002,"SIR FRANCIS DRAKE BL","RT 101",30.00,E,N,A,-,Y,MRN,4,101,-,-,8.741,R,4,S,N,3,0,1,2,A,-,01,23152,,N,C,C,A,A,H,-,C,A,0,,,,,Y,,A,01,0,1,0,0,0,0,0,0,0,"- ",SF,,,MARIN,LARKSPUR,-122.51457214355469,37.945549011230469
9671899,2024,2024-03-26,2108,2024-01-28,1856,161,3,7,5,3,2108,0,0,0,,0,003,"SIR FRANCIS DRAKE BL","SUFFIELD AV",310.00,E,N,A,-,N,,,,,,,,,,N,3,0,1,3,A,-,08,22107,,N,D,C,A,A,H,-,C,D,0,,,,,Y,,A,01,0,1,0,0,0,0,0,0,0,"- ","- ",,,MARIN,"SAN ANSELMO",-122.58004760742188,37.986621856689453
9671900,2024,2024-03-26,2108,2024-01-29,1731,094,3,1,5,3,2108,0,0,0,,0,003,"SAN ANSELMO AV","ELM AV",204.00,E,N,A,-,N,,,,,,,,,,N,2,0,1,2,A,-,06,21755,,N,H,G,A,A,H,-,A,D,0,,Y,,,Y,,L,04,1,0,0,0,0,0,1,0,0,"- ","- ",,,MARIN,"SAN ANSELMO",-122.57599639892578,37.980846405029297
9671902,2024,2024-03-26,2108,2024-01-22,1424,082,3,1,5,3,2108,0,0,0,,0,003,"RED HILL AV","PALM LN",193.00,W,N,B,-,N,,,,,,,,,,N,3,0,1,2,A,-,08,22107,,N,H,G,A,A,H,-,A,D,0,,Y,,,Y,,L,04,0,1,0,0,0,0,1,0,0,"- ","- ",,,MARIN,"SAN ANSELMO",-122.56034851074219,37.976570129394531
9671919,2024,2024-07-15,2104,2024-01-09,1151,CM149,,2,5,3,2104,0,0,0,,0,,"EAST SIR FRANCIS DRAKE BL","RT 101",0.00,,Y,B,-,Y,MRN,4,101,-,-,8.846,R,4,N,Y,4,0,1,2,A,-,09,21800,D,N,B,C,A,B,H,-,A,B,0,,,,,Y,,A,01,0,0,1,0,0,0,0,0,0,"- ","- ",,,MARIN,LARKSPUR,-122.51359558105469,37.946910858154297
9672035,2024,2024-02-27,2102,2024-01-30,"940 ",082,2,2,5,2,2102,0,0,0,,0,001,"PARADISE DR","SEAWOLF PS",17.00,W,N,A,-,N,,,,,,,,,,N,4,0,1,2,A,-,12,21453,A,N,D,C,A,A,H,-,A,A,0,,,,,Y,,A,01,0,0,1,0,0,0,0,0,0,"- ","- ",37.919479370117188,-122.50521087646484,MARIN,"CORTE MADERA",-122.50527954101562,37.919422149658203
9672092,2024,2024-03-05,2102,2024-01-16,1252,094,2,2,5,2,2102,0,0,0,,0,001,"TAMALPAIS DR","MADERA BL",256.00,W,N,B,-,N,,,,,,,,,,N,3,0,1,3,A,-,03,22350,,N,C,C,A,A,H,-,A,A,0,,,,,Y,,A,01,0,1,0,0,0,0,0,0,0,"- ","- ",37.924869537353516,-122.51908874511719,MARIN,"CORTE MADERA",-122.51956176757812,37.925182342529297
9672093,2024,2024-03-05,2104,2024-01-12,1234,138,1,5,5,3,2104,0,0,0,,0,002,"MAGNOLIA AV","CREEKSIDE DR",0.00,,Y,A,-,N,,,,,,,,,,N,3,0,1,2,A,-,21,22106,,N,H,G,A,A,H,-,A,D,0,,Y,,,Y,,A,01,0,1,0,0,0,0,1,0,0,"- ","- ",37.941291809082031,-122.53878784179688,MARIN,LARKSPUR,-122.53884124755859,37.941211700439453