CASE_ID,ACCIDENT_YEAR,PROC_DATE,JURIS,COLLISION_DATE,COLLISION_TIME,OFFICER_ID,REPORTING_DISTRICT,DAY_OF_WEEK,CHP_SHIFT,POPULATION,CNTY_CITY_LOC,SPECIAL_COND,BEAT_TYPE,CHP_BEAT_TYPE,CITY_DIVISION_LAPD,CHP_BEAT_CLASS,BEAT_NUMBER,PRIMARY_RD,SECONDARY_RD,DISTANCE,DIRECTION,INTERSECTION,WEATHER_1,WEATHER_2,STATE_HWY_IND,CALTRANS_COUNTY,CALTRANS_DISTRICT,STATE_ROUTE,ROUTE_SUFFIX,POSTMILE_PREFIX,POSTMILE,LOCATION_TYPE,RAMP_INTERSECTION,SIDE_OF_HWY,TOW_AWAY,COLLISION_SEVERITY,NUMBER_KILLED,NUMBER_INJURED,PARTY_COUNT,PRIMARY_COLL_FACTOR,PCF_CODE_OF_VIOL,PCF_VIOL_CATEGORY,PCF_VIOLATION,PCF_VIOL_SUBSECTION,HIT_AND_RUN,TYPE_OF_COLLISION,MVIW,PED_ACTION,ROAD_SURFACE,ROAD_COND_1,ROAD_COND_2,LIGHTING,CONTROL_DEVICE,CHP_ROAD_TYPE,PEDESTRIAN_ACCIDENT,BICYCLE_ACCIDENT,MOTORCYCLE_ACCIDENT,TRUCK_ACCIDENT,NOT_PRIVATE_PROPERTY,ALCOHOL_INVOLVED,STWD_VEHTYPE_AT_FAULT,CHP_VEHTYPE_AT_FAULT,COUNT_SEVERE_INJ,COUNT_VISIBLE_INJ,COUNT_COMPLAINT_PAIN,COUNT_PED_KILLED,COUNT_PED_INJURED,COUNT_BICYCLIST_KILLED,COUNT_BICYCLIST_INJURED,COUNT_MC_KILLED,COUNT_MC_INJURED,PRIMARY_RAMP,SECONDARY_RAMP,LATITUDE,LONGITUDE,COUNTY,CITY,POINT_X,POINT_Y
9697333,2024,2024-06-25,2106,2024-04-25,1545,467,N210,4,5,4,2106,0,0,0,,0,NP2,"VINTAGE WY","ROWLAND BL",304.00,S,N,A,-,N,,,,,,,,,,N,4,0,1,1,A,-,08,22107,,N,E,I,A,A,H,-,A,D,0,,Y,,,Y,,L,04,0,0,1,0,0,0,1,0,0,"- ","- ",38.093521118164062,-122.55476379394531,MARIN,NOVATO,-122.55575561523438,38.092910766601562
9697337,2024,2024-06-25,2106,2024-04-12,1145,442,N106,5,5,4,2106,0,0,0,,0,NP4,"NOVATO BL","TAMALPAIS AV",0.00,,Y,A,-,N,,,,,,,,,,N,4,0,1,2,A,-,09,21801,A,N,D,C,A,A,H,-,A,A,0,,,,,Y,,A,01,0,0,1,0,0,0,0,0,0,"- ","- ",38.106330871582031,-122.57888793945312,MARIN,NOVATO,-122.5789794921875,38.10626220703125
9697341,2024,2024-06-21,2106,2024-04-10,1816,487,N212,3,5,4,2106,0,0,0,,0,NP2,"OLIVE AV","RAILROAD AV",3.00,N,N,-,-,N,,,,,,,,,,N,3,0,1,2,A,-,09,21801,A,N,B,G,A,A,H,-,A,D,0,,Y,,,Y,,A,07,0,1,0,0,0,0,1,0,0,"- ","- ",38.110538482666016,-122.56575012207031,MARIN,NOVATO,-122.56601715087891,38.110652923583984
9699439,2024,2024-06-21,2106,2024-04-22,1452,487,N121,1,5,4,2106,0,0,0,,0,NP1,"SAN MARIN DR","SAN ANDREAS DR",21.00,E,N,A,-,N,,,,,,,,,,N,4,0,1,2,A,-,03,22350,,N,C,C,A,A,H,-,A,D,0,,,,Y,Y,,F,76,0,0,1,0,0,0,0,0,0,"- ","- ",38.1219482421875,-122.60134887695312,MARIN,NOVATO,-122.60136413574219,38.122180938720703
9700413,2024,2024-06-27,2110,2024-05-29,"915 ",SP5240,10001,3,5,2,2110,0,0,0,,0,SP2,BRIDGEWAY,"COLOMA ST",0.00,,Y,A,-,N,,,,,,,,,,N,4,0,1,2,D,-,00,,,N,B,C,A,A,H,-,A,A,0,,,,,Y,,-,"- ",0,0,1,0,0,0,0,0,0,"- ","- ",,,MARIN,SAUSALITO,-122.50260162353516,37.868587493896484
9700546,2024,2024-07-09,2106,2024-05-19,2159,450,,7,5,4,2106,0,0,0,,0,,"IGNACIO BL","ALAMDEDA DEL PRADO",0.00,,Y,A,-,N,,,,,,,,,,N,4,0,1,2,A,-,12,21453,A,N,D,C,A,A,H,-,C,A,0,,,,,Y,,A,01,0,0,1,0,0,0,0,0,0,"- ","- ",38.064788818359375,-122.54225921630859,MARIN,NOVATO,-122.54068756103516,38.065959930419922
9701357,2024,2024-07-25,2102,2024-05-09,2301,026,2,4,5,2,2102,0,0,0,,0,001,"CASA BUENA DR","MEADOW VALLEY RD",69.00,S,N,A,-,N,,,,,,,,,,Y,3,0,1,1,A,-,21,22106,,N,E,I,A,A,H,-,D,D,0,,,,,Y,,D,73,0,1,0,0,0,0,0,0,0,"- ","- ",37.91510009765625,-122.51220703125,MARIN,"CORTE MADERA",-122.51230621337891,37.914875030517578
9702111,2024,2024-06-28,2111,2024-05-10,1534,TP7338,12010,5,5,2,2111,0,0,0,,0,TP2,"TIBURON BL","STEWART DR",0.00,,Y,A,-,Y,MRN,4,131,-,-,2.063,I,5,E,N,4,0,1,2,A,-,03,22350,,N,C,C,A,A,H,-,A,A,0,,,,,Y,,-,,0,0,1,0,0,0,0,0,0,"- ","- ",,,MARIN,TIBURON,-122.48679351806641,37.895027160644531
9702322,2024,2024-07-18,2106,2024-06-25,1337,485,,2,5,4,2106,0,0,0,,0,,"ENFRENTE RD","IGNACIO BL",0.00,,Y,A,-,Y,MRN,4,101,-,-,17.887,R,4,S,N,4,0,1,2,A,-,11,21950,B,N,G,B,B,A,H,-,A,A,0,Y,,,,Y,,N,60,0,0,1,0,1,0,0,0,0,"- ","- ",,,MARIN,NOVATO,-122.53623962402344,38.064743041992188
9702526,2024,2024-06-14,2105,2024-04-28,"613 ",MV6238,90001,7,5,3,2105,0,0,0,,0,MV2,"CAMINO ALTO","EAST BLITHEDALE AV",610.00,S,N,A,-,N,,,,,,,,,,Y,3,0,1,1,A,-,03,22350,,N,E,I,A,A,H,-,A,A,0,,,,,Y,,-,,0,1,0,0,0,0,0,0,0,"- ","- ",,,MARIN,"MILL VALLEY",-122.52953338623047,37.898902893066406
9702527,2024,2024-06-14,2105,2024-04-26,"818 ",MV6253,90003,5,5,3,2105,0,0,0,,0,MV2,"MILLER AV","GOMEZ WY",115.00,E,N,A,-,N,,,,,,,,,,N,4,0,1,2,A,-,03,22350,,N,C,D,A,A,H,-,A,A,0,,,,,Y,,A,01,0,0,1,0,0,0,0,0,0,"- ","- ",,,MARIN,"MILL VALLEY",-122.53046417236328,37.892868041992188
9702528,2024,2024-06-14,2105,2024-04-07,1649,MV6253,90003,7,5,3,2105,0,0,0,,0,MV2,"CAMINO ALTO","MILLER AV",0.00,,Y,A,-,N,,,,,,,,,,Y,4,0,2,2,A,-,03,22350,,N,C,C,A,A,H,-,A,D,0,,,,,Y,,A,01,0,0,2,0,0,0,0,0,0,"- ","- ",,,MARIN,"MILL VALLEY",-122.52996826171875,37.892818450927734
9702603,2024,2024-07-23,2104,2024-05-24,1735,138,1,5,5,3,2104,0,0,0,,0,002,"MAGNOLIA AV","WILLIAM AV",0.00,,Y,A,-,N,,,,,,,,,,N,3,0,1,2,A,-,10,21950,,N,G,B,B,A,H,-,A,D,0,Y,,,,Y,,A,01,0,1,0,0,1,0,0,0,0,"- ","- ",37.931980133056641,-122.53589630126953,MARIN,LARKSPUR,-122.53589630126953,37.932010650634766
9702604,2024,2024-07-23,2104,2024-05-18,1040,137,1,6,5,3,2104,0,0,0,,0,002,"MAGNOLIA AV","CANE ST",142.00,N,N,A,-,N,,,,,,,,,,N,3,0,1,2,A,-,17,22517,,N,E,J,A,A,H,-,A,D,0,,Y,,,Y,,A,01,0,1,0,0,0,0,1,0,0,"- ","- ",37.935611724853516,-122.53546905517578,MARIN,LARKSPUR,-122.53533935546875,37.935531616210938
9702605,2024,2024-07-23,2104,2024-05-09,1549,138,1,4,5,3,2104,0,0,0,,0,002,"MEADOWOOD DR","NIVEN WY",123.00,S,N,A,-,N,,,,,,,,,,Y,3,0,1,1,A,-,03,22350,,N,E,I,A,A,H,-,A,D,0,,,Y,,Y,,C,02,0,1,0,0,0,0,0,0,1,"- ","- ",,,MARIN,LARKSPUR,-122.53246307373047,37.935222625732422
9702606,2024,2024-07-23,2108,2024-05-02,1618,076,3,4,5,3,2108,0,0,0,,0,003,"SAN ANSELMO AV","PINE ST",65.00,S,N,A,-,N,,,,,,,,,,N,3,0,1,1,A,-,08,22107,,N,H,G,A,A,H,-,A,D,0,,Y,,,Y,,L,04,0,1,0,0,0,0,1,0,0,"- ","- ",37.973789215087891,-122.56224822998047,MARIN,"SAN ANSELMO",-122.56224060058594,37.9736328125
9705576,2024,2024-07-15,2105,2024-05-25,1516,MV6257,90002,6,5,3,2105,0,0,0,,0,MV2,"THROCKMORTON AV","MADRONA ST",28.00,S,N,A,-,N,,,,,,,,,,N,3,0,1,2,A,-,03,22350,,N,C,C,A,A,H,-,A,D,0,,,,,Y,,A,01,0,1,0,0,0,0,0,0,0,"- ","- ",,,MARIN,"MILL VALLEY",-122.54917144775391,37.905632019042969
9705577,2024,2024-07-15,2105,2024-05-01,1247,MV6238,90003,3,5,3,2105,0,0,0,,0,MV2,"KIPLING DR","LONGFELLOW RD",107.00,N,N,A,-,N,,,,,,,,,,Y,2,0,1,2,A,-,08,22107,,N,A,C,A,A,H,-,A,A,0,,,,,Y,,A,01,1,0,0,0,0,0,0,0,0,"- ","- ",,,MARIN,"MILL VALLEY",-122.52113342285156,37.902557373046875
9705578,2024,2024-07-15,2105,2024-05-31,1131,MV6257,90002,5,5,3,2105,0,0,0,,0,MV2,"MILLER AV","MILLER AV 493",0.00,,-,A,-,N,,,,,,,,,,N,4,0,1,2,A,-,05,21650,1,N,D,G,A,A,H,-,A,D,0,,Y,,,Y,,L,04,0,0,1,0,0,0,1,0,0,"- ","- ",,,MARIN,"MILL VALLEY",-122.54706573486328,37.904731750488281
9705649,2024,2024-08-23,2106,2024-06-06,"853 ",510,N111,4,5,4,2106,0,0,0,,0,NP1,"CENTER RD","GROVE LN",0.00,,Y,A,-,N,,,,,,,,,,N,3,0,1,2,A,-,08,22107,,N,D,G,A,A,H,-,A,D,0,,Y,,,Y,,L,04,0,1,0,0,0,0,1,0,0,"- ","- ",38.104339599609375,-122.58376312255859,MARIN,NOVATO,-122.58380889892578,38.104137420654297
9705650,2024,2024-08-23,2106,2024-06-05,1357,467,N106,3,5,4,2106,0,0,0,,0,NP1,"NOVATO BL","SUTRO AV",0.00,,Y,A,-,N,,,,,,,,,,N,3,0,2,2,D,-,00,,,N,D,C,A,A,H,-,A,A,0,,,,,Y,,-,"- ",0,2,0,0,0,0,0,0,0,"- ","- ",38.117908477783203,-122.60971832275391,MARIN,NOVATO,-122.60973358154297,38.117881774902344
9705651,2024,2024-08-23,2106,2024-06-04,1335,503,N215,2,5,4,2106,0,0,0,,0,NP2,"DE LONG AV","DAVIDSON ST",206.00,W,N,A,-,N,,,,,,,,,,Y,4,0,1,2,A,-,12,21453,A,N,-,C,A,A,H,-,A,A,0,,,,,Y,,A,01,0,0,1,0,0,0,0,0,0,"- ","- ",38.103969573974609,-122.56101226806641,MARIN,NOVATO,-122.56134033203125,38.104904174804688
9705710,2024,2024-07-15,2106,2024-05-23,"731 ",511,N430,4,5,4,2106,0,0,0,,0,NP4,"3RD ST","VALLEJO AV",108.00,N,N,A,-,N,,,,,,,,,,N,4,0,1,2,A,-,21,22106,,N,H,E,A,A,H,-,A,D,0,,,,,Y,,A,01,0,0,1,0,0,0,0,0,0,"- ","- ",38.1102294921875,-122.57270050048828,MARIN,NOVATO,-122.57279205322266,38.110515594482422
9705711,2024,2024-07-15,2106,2024-05-21,1347,505,,2,5,4,2106,0,0,0,,0,,"REDWOOD BL","CEDARWOOD LN",119.00,E,N,A,-,N,,,,,,,,,,N,3,0,1,1,A,-,03,22350,,N,A,I,A,A,H,-,A,D,0,,Y,,,Y,,L,04,0,1,0,0,0,0,1,0,0,"- ","- ",38.082759857177734,-122.55323028564453,MARIN,NOVATO,-122.55192565917969,38.083889007568359
9706076,2024,2024-06-18,2108,2024-03-14,1500,CM149,3,4,5,3,2108,0,0,0,,0,003,"SIR FRANCIS DRAKE BL","SUNNYHILLS AV",0.00,,Y,A,-,N,,,,,,,,,,N,3,0,1,2,D,-,00,,,N,H,G,A,A,H,-,B,A,0,,Y,,,Y,,-,"- ",0,1,0,0,0,0,1,0,0,"- ","- ",37.980640411376953,-122.56684875488281,MARIN,"SAN ANSELMO",-122.56694030761719,37.981117248535156
9706187,2024,2024-06-21,2104,2024-04-27,1936,157,1,6,5,3,2104,0,0,0,,0,002,"MAGNOLIA AV","WILTSHIRE AV",18.00,S,N,A,-,N,,,,,,,,,,N,2,0,1,2,A,-,11,21950,B,N,G,B,B,A,H,-,A,D,0,Y,,,,Y,Y,N,60,1,0,0,0,1,0,0,0,0,"- ","- ",,,MARIN,LARKSPUR,-122.53273010253906,37.928592681884766
9706188,2024,2024-08-05,2104,2024-04-22,1333,094,1B,1,5,3,2104,0,0,0,,0,002,"S ELISEO DR","LOWER VIA CASITAS",252.00,E,N,A,-,N,,,,,,,,,,N,3,0,1,1,D,-,00,,,N,E,I,A,A,H,-,A,D,0,,Y,,,Y,,-,"- ",0,1,0,0,0,0,1,0,0,"- ","- ",,,MARIN,LARKSPUR,-122.52606201171875,37.944240570068359
9706189,2024,2024-06-24,2102,2024-04-19,"753 ",138,2,5,5,2,2102,0,0,0,,0,001,"PARADISE DR","UPUPANDA WY",110.00,W,N,A,-,N,,,,,,,,,,N,2,0,3,4,A,-,08,22107,,N,H,G,A,A,H,-,A,D,0,,Y,,,Y,,A,01,1,2,0,0,0,0,3,0,0,"- ","- ",37.9197998046875,-122.49137115478516,MARIN,"CORTE MADERA",,
9706307,2024,2024-08-13,2102,2024-05-10,1556,098,2,5,5,2,2102,0,0,0,,0,001,"CORTE MADERA AV","CORTE MADERA AV 400 BLK",0.00,,Y,A,-,N,,,,,,,,,,N,3,0,1,1,A,-,21,22106,,N,E,I,A,A,H,-,A,D,0,,,Y,,Y,,C,02,0,1,0,0,0,0,0,0,1,"- ","- ",37.551921844482422,-122.31233978271484,MARIN,"CORTE MADERA",,
9706308,2024,2024-08-13,2102,2024-05-08,1457,094,2,3,5,2,2102,0,0,0,,0,001,"CORTE MADERA AV","1ST ST",1985.00,S,N,A,-,N,,,,,,,,,,Y,3,0,1,1,A,-,08,22107,,N,E,I,A,A,H,-,A,D,0,,,,,Y,,A,01,0,1,0,0,0,0,0,0,0,"- ","- ",,,MARIN,"CORTE MADERA",-122.53012847900391,37.921897888183594
9706309,2024,2024-07-11,2104,2024-05-05,1405,137,1,7,5,3,2104,0,0,0,,0,002,"MAGNOLIA AV","DOHERTY DR",664.00,N,N,A,-,N,,,,,,,,,,N,3,0,1,2,A,-,17,22517,,N,E,J,A,A,H,-,A,D,0,,Y,,,Y,,A,01,0,1,0,0,0,0,1,0,0,"- ","- ",37.939529418945312,-122.53687286376953,MARIN,LARKSPUR,-122.5362548828125,37.939434051513672
9706310,2024,2024-07-11,2108,2024-05-04,2116,045,3,6,5,3,2108,0,0,0,,0,003,"SIR FRANCIS DRAKE BL","TUNSTEAD AV",161.00,S,N,A,-,N,,,,,,,,,,N,3,0,1,2,A,-,09,21804,,N,D,C,A,A,H,-,C,D,0,,,,,Y,,A,01,0,1,0,0,0,0,0,0,0,"- ","- ",37.973598480224609,-122.56147766113281,MARIN,"SAN ANSELMO",-122.56192779541016,37.973808288574219
9706311,2024,2024-07-11,2104,2024-05-03,1537,138,1,5,5,3,2104,0,0,0,,0,002,"MAGNOLIA AV","LARK CT",0.00,,Y,A,-,N,,,,,,,,,,N,3,0,1,2,A,-,09,21800,A,N,H,G,A,A,H,-,A,D,0,,Y,,,Y,,L,04,0,1,0,0,0,0,1,0,0,"- ","- ",37.927970886230469,-122.53212738037109,MARIN,LARKSPUR,-122.53208923339844,37.927963256835938
9706312,2024,2024-07-11,2104,2024-05-03,"244 ",082,,5,5,3,2104,0,0,0,,0,LK2,"SIR FRANCIS DRAKE BL","RT 101",258.00,W,N,A,-,N,,,,,,,,,,Y,3,0,1,1,A,-,01,23152,A,N,E,I,A,A,H,-,C,D,0,,,,,Y,Y,A,01,0,1,0,0,0,0,0,0,0,"- ","- ",37.945358276367188,-122.51319885253906,MARIN,LARKSPUR,,
9706313,2024,2024-07-11,2108,2024-05-02,"745 ",094,3,4,5,3,2108,0,0,0,,0,003,"RED HILL AV","FORBES AV",154.00,E,N,A,-,N,,,,,,,,,,N,3,0,2,3,D,-,00,,,N,C,C,A,A,H,-,A,A,0,,,,,Y,,-,"- ",0,2,0,0,0,0,0,0,0,"- ","- ",,,MARIN,"SAN ANSELMO",-122.55237579345703,37.976646423339844
9706370,2024,2024-07-11,2111,2024-05-27,1141,TP7346,12000,1,5,2,2111,0,0,0,,0,TP1,"TIBURON BL","GILMARTIN DR",9.00,E,N,A,-,Y,MRN,4,131,-,-,3.040,H,-,W,N,4,0,1,2,A,-,03,22350,,N,C,C,A,A,H,-,A,D,0,,,,,Y,,D,22,0,0,1,0,0,0,0,0,0,"- ","- ",37.539859771728516,-122.28269958496094,MARIN,TIBURON,-122.47418975830078,37.886028289794922
9706870,2024,2024-07-29,2111,2024-05-13,1755,TP7347,12000,1,5,2,2111,0,0,0,,0,TP1,"TIBURON BL","OWLSWOOD RD",80.00,E,N,A,-,Y,MRN,4,131,-,-,3.370,H,-,W,N,4,0,1,2,A,-,03,22350,,N,C,C,A,A,H,-,A,D,0,,,,,Y,,A,01,0,0,1,0,0,0,0,0,0,"- ","- ",37.525901794433594,-122.28140258789062,MARIN,TIBURON,-122.47042846679688,37.883090972900391
9707278,2024,2024-08-12,2110,2024-04-12,1336,SP5284,10000,5,5,2,2110,0,0,0,,0,SP1,BRIDGEWAY,"GATE 6 RD",0.00,,Y,A,-,N,,,,,,,,,,N,4,0,1,2,D,-,00,,,N,D,-,A,A,G,-,A,A,0,,Y,,,Y,,-,"- ",0,0,1,0,0,0,1,0,0,"- ","- ",,,MARIN,SAUSALITO,-122.50570678710938,37.872604370117188
9707674,2024,2024-07-31,2105,2024-05-20,2031,MV6238,90002,1,5,3,2105,0,0,0,,0,MV2,"MILLER AVE","CAMINO ALTO",556.00,N,N,A,-,N,,,,,,,,,,N,3,0,1,1,A,-,03,22350,,N,F,G,A,A,H,-,C,A,0,,Y,,,Y,,M,91,0,1,0,0,0,0,1,0,0,"- ","- ",,,MARIN,"MILL VALLEY",-122.53153991699219,37.893703460693359
9707830,2024,2024-09-05,2106,2024-06-18,1554,505,N101,2,5,4,2106,0,0,0,,0,NP1,"SAN MARIN DR","SAN ANDREAS DR",0.00,,Y,A,-,N,,,,,,,,,,Y,4,0,1,2,A,-,04,21703,,N,C,C,A,A,H,-,A,A,0,,,,Y,Y,,G,25,0,0,1,0,0,0,0,0,0,"- ","- ",38.120998382568359,-122.60099792480469,MARIN,NOVATO,-122.6014404296875,38.122173309326172
9707834,2024,2024-08-13,2106,2024-06-08,1037,456,N209,6,5,4,2106,0,0,0,,0,NP2,"REDWOOD BL","OLIVE AV",0.00,,Y,A,-,N,,,,,,,,,,Y,4,0,1,2,A,-,12,21453,A,N,D,D,A,A,H,-,A,A,0,,,,Y,Y,,A,01,0,0,1,0,0,0,0,0,0,"- ","- ",38.111000061035156,-122.56800079345703,MARIN,NOVATO,-122.56892395019531,38.111309051513672
9707983,2024,2024-07-05,2106,2024-04-08,1721,487,N404,1,5,4,2106,0,0,0,,0,NP4,"SOUTH NOVATO BL","REDWOOD BL",6.00,E,N,A,-,N,,,,,,,,,,N,3,0,1,2,A,-,03,22350,,N,D,G,A,A,H,-,A,D,0,,,Y,,Y,,A,07,0,1,0,0,0,0,0,0,1,"- ","- ",38.07733154296875,-122.55184936523438,MARIN,NOVATO,-122.55208587646484,38.077491760253906
9708664,2024,2024-07-31,2106,2024-06-26,2106,487,N406,3,5,4,2106,0,0,0,,0,NP4,"SOUTH NOVATO BL","SUNSET PKWY",347.00,N,N,A,-,N,,,,,,,,,,Y,4,0,1,2,A,-,01,23153,A,N,C,C,A,A,H,-,A,A,0,,,,,Y,Y,A,07,0,0,1,0,0,0,0,0,0,"- ","- ",38.084999084472656,-122.56099700927734,MARIN,NOVATO,-122.56272125244141,38.085968017578125
9708665,2024,2024-07-31,2106,2024-06-14,1217,467,N111,5,5,4,2106,0,0,0,,0,NP1,"CENTER RD","MCCLAY RD",0.00,,Y,A,-,N,,,,,,,,,,N,3,0,1,2,A,-,11,21954,A,N,G,B,D,A,H,-,A,A,0,Y,,,,Y,,N,60,0,1,0,0,1,0,0,0,0,"- ","- ",38.105998992919922,-122.58899688720703,MARIN,NOVATO,-122.58928680419922,38.106613159179688
9708666,2024,2024-07-31,2110,2024-06-29,"550 ",SP5284,10001,6,5,2,2110,0,0,0,,0,SP2,"BRIDGEWAY BL","GATE 6 RD",0.00,,Y,A,-,N,,,,,,,,,,N,3,0,1,2,A,-,09,21453,B,N,D,G,A,A,H,-,B,A,0,,Y,,,Y,,A,01,0,1,0,0,0,0,1,0,0,"- ","- ",,,MARIN,SAUSALITO,-122.50570678710938,37.872604370117188
9708928,2024,2024-08-01,2105,2024-06-30,1202,MV6258,MV9,7,5,3,2105,0,0,0,,0,MV3,"W BLITHEDALE AVE","RALSTON AV",355.00,S,N,A,-,N,,,,,,,,,,N,3,0,1,1,A,-,03,22350,,N,F,I,A,A,H,-,A,D,0,,,Y,,Y,,C,03,0,1,0,0,0,0,0,0,1,"- ","- ",,,MARIN,"MILL VALLEY",-122.55735778808594,37.923877716064453
9708929,2024,2024-08-01,2105,2024-06-08,2341,MV6253,90003,6,5,3,2105,0,0,0,,0,MV2,"E BLITHEDALE AVE","DORSET LN",408.00,W,N,A,-,N,,,,,,,,,,Y,4,0,1,1,A,-,03,22350,,N,E,I,A,A,H,-,C,D,0,,,,,Y,,A,01,0,0,1,0,0,0,0,0,0,"- ","- ",,,MARIN,"MILL VALLEY",-122.52117156982422,37.903842926025391
9708930,2024,2024-08-01,2105,2024-06-07,1244,MV6236,90000,5,5,3,2105,0,0,0,,0,MV2,"E BLITHEDALE AVENUE","ROQUE MORAES DR",190.00,W,N,A,-,N,,,,,,,,,,N,4,0,1,3,A,-,03,22350,,N,C,C,A,A,H,-,A,A,0,,,,,Y,,A,01,0,0,1,0,0,0,0,0,0,"- ","- ",,,MARIN,"MILL VALLEY",-122.52709197998047,37.900547027587891
9708931,2024,2024-08-01,2105,2024-06-06,"805 ",MV6240,90002,4,5,3,2105,0,0,0,,0,MV2,"SYCAMORE AV","LA GOMA ST",68.00,W,N,A,-,N,,,,,,,,,,N,3,0,1,2,A,-,06,21751,,N,B,G,A,A,H,-,A,D,0,,Y,,,Y,,A,01,0,1,0,0,0,0,1,0,0,"- ","- ",,,MARIN,"MILL VALLEY",-122.5357666015625,37.898536682128906
9709488,2024,2024-08-02,2106,2024-06-24,1424,487,N334,1,5,4,2106,0,0,0,,0,NP3,"ALAMEDA DEL PRADO","IGNACIO BL",134.00,S,N,A,-,N,,,,,,,,,,N,3,0,2,2,A,-,09,21804,A,N,B,C,A,A,H,-,A,D,0,,,,,Y,,A,01,0,1,1,0,0,0,0,0,0,"- ","- ",38.064788818359375,-122.54225921630859,MARIN,NOVATO,-122.54056549072266,38.065605163574219
9709511,2024,2024-08-09,2106,2024-07-16,1750,517,,2,5,4,2106,0,0,0,,0,,"ALAMEDA DEL PRADO","RT 101",373.00,N,N,A,-,N,,,,,,,,,,Y,4,0,1,2,A,-,01,23153,A,N,D,C,A,A,H,-,A,D,0,,,,,Y,Y,A,01,0,0,1,0,0,0,0,0,0,"- ",SF,38.048080444335938,-122.53491973876953,MARIN,NOVATO,,
9709512,2024,2024-07-31,2106,2024-07-09,1418,415,,2,5,4,2106,0,0,0,,0,,"NOVATO BL","7TH ST",0.00,,Y,A,-,N,,,,,,,,,,N,4,0,1,2,A,-,05,21650,1,N,H,G,A,A,H,-,A,A,0,,Y,,,Y,,L,04,0,0,1,0,0,0,1,0,0,"- ","- ",38.105701446533203,-122.57933807373047,MARIN,NOVATO,-122.5789794921875,38.10626220703125
9716695,2024,2024-07-30,2110,2024-06-02,1117,SP5236,10001,7,5,2,2110,0,0,0,,0,SP2,"BIKE PATH",BRIDGEWAY,85.00,N,N,A,-,N,,,,,,,,,,N,4,0,1,3,A,-,03,22350,,F,A,B,F,A,G,-,A,D,0,Y,Y,,,Y,,L,04,0,0,1,0,1,0,0,0,0,"- ","- ",,,MARIN,SAUSALITO,,
9716696,2024,2024-07-30,2110,2024-06-15,"851 ",SP5278,10000,6,5,2,2110,0,0,0,,0,SP2,BRIDGEWAY,COLOMA,350.00,N,N,A,-,N,,,,,,,,,,N,3,0,1,2,A,-,08,22107,,N,C,G,A,A,H,-,A,D,0,,Y,Y,,Y,,L,04,0,1,0,0,0,0,1,0,0,"- ","- ",,,MARIN,SAUSALITO,-122.50316619873047,37.869438171386719
9717879,2024,2024-09-17,2105,2024-07-26,1428,MV6238,90003,5,5,3,2105,0,0,0,,0,MV2,"EAST BLITHEDALE AV","ROQUE MORAES DR",20.00,W,N,A,-,N,,,,,,,,,,N,4,0,1,2,A,-,03,22350,,N,C,C,A,A,H,-,A,A,0,,,,,Y,,A,01,0,0,1,0,0,0,0,0,0,"- ","- ",,,MARIN,"MILL VALLEY",-122.52658081054688,37.900772094726562
9719648,2024,2024-09-05,2110,2024-07-22,1335,SP5293,10000,1,5,2,2110,0,0,0,,0,SP2,"RODEO AV","NEVADA ST",440.00,S,N,A,-,N,,,,,,,,,,Y,4,0,2,1,A,-,03,22350,,N,F,J,A,A,E,-,A,D,0,,,,,Y,Y,A,08,0,0,2,0,0,0,0,0,0,"- ","- ",,,MARIN,SAUSALITO,-122.49956512451172,37.861465454101562
9719649,2024,2024-09-09,2110,2024-07-21,1111,SP5293,10000,7,5,2,2110,0,0,0,,0,SP2,BRIDGEWAY,"RICHARDSON ST",892.00,,N,A,-,N,,,,,,,,,,N,3,0,1,2,D,-,00,,,N,D,G,A,A,H,-,A,D,0,,Y,,,Y,,-,"- ",0,1,0,0,0,0,1,0,0,"- ","- ",,,MARIN,SAUSALITO,-122.4798583984375,37.849895477294922
9720034,2024,2024-08-23,2110,2024-07-02,1852,SP5240,10000,2,5,2,2110,0,0,0,,0,SP1,BRIDGEWAY,"BRIDGEWAY 307",0.00,,-,A,-,N,,,,,,,,,,N,3,0,1,2,A,-,09,21804,A,N,D,G,A,A,H,-,A,D,0,,Y,,,Y,,A,01,0,1,0,0,0,0,1,0,0,"- ","- ",,,MARIN,SAUSALITO,-122.50570678710938,37.872604370117188
9720207,2024,2024-10-11,2106,2024-07-25,1033,467,N343,4,5,4,2106,0,0,0,,0,NP3,"ENFRENTE RD","ENTRADA DR",0.00,,Y,A,-,Y,MRN,4,101,-,-,18.262,R,1,S,N,3,0,1,2,A,-,09,21802,A,N,D,C,A,A,H,-,A,A,0,,,,,Y,,A,01,0,1,0,0,0,0,0,0,0,"- ","- ",,,MARIN,NOVATO,-122.53898620605469,38.069618225097656
9720294,2024,2024-10-15,2105,2024-07-03,2143,MV6257,90002,3,5,3,2105,0,0,0,,0,MV2,"TIBURON BL","RT 101",150.00,E,N,A,-,Y,MRN,4,101,-,-,5.728,R,4,S,Y,2,0,1,1,A,-,08,22107,,N,E,I,A,A,H,-,C,A,0,,,,,Y,,A,01,1,0,0,0,0,0,0,0,0,"- ",SF,,,MARIN,"MILL VALLEY",-122.51580810546875,37.903255462646484
9720894,2024,2024-08-12,2103,2024-05-11,1816,181,DNTN,6,5,2,2103,0,0,0,,0,DET,BROADWAY,"CLAUS DR",0.00,,Y,A,-,N,,,,,,,,,,N,3,0,1,2,A,-,09,21800,,N,D,C,A,A,H,-,A,A,0,,,,,Y,,A,01,0,1,0,0,0,0,0,0,0,"- ","- ",37.987190246582031,-122.58981323242188,MARIN,FAIRFAX,-122.58950805664062,37.987117767333984
9724147,2024,2024-10-21,2110,2024-10-10,1718,SP5285,10000,4,5,2,2110,0,0,0,,0,SP2,BRIDGEWAY,"HARBOR DR",0.00,,Y,A,-,N,,,,,,,,,,N,4,0,1,2,A,-,08,22107,,N,G,B,B,A,H,-,A,A,0,Y,,,,Y,,A,01,0,0,1,0,1,0,0,0,0,"- ","- ",,,MARIN,SAUSALITO,-122.50092315673828,37.866851806640625