CASE_ID,ACCIDENT_YEAR,PROC_DATE,JURIS,COLLISION_DATE,COLLISION_TIME,OFFICER_ID,REPORTING_DISTRICT,DAY_OF_WEEK,CHP_SHIFT,POPULATION,CNTY_CITY_LOC,SPECIAL_COND,BEAT_TYPE,CHP_BEAT_TYPE,CITY_DIVISION_LAPD,CHP_BEAT_CLASS,BEAT_NUMBER,PRIMARY_RD,SECONDARY_RD,DISTANCE,DIRECTION,INTERSECTION,WEATHER_1,WEATHER_2,STATE_HWY_IND,CALTRANS_COUNTY,CALTRANS_DISTRICT,STATE_ROUTE,ROUTE_SUFFIX,POSTMILE_PREFIX,POSTMILE,LOCATION_TYPE,RAMP_INTERSECTION,SIDE_OF_HWY,TOW_AWAY,COLLISION_SEVERITY,NUMBER_KILLED,NUMBER_INJURED,PARTY_COUNT,PRIMARY_COLL_FACTOR,PCF_CODE_OF_VIOL,PCF_VIOL_CATEGORY,PCF_VIOLATION,PCF_VIOL_SUBSECTION,HIT_AND_RUN,TYPE_OF_COLLISION,MVIW,PED_ACTION,ROAD_SURFACE,ROAD_COND_1,ROAD_COND_2,LIGHTING,CONTROL_DEVICE,CHP_ROAD_TYPE,PEDESTRIAN_ACCIDENT,BICYCLE_ACCIDENT,MOTORCYCLE_ACCIDENT,TRUCK_ACCIDENT,NOT_PRIVATE_PROPERTY,ALCOHOL_INVOLVED,STWD_VEHTYPE_AT_FAULT,CHP_VEHTYPE_AT_FAULT,COUNT_SEVERE_INJ,COUNT_VISIBLE_INJ,COUNT_COMPLAINT_PAIN,COUNT_PED_KILLED,COUNT_PED_INJURED,COUNT_BICYCLIST_KILLED,COUNT_BICYCLIST_INJURED,COUNT_MC_KILLED,COUNT_MC_INJURED,PRIMARY_RAMP,SECONDARY_RAMP,LATITUDE,LONGITUDE,COUNTY,CITY,POINT_X,POINT_Y
9825481,2025,2025-09-08,2106,2025-07-29,1143,488,N101,2,5,4,2106,0,0,0,,0,NP1,"NOVATO BL","RAPOSA VISTA",75.00,E,N,A,-,N,,,,,,,,,,N,4,0,1,2,A,-,12,22450,A,N,B,G,A,A,H,-,A,A,0,,Y,,,Y,,L,04,0,0,1,0,0,0,1,0,0,"- ","- ",38.11199951171875,-122.59300231933594,MARIN,NOVATO,-122.59313201904297,38.112113952636719
9826128,2025,2025-06-25,2106,2025-06-01,1805,520,N413,7,5,4,2106,0,0,0,,0,NP4,"NOVATO BL","TWIN CREEKS CT",12.00,E,N,A,-,N,,,,,,,,,,Y,3,0,1,1,A,-,03,22350,,N,E,I,A,A,H,-,A,D,0,,,,,Y,,A,07,0,1,0,0,0,0,0,0,0,"- ","- ",38.106040954589844,-122.5782470703125,MARIN,NOVATO,-122.57832336425781,38.105976104736328
9826135,2025,2025-06-25,2110,2025-06-07,1551,SP5278,10000,6,5,2,2110,0,0,0,,0,SP1,"RICHARDSON ST","2ND ST",0.00,,Y,A,-,N,,,,,,,,,,N,3,0,1,2,A,-,03,22350,,N,D,G,A,A,H,-,A,D,0,,Y,,,Y,,L,04,0,1,0,0,0,0,1,0,0,"- ","- ",,,MARIN,SAUSALITO,-122.48075103759766,37.849868774414062
9826177,2025,2025-06-19,2106,2025-05-27,"954 ",519,,2,5,4,2106,0,0,0,,0,NP1,"SAN MARIN DR","SERENO WY",0.00,,Y,A,-,N,,,,,,,,,,Y,3,0,2,2,A,-,09,21802,A,N,D,C,A,A,H,-,A,A,0,,,,,Y,,A,01,0,1,1,0,0,0,0,0,0,"- ","- ",38.124320983886719,-122.58753204345703,MARIN,NOVATO,-122.58757781982422,38.124252319335938
9826178,2025,2025-07-10,2106,2025-05-29,2030,464,N201,4,5,4,2106,0,0,0,,0,NP2,"ROWLAND BL","RT 101",0.00,,Y,A,-,Y,MRN,4,101,-,-,19.958,R,4,N,N,2,0,1,1,A,-,03,22350,,N,H,A,A,A,H,-,B,A,0,,Y,,,Y,Y,L,04,1,0,0,0,0,0,1,0,0,"- ",NF,38.092910766601562,-122.55699920654297,MARIN,NOVATO,-122.55636596679688,38.089748382568359
9826181,2025,2025-06-19,2106,2025-05-21,1712,520,N111,3,5,4,2106,0,0,0,,0,NP1,"CENTER RD","TAMALPAIS AV",172.00,W,N,A,-,N,,,,,,,,,,Y,4,0,1,2,A,-,03,22350,,N,C,E,A,A,H,-,A,D,0,,,,,Y,,A,01,0,0,1,0,0,0,0,0,0,"- ","- ",38.1025390625,-122.58174896240234,MARIN,NOVATO,-122.58182525634766,38.103260040283203
9826275,2025,2025-06-23,2106,2025-05-02,1147,343,N127,5,5,4,2106,0,0,0,,0,NP1,"7TH ST","NOVATO BL",344.00,N,N,A,-,N,,,,,,,,,,N,4,0,1,2,C,-,18,,,N,C,E,A,A,H,-,A,A,0,,,,Y,Y,,-,"- ",0,0,1,0,0,0,0,0,0,"- ","- ",,,MARIN,NOVATO,-122.57845306396484,38.107109069824219
9827325,2025,2025-07-10,2105,2025-06-10,1630,MV6223,90001,2,5,3,2105,0,0,0,,0,MV2,"MILLER AV","VALLEY CIR",380.00,S,N,A,-,N,,,,,,,,,,N,4,0,1,2,B,-,22,,,N,D,G,A,A,H,-,A,D,0,,Y,,,Y,,L,04,0,0,1,0,0,0,1,0,0,"- ","- ",,,MARIN,"MILL VALLEY",-122.53330230712891,37.894737243652344
9827326,2025,2025-07-10,2105,2025-06-15,1608,MV6260,90003,7,5,3,2105,0,0,0,,0,MV2,"HAMILTON DR","ROQUE MORAES DR",899.00,S,N,A,-,N,,,,,,,,,,N,3,0,1,2,A,-,21,22106,,N,C,G,A,A,H,-,A,A,0,,Y,,,Y,,A,01,0,1,0,0,0,0,1,0,0,"- ","- ",,,MARIN,"MILL VALLEY",-122.52257537841797,37.896224975585938
9827327,2025,2025-07-10,2105,2025-06-12,2104,MV6258,90000,4,5,3,2105,0,0,0,,0,MV1,"150 MONTE VISTA AV","HAZEL AV",187.00,E,N,A,-,N,,,,,,,,,,N,2,0,1,2,A,-,10,21954,B,N,G,B,E,A,H,-,D,A,0,Y,,,,Y,,A,01,1,0,0,0,1,0,0,0,0,"- ","- ",,,MARIN,"MILL VALLEY",-122.56186676025391,37.905311584472656
9827328,2025,2025-07-10,2105,2025-06-15,2145,MV6206,MV9,7,5,3,2105,0,0,0,,0,MV1,"E BITHEDALE AV","MILLWOOD ST",62.00,W,N,A,-,N,,,,,,,,,,Y,4,0,2,2,A,-,09,21804,A,N,D,C,A,A,H,-,C,D,0,,,,,Y,,A,01,0,0,2,0,0,0,0,0,0,"- ","- ",,,MARIN,"MILL VALLEY",-122.54268646240234,37.904525756835938
9827329,2025,2025-07-10,2105,2025-06-01,"143 ",MV6258,90003,7,5,3,2105,0,0,0,,0,MV2,"CAMINO ALTO","BLITHEDALE AV",420.00,S,N,A,-,N,,,,,,,,,,Y,2,0,1,1,A,-,01,23152,A,N,H,J,A,A,H,-,C,A,0,,,Y,,Y,Y,C,03,1,0,0,0,0,0,0,0,1,"- ","- ",,,MARIN,"MILL VALLEY",-122.52919006347656,37.899345397949219
9827330,2025,2025-07-10,2105,2025-06-05,2314,MV6257,90002,4,5,3,2105,0,0,0,,0,MV2,"MILLER AV","CAMINO ALTO",1630.00,S,N,A,-,N,,,,,,,,,,Y,3,0,1,1,A,-,08,22107,,N,E,I,A,A,H,-,D,D,0,,,,,Y,,A,01,0,1,0,0,0,0,0,0,0,"- ","- ",,,MARIN,"MILL VALLEY",-122.53459167480469,37.895271301269531
9827331,2025,2025-07-10,2105,2025-06-06,1150,MV6234,90001,5,5,3,2105,0,0,0,,0,MV2,"CAMINO ALTO","OVERHILL RD",1570.00,N,N,A,-,N,,,,,,,,,,N,2,0,1,1,A,-,03,22350,,N,H,J,A,A,H,-,A,D,0,,Y,,,Y,,L,04,1,0,0,0,0,0,1,0,0,"- ","- ",,,MARIN,"MILL VALLEY",-122.52741241455078,37.911972045898438
9827332,2025,2025-07-10,2105,2025-06-11,1215,MV6240,90002,3,5,3,2105,0,0,0,,0,MV2,"CAMINO ALTO","SYCAMORE AV",283.00,N,N,A,-,N,,,,,,,,,,Y,4,0,2,2,A,-,03,22350,,N,E,C,A,A,H,-,A,D,0,,,,,Y,,A,01,0,0,2,0,0,0,0,0,0,"- ","- ",,,MARIN,"MILL VALLEY",-122.53007507324219,37.897445678710938
9828954,2025,2025-06-25,2105,2025-05-26,1227,MV6254,90001,1,5,3,2105,0,0,0,,0,MV2,"CAMINO ALTO","SYCAMORE AV",258.00,S,N,A,-,N,,,,,,,,,,N,2,0,1,2,A,-,03,22350,,N,H,A,A,A,H,-,A,A,0,,Y,,,Y,,M,91,1,0,0,0,0,0,1,0,0,"- ","- ",,,MARIN,"MILL VALLEY",-122.53014373779297,37.895961761474609
9828988,2025,2025-07-31,2105,2025-05-06,1539,MV6258,90003,2,5,3,2105,0,0,0,,0,MV2,"CAMINO ALTO","MILLER AV",512.00,N,N,A,-,N,,,,,,,,,,N,4,0,3,2,A,-,09,21801,A,N,D,C,A,A,H,-,A,A,0,,,,,Y,,A,01,0,0,3,0,0,0,0,0,0,"- ","- ",37.894390106201172,-122.53011322021484,MARIN,"MILL VALLEY",-122.53009796142578,37.894218444824219
9829008,2025,2025-06-20,2110,2025-06-01,1422,SP5236,10000,7,5,2,2110,0,0,0,,0,SP2,BRIDGEWAY,"BEE ST",40.00,S,N,A,-,N,,,,,,,,,,N,3,0,2,3,A,-,08,22107,,N,C,G,A,A,A,-,A,D,0,,Y,,,Y,,A,01,0,2,0,0,0,0,2,0,0,"- ","- ",,,MARIN,SAUSALITO,-122.48838806152344,37.860755920410156
9829318,2025,2025-06-26,2106,2025-04-23,1345,517,,3,5,4,2106,0,0,0,,0,,"SAN MARIN DR","SIMMONS LN",140.00,W,N,A,-,N,,,,,,,,,,N,3,0,1,2,A,-,03,22350,,N,C,G,A,A,H,-,A,D,0,,Y,,,Y,Y,L,04,0,1,0,0,0,0,1,0,0,"- ","- ",38.121170043945312,-122.58467102050781,MARIN,NOVATO,-122.58521270751953,38.121784210205078
9829927,2025,2025-07-14,2106,2025-06-09,1909,531,HWY37,1,5,4,2106,0,0,0,,0,NP3,"RT 37","ATHERTON AV",2887.00,W,N,A,-,Y,MRN,4,37,-,-,13.220,H,-,E,Y,3,0,1,1,A,-,03,22350,,N,H,J,A,A,H,-,A,D,0,,,Y,,Y,,C,02,0,1,0,0,0,0,0,0,1,"- ","- ",,,MARIN,NOVATO,-122.51895904541016,38.099376678466797
9830780,2025,2025-07-07,2106,2025-06-12,1743,464,N211,4,5,4,2106,0,0,0,,0,NP2,"SAN MARIN DR","REDWOOD BL",0.00,,Y,A,-,N,,,,,,,,,,N,4,0,1,2,A,-,21,22106,,N,D,G,A,A,H,-,A,A,0,,Y,,,Y,,A,07,0,0,1,0,0,0,1,0,0,"- ","- ",38.117618560791016,-122.56704711914062,MARIN,NOVATO,-122.56702423095703,38.118328094482422
9830781,2025,2025-07-07,2106,2025-06-13,1701,464,N101,5,5,4,2106,0,0,0,,0,NP1,"SIMMONS LN","BENTON LN",43.00,N,N,A,-,N,,,,,,,,,,N,4,0,1,2,A,-,21,22106,,N,H,D,A,A,H,-,A,D,0,,,,,Y,,A,07,0,0,1,0,0,0,0,0,0,"- ","- ",38.115100860595703,-122.58689117431641,MARIN,NOVATO,-122.58676910400391,38.115581512451172
9830792,2025,2025-07-07,2106,2025-05-08,1431,524,N214,4,5,4,2106,0,0,0,,0,NP2,"DE LONG AV","REICHERT AV",235.00,W,N,A,-,N,,,,,,,,,,N,4,0,1,2,A,-,21,22106,,N,C,C,A,A,H,-,A,A,0,,,,,Y,,A,01,0,0,1,0,0,0,0,0,0,"- ","- ",38.105518341064453,-122.56655120849609,MARIN,NOVATO,-122.56749725341797,38.105728149414062
9830793,2025,2025-07-07,2106,2025-05-20,1453,386,,2,5,4,2106,0,0,0,,0,,"WILSON AV","VINEYARD RD",100.00,N,N,A,-,N,,,,,,,,,,N,3,0,2,2,A,-,08,22107,,N,B,G,A,A,H,-,A,D,0,,Y,,,Y,,A,08,0,2,0,0,0,0,2,0,0,"- ","- ",38.105491638183594,-122.59561157226562,MARIN,NOVATO,-122.59506225585938,38.105976104736328
9830794,2025,2025-07-07,2106,2025-05-24,"912 ",420,N429,6,5,4,2106,0,0,0,,0,NP24,"REDWOOD BL","DE LONG AV",0.00,,Y,A,-,N,,,,,,,,,,N,4,0,1,2,A,-,17,21451,A,N,B,C,A,A,H,-,A,A,0,,,Y,,Y,,M,94,0,0,1,0,0,0,0,0,0,"- ","- ",38.104900360107422,-122.57077026367188,MARIN,NOVATO,-122.57093048095703,38.10491943359375
9830795,2025,2025-07-07,2106,2025-05-28,1408,467,N429,3,5,4,2106,0,0,0,,0,NP4,"REDWOOD BL","DE LONG AV",92.00,N,N,A,-,N,,,,,,,,,,N,4,0,1,2,A,-,03,22350,,F,C,C,A,A,H,-,A,A,0,,,,,Y,,A,01,0,0,1,0,0,0,0,0,0,"- ","- ",38.104900360107422,-122.57077026367188,MARIN,NOVATO,-122.57093811035156,38.105171203613281
9831095,2025,2025-07-09,2110,2025-06-27,1146,SP5294,10000,5,5,2,2110,0,0,0,,0,SP1,BRIDGEWAY,"PINE ST",0.00,,Y,A,-,N,,,,,,,,,,N,3,0,1,2,A,-,17,21209,,N,B,-,A,A,H,-,A,D,0,,Y,,,Y,,A,01,0,1,0,0,0,0,1,0,0,"- ","- ",,,MARIN,SAUSALITO,-122.48490905761719,37.859138488769531
9831102,2025,2025-07-16,2103,2025-05-25,2210,093,EAST,7,5,2,2103,0,0,0,,0,PAT,"SIR FRANCIS DRAKE BL","PASTORI AV",212.00,E,N,A,-,N,,,,,,,,,,N,4,0,1,5,A,-,01,23152,,N,B,E,A,A,H,-,C,D,0,,,,,Y,Y,A,01,0,0,1,0,0,0,0,0,0,"- ","- ",37.986469268798828,-122.58159637451172,MARIN,FAIRFAX,-122.58171844482422,37.986652374267578
9831142,2025,2025-07-08,2103,2025-04-15,1530,177,DOMIN,2,5,2,2103,0,0,0,,0,PAT,"CENTER BL","PACHECO AV",40.00,E,N,A,-,N,,,,,,,,,,N,3,0,1,3,A,-,03,22350,,N,C,C,A,A,H,-,A,A,0,,,,,Y,,A,01,0,1,0,0,0,0,0,0,0,"- ","- ",37.986888885498047,-122.58724975585938,MARIN,FAIRFAX,-122.58708953857422,37.98687744140625
9831214,2025,2025-07-10,2103,2025-05-31,1258,188,DNTN,6,5,2,2103,0,0,0,,0,PAT,"SIR FRANCIS DRAKE BL","AZALEA AV",7.00,E,N,A,-,N,,,,,,,,,,N,3,0,1,2,A,-,08,22107,,N,D,G,A,A,H,-,A,D,0,,Y,,,Y,,A,01,0,1,0,0,0,0,1,0,0,"- ","- ",37.988998413085938,-122.59100341796875,MARIN,FAIRFAX,-122.59123992919922,37.989051818847656
9831215,2025,2025-07-10,2103,2025-05-25,1505,188,WEST,7,5,2,2103,0,0,0,,0,PAT,"SIR FRANCIS DRAKE BL","OAK MANOR DR",960.00,W,N,A,-,N,,,,,,,,,,N,3,0,1,2,A,-,08,22107,,N,H,G,A,A,H,-,A,D,0,,Y,,,Y,,A,01,0,1,0,0,0,0,1,0,0,"- ","- ",37.995998382568359,-122.59799957275391,MARIN,FAIRFAX,-122.59871673583984,37.996845245361328
9831216,2025,2025-07-10,2103,2025-05-15,1516,188,WEST,4,5,2,2103,0,0,0,,0,PAT,"SIR FRANCIS DRAKE BL","OLEMA RD",35.00,E,N,A,-,N,,,,,,,,,,N,3,0,1,2,A,-,09,21804,A,N,C,G,A,A,H,-,A,A,0,,Y,,,Y,,L,04,0,1,0,0,0,0,1,0,0,"- ","- ",38.000301361083984,-122.60399627685547,MARIN,FAIRFAX,-122.60448455810547,38.000350952148438
9831217,2025,2025-07-10,2103,2025-05-31,"653 ",188,WILLO,6,5,2,2103,0,0,0,,0,PAT`,"SIR FRANCIS DRAKE BL","WILLOW AV",570.00,W,N,A,-,N,,,,,,,,,,Y,3,0,1,1,A,-,08,22107,,N,E,I,A,A,H,-,A,D,0,,,,,Y,,A,01,0,1,0,0,0,0,0,0,0,"- ","- ",37.986000061035156,-122.58200073242188,MARIN,FAIRFAX,-122.58428955078125,37.986732482910156
9833357,2024,2025-01-16,2106,2024-12-12,1734,521,,4,5,4,2106,0,0,0,,0,NP4,"SOUTH NOVATO BL","ROWLAND BL",349.00,N,N,C,-,N,,,,,,,,,,Y,4,0,3,3,A,-,04,21703,,N,C,C,A,B,H,-,C,A,0,,,,,Y,,A,07,0,0,3,0,0,0,0,0,0,"- ","- ",38.087181091308594,-122.56601715087891,MARIN,NOVATO,-122.56569671630859,38.08880615234375
9833367,2025,2025-07-25,2106,2025-07-05,1041,420,N105,6,5,4,2106,0,0,0,,0,NP1,"CENTER RD","EUCALYPTUS AV",381.00,W,N,A,-,N,,,,,,,,,,N,4,0,1,3,A,-,03,22350,,N,B,E,F,A,H,-,A,D,0,Y,,,,Y,,A,01,0,0,1,0,1,0,0,0,0,"- ","- ",38.110641479492188,-122.60481262207031,MARIN,NOVATO,-122.60587310791016,38.110980987548828
9833369,2025,2025-07-18,2106,2025-06-26,1845,518,N306,4,5,4,2106,0,0,0,,0,NP3,"COMMERCIAL BL","BEL MARIN KEYS BL",884.00,E,N,A,-,N,,,,,,,,,,N,4,0,1,2,A,-,03,22350,,N,H,C,A,A,H,-,A,D,0,,,,,Y,,A,01,0,0,1,0,0,0,0,0,0,"- ","- ",38.067169189453125,-122.53711700439453,MARIN,NOVATO,-122.53264617919922,38.068592071533203
9833370,2025,2025-07-18,2106,2025-06-25,2205,512,N101,3,5,4,2106,0,0,0,,0,NP4,"SIMMONS LN","KRISTIN LN",0.00,,Y,A,-,N,,,,,,,,,,Y,4,0,2,2,A,-,09,21802,A,N,D,C,A,A,H,-,C,A,0,,,,,Y,,A,01,0,0,2,0,0,0,0,0,0,"- ","- ",38.114238739013672,-122.58798217773438,MARIN,NOVATO,-122.58774566650391,38.114215850830078
9833709,2025,2025-08-28,2106,2025-07-04,"906 ",488,,5,5,4,2106,0,0,0,,0,NP4,"VALLEJO AV","3RD ST",0.00,,Y,A,-,N,,,,,,,,,,Y,4,0,3,2,A,-,09,21802,A,N,D,C,A,A,H,-,A,D,0,,,,,Y,,A,07,0,0,3,0,0,0,0,0,0,"- ","- ",38.1102294921875,-122.57270050048828,MARIN,NOVATO,-122.57289123535156,38.1102294921875
9845257,2024,2024-12-31,2106,2024-11-12,1724,521,,2,5,4,2106,0,0,0,,0,NP4,"SUNSET PKWY","DENLYN ST",0.00,,Y,A,-,N,,,,,,,,,,N,4,0,1,2,A,-,12,22450,A,N,D,G,A,A,H,-,A,A,0,,Y,,,Y,,L,04,0,0,1,0,0,0,1,0,0,"- ","- ",38.081439971923828,-122.56501007080078,MARIN,NOVATO,-122.56396484375,38.082267761230469
9846057,2024,2024-12-31,2105,2024-11-05,1534,MV6257,90002,2,5,3,2105,0,0,0,,0,MV2,"BLITHEDALE AV","LOMITA DR",265.00,S,N,A,-,N,,,,,,,,,,N,3,0,1,2,A,-,05,21650,,N,D,G,A,A,H,-,A,D,0,,Y,,,Y,,L,04,0,1,0,0,0,0,1,0,0,"- ","- ",,,MARIN,"MILL VALLEY",-122.52732086181641,37.900447845458984
9866130,2025,2025-08-13,2104,2025-06-24,1159,045,1B,2,5,3,2104,0,0,0,,0,002,"S ELISEO DR","VIA BELARDO",267.00,W,N,A,-,N,,,,,,,,,,N,3,0,1,2,A,-,09,21804,A,N,H,G,A,A,H,-,A,D,0,,Y,,,Y,,A,01,0,1,0,0,0,0,1,0,0,"- ","- ",37.944869995117188,-122.53015899658203,MARIN,LARKSPUR,-122.53007507324219,37.945064544677734
9866131,2025,2025-08-13,2104,2025-06-14,1019,111,,6,5,3,2104,0,0,0,,0,LK2,"EAST SIR FRANCIS DRAKE BL","LARKSPUR LANDING CIR",0.00,,Y,A,-,N,,,,,,,,,,Y,3,0,1,3,A,-,08,22107,,N,B,C,A,A,H,-,A,D,0,,,,Y,Y,,A,07,0,1,0,0,0,0,0,0,0,"- ","- ",37.946140289306641,-122.50804901123047,MARIN,LARKSPUR,-122.51152801513672,37.945774078369141
9866133,2025,2025-08-14,2108,2025-07-07,1851,175,,1,5,3,2108,0,0,0,,0,SA3,"OAK AV","ENCINA AV",151.00,S,N,A,-,N,,,,,,,,,,Y,4,0,1,1,A,-,01,23152,A,N,E,I,A,A,H,-,A,D,0,,,,,Y,Y,A,01,0,0,1,0,0,0,0,0,0,"- ","- ",37.970340728759766,-122.57222747802734,MARIN,"SAN ANSELMO",-122.57231140136719,37.969818115234375
9866134,2025,2025-08-14,2108,2025-07-27,1340,111,,7,5,3,2108,0,0,0,,0,,"SIR FRANCIS DRAKE BL","SHAW DR",0.00,,Y,A,-,N,,,,,,,,,,N,3,0,2,2,A,-,09,21802,A,N,D,C,A,A,H,-,A,D,0,,,,,Y,,A,01,0,2,0,0,0,0,0,0,0,"- ","- ",,,MARIN,"SAN ANSELMO",-122.56513977050781,37.980037689208984
9866136,2025,2025-08-14,2108,2025-06-28,2135,078,3,6,5,3,2108,0,0,0,,0,003,"MORNINGSIDE DR","SAN ANSELMO AV",119.00,E,N,A,-,N,,,,,,,,,,Y,4,0,1,1,A,-,03,22350,,N,E,I,A,A,H,-,C,D,0,,,,,Y,,A,01,0,0,1,0,0,0,0,0,0,"- ","- ",,,MARIN,"SAN ANSELMO",-122.57624053955078,37.987110137939453
9866137,2025,2025-08-14,2104,2025-07-16,1820,163,1,3,5,3,2104,0,0,0,,0,002,"MAGNOLIA AV","DOHERTY DR",256.00,S,N,A,-,N,,,,,,,,,,N,3,0,1,2,A,-,05,21651,B,N,G,B,E,A,H,-,A,D,0,Y,,,,Y,,A,01,0,1,0,0,1,0,0,0,0,"- ","- ",37.937618255615234,-122.53505706787109,MARIN,LARKSPUR,-122.53478240966797,37.937358856201172
9866138,2025,2025-08-14,2104,2025-06-27,1501,CM149,1,5,5,3,2104,0,0,0,,0,002,"MAGNOLIA AV","BON AIR RD",0.00,,Y,A,-,N,,,,,,,,,,N,3,0,1,2,A,-,03,22350,,N,C,-,A,A,H,-,A,A,0,,Y,,,Y,,L,04,0,1,0,0,0,0,1,0,0,"- ","- ",37.943038940429688,-122.54038238525391,MARIN,LARKSPUR,-122.54031372070312,37.943073272705078
9866139,2025,2025-08-15,2108,2025-07-03,"930 ",178,,4,5,3,2108,0,0,0,,0,SA3,"SIR FRANCIS DRAKE BL","MADRONE AV",86.00,N,N,A,-,N,,,,,,,,,,N,3,0,1,2,A,-,03,22350,,N,C,C,A,A,H,-,A,A,0,,,,,Y,,A,07,0,1,0,0,0,0,0,0,0,"- ","- ",37.978759765625,-122.56417083740234,MARIN,"SAN ANSELMO",-122.56428527832031,37.979015350341797
9867634,2025,2025-08-22,2106,2025-07-15,1353,467,N214,2,5,4,2106,0,0,0,,0,NP2,"REICHERT AV","DE LONG AV",0.00,,Y,A,-,N,,,,,,,,,,Y,3,0,3,2,A,-,09,21801,A,N,A,C,A,A,H,-,A,A,0,,,,,Y,,A,07,0,2,1,0,0,0,0,0,0,"- ","- ",38.105518341064453,-122.56655120849609,MARIN,NOVATO,-122.56669616699219,38.105587005615234
9867635,2025,2025-08-22,2106,2025-07-26,2116,518,N401,6,5,4,2106,0,0,0,,0,NP4,"LEAFWOOD DR","SUNSET PKWY",396.00,N,N,A,-,N,,,,,,,,,,Y,2,0,1,4,A,-,01,23152,B,N,B,E,A,A,H,-,C,D,0,,,,,Y,Y,A,01,1,0,0,0,0,0,0,0,0,"- ","- ",38.086910247802734,-122.55992126464844,MARIN,NOVATO,-122.56098937988281,38.087779998779297
9868141,2025,2025-08-26,2106,2025-07-28,1026,488,N401,1,5,4,2106,0,0,0,,0,NP4,"TERRY CIR","STONE DR",600.00,N,N,A,-,N,,,,,,,,,,Y,4,0,1,3,A,-,03,22350,,N,B,E,A,A,H,-,A,D,0,,,,,Y,,A,07,0,0,1,0,0,0,0,0,0,"- ","- ",38.077400207519531,-122.55838012695312,MARIN,NOVATO,-122.55997467041016,38.078639984130859
9868227,2025,2025-08-14,2111,2025-07-20,1854,7355,02111,7,5,2,2111,0,0,0,,0,TP2,"TIBURON BL","REED RANCH RD",0.00,,Y,A,-,Y,,,,,,,,,,Y,3,0,3,2,A,-,03,22350,,N,C,C,A,A,H,-,A,D,0,,,,,Y,,A,01,0,3,0,0,0,0,0,0,0,"- ","- ",37.895000457763672,-122.49099731445312,MARIN,TIBURON,-122.49189758300781,37.895957946777344
9870999,2025,2025-08-11,2105,2025-07-01,1759,MV6254,90000,2,5,3,2105,0,0,0,,0,MV1,"THROCKMORTON AV","ETHEL AV",0.00,,Y,A,-,N,,,,,,,,,,N,3,0,1,2,A,-,08,22107,,N,D,G,A,A,H,-,A,A,0,,Y,,,Y,,A,01,0,1,0,0,0,0,1,0,0,"- ","- ",,,MARIN,"MILL VALLEY",-122.55067443847656,37.905067443847656
9871000,2025,2025-08-11,2105,2025-07-02,1349,MV6234,90001,3,5,3,2105,0,0,0,,0,MV2,"MOLINO AV","SUNRISE AV",70.00,W,N,A,-,N,,,,,,,,,,N,3,0,1,2,A,-,03,22350,,N,C,G,A,A,H,-,A,D,0,,Y,,,Y,,L,04,0,1,0,0,0,0,1,0,0,"- ","- ",,,MARIN,"MILL VALLEY",-122.54022216796875,37.898406982421875
9871001,2025,2025-08-14,2105,2025-07-13,2106,MV6254,90000,7,5,3,2105,0,0,0,,0,MV2,"SYCAMORE DR","AMICITA AV",44.00,W,N,A,-,N,,,,,,,,,,N,2,0,1,1,A,-,01,23152,,N,H,A,A,A,H,-,C,A,0,,,,,Y,Y,I,09,1,0,0,0,0,0,0,0,0,"- ","- ",,,MARIN,"MILL VALLEY",-122.53458404541016,37.898334503173828
9872817,2025,2025-09-02,2110,2025-08-21,1058,SP5294,10000,4,5,2,2110,0,0,0,,0,SP2,BRIDGEWAY,"BRIDGEWAY 1201",0.00,,N,A,-,N,,,,,,,,,,N,3,0,1,2,A,-,17,22517,,N,H,G,A,A,H,-,A,D,0,,Y,,,Y,,A,01,0,1,0,0,0,0,1,0,0,"- ","- ",,,MARIN,SAUSALITO,-122.50570678710938,37.872604370117188
9873821,2025,2025-09-17,2107,2025-07-16,1756,R041,,3,5,1,2107,0,0,0,,0,,"SIR FRANCIS DRAKE BL","LAGUNITAS RD",0.00,,Y,A,-,N,,,,,,,,,,N,4,0,1,2,A,-,04,21703,,M,C,C,A,A,H,-,A,A,0,,,,,Y,,-,,0,0,1,0,0,0,0,0,0,"- ","- ",37.963100433349609,-122.55655670166016,MARIN,ROSS,-122.55583190917969,37.962547302246094
9874334,2025,2025-10-06,2106,2025-09-09,"858 ",467,N419,2,5,4,2106,0,0,0,,0,NP4,"NAVE DR","NORTH HAMILTON PKY",770.00,N,N,B,-,N,,,,,,,,,,N,4,0,1,2,A,-,03,22350,,N,C,C,A,A,H,-,A,A,0,,,,,Y,,A,01,0,0,1,0,0,0,0,0,0,"- ","- ",38.061088562011719,-122.531982421875,MARIN,NOVATO,-122.53361511230469,38.062557220458984
9874472,2025,2025-10-06,2106,2025-09-17,"812 ",467,N114,3,5,4,2106,0,0,0,,0,NP1,"SAN MARIN DR","NOVATO BL",0.00,,Y,A,-,N,,,,,,,,,,N,3,0,1,2,A,-,09,21802,A,N,H,G,A,A,H,-,A,A,0,,Y,,,Y,,A,01,0,1,0,0,0,0,1,0,0,"- ","- ",38.117908477783203,-122.60971832275391,MARIN,NOVATO,-122.60973358154297,38.117881774902344
9874473,2025,2025-10-06,2106,2025-09-11,1514,534,,4,5,4,2106,0,0,0,,0,NP3,"ALAMEDA DEL PRADO","CLAY CT",568.00,N,N,A,-,N,,,,,,,,,,N,4,0,1,2,A,-,07,21658,A,N,B,C,A,A,H,-,A,D,0,,,,,Y,,A,01,0,0,1,0,0,0,0,0,0,"- ","- ",38.048210144042969,-122.53330993652344,MARIN,NOVATO,-122.53273773193359,38.049762725830078
9874479,2025,2025-10-06,2103,2025-09-12,2145,171,DNTN,5,5,2,2103,0,0,0,,0,PAT,"SIR FRANCIS DRAKE BL","AZALEA AV",0.00,,Y,A,-,N,,,,,,,,,,N,2,0,1,2,A,-,10,21950,A,N,G,B,B,A,H,-,C,D,0,Y,,,,Y,Y,A,01,1,0,0,0,1,0,0,0,0,"- ","- ",37.989128112792969,-122.59129333496094,MARIN,FAIRFAX,-122.59124755859375,37.989070892333984